{
    "observations": {
        "x": [
            708,
            754,
            778,
            799,
            814,
            833,
            851,
            862,
            869,
            916,
            950,
            970,
            985,
            994,
            996,
            1008,
            1013,
            1022,
            1032,
            1033,
            1042,
            1050,
            1055,
            1068,
            1087,
            1082,
            1092,
            1102,
            1110,
            1106,
            1106
        ],
        "y": [
            683,
            646,
            629,
            610,
            590,
            569,
            554,
            542,
            520,
            486,
            467,
            424,
            415,
            407,
            389,
            382,
            379,
            368,
            364,
            356,
            350,
            349,
            320,
            319,
            298,
            290,
            289,
            278,
            270,
            260,
            246
        ],
        "r": [
            61,
            56,
            55,
            56,
            52,
            50,
            51,
            43,
            39,
            20,
            28,
            37,
            36,
            36,
            27,
            34,
            34,
            30,
            31,
            31,
            31,
            23,
            18,
            27,
            25,
            29,
            22,
            22,
            20,
            23,
            24
        ],
        "f": [
            98,
            100,
            101,
            102,
            103,
            104,
            105,
            106,
            107,
            109,
            113,
            116,
            117,
            118,
            120,
            121,
            122,
            123,
            124,
            125,
            126,
            128,
            129,
            132,
            137,
            138,
            139,
            142,
            145,
            147,
            153
        ]
    },
    "estimations": {
        "x": [
            708.7812135411097,
            732.7788015837016,
            755.323693473964,
            776.4940110948346,
            796.3654854824878,
            815.0114568263346,
            832.5028744690228,
            848.9082969064372,
            864.2938917876993,
            878.7234359151672,
            892.2583152444363,
            904.957524884338,
            916.8776690969412,
            928.0729612975512,
            938.5952240547101,
            948.4938890901972,
            957.8159972790278,
            966.6061986494548,
            974.9067523829672,
            982.7575268142915,
            990.1959994313903,
            997.2572568754636,
            1003.9739949409473,
            1010.3765185755151,
            1016.4927418800769,
            1022.3481881087797,
            1027.9659896690068,
            1033.3668881213787,
            1038.569234179753,
            1043.588987711223,
            1048.4397177361197,
            1053.1326024280106,
            1057.6764291137004,
            1062.0775942732298,
            1066.3401035398765,
            1070.465571700156,
            1074.4532226938186,
            1078.2998896138538,
            1082.0000147064857,
            1085.5456493711758,
            1088.926454160624,
            1092.129698780765,
            1095.1402620907706,
            1097.9406321030506,
            1100.5109059832498,
            1102.828790050251,
            1104.8695997761738,
            1106.6062597863747,
            1108.009303859445,
            1109.0468749272168,
            1109.684725074755,
            1109.8862155403622,
            1109.6123167155793,
            1108.8216081451837,
            1107.470278527187
        ],
        "y": [
            686.4317270648244,
            664.8223007474387,
            644.253871925296,
            624.6815141321408,
            606.0614194326103,
            588.3508984222343,
            571.5083802274354,
            555.4934125055288,
            540.2666614447221,
            525.789911764116,
            512.0260667137035,
            498.9391480743702,
            486.4942961578947,
            474.65776980694807,
            463.39694639509383,
            452.6803218267885,
            442.4775105373809,
            432.75924549311276,
            423.49737819111846,
            414.6648786594248,
            406.23583545695146,
            398.18545567351055,
            390.4900649298071,
            383.12710737743856,
            376.075145698895,
            369.31386110755966,
            362.8240533477076,
            356.587640694507,
            350.58765995401865,
            344.8082664631961,
            339.2347340898855,
            333.85345523282535,
            328.65194082164703,
            323.6188203168746,
            318.74384170992494,
            314.01787152310703,
            309.432894809623,
            304.98201515356754,
            300.65945466992775,
            296.4605540045834,
            292.38177233430747,
            288.4206873667649,
            284.5759953405134,
            280.84751102500377,
            277.2361677205788,
            273.74401725847474,
            270.37423000082003,
            267.1310948406351,
            264.02001920183443,
            261.0475290392242,
            258.2212688385034,
            255.55000161626367,
            253.0436089199893,
            250.71309082805737,
            248.57056594973687
        ],
        "r": [
            68.23152156051844,
            60.067161019343615,
            55.291316260388854,
            51.902800478168786,
            49.274463443174824,
            47.12695571921403,
            45.311263809798405,
            43.73843993699396,
            42.35111096025927,
            41.110102901999994,
            39.98747455842353,
            38.9625951780392,
            38.01979754073121,
            37.14690326862358,
            36.33425814304523,
            35.57407939581913,
            34.86000122589582,
            34.18675041908445,
            33.54990978798873,
            32.945742360825164,
            32.37105850966882,
            31.8231140172487,
            31.299530820926947,
            30.798234636864372,
            30.317405325831203,
            29.85543699955638,
            29.410905660129686,
            28.982542727448752,
            28.569213214121667,
            28.169897601870403,
            27.783676690761922,
            27.409718854644304,
            27.047269258293944,
            26.695640684720992,
            26.354205692454784,
            26.022389877909617,
            25.699666061087044,
            25.38554924681391,
            25.079592240601627,
            24.781381819650342,
            24.490535376722463,
            24.20669796849399,
            23.92953971126093,
            23.658753476073876,
            23.39405284291565,
            23.135170279752117,
            22.881855517431944,
            22.633874095689542,
            22.39100605907837,
            22.153044784656373,
            21.919795925766238,
            21.691076458381552,
            21.46671381829448,
            21.246545118954856,
            21.030416441079907
        ],