{
    "observations": {
        "x": [
            580,
            620,
            642,
            677,
            709,
            733,
            751,
            776,
            794,
            815,
            833,
            853,
            864,
            870,
            892,
            899,
            929,
            949,
            968,
            968,
            985,
            990,
            1016,
            1033,
            1042,
            1043,
            1050,
            1055,
            1067,
            1088,
            1082,
            1081,
            1110
        ],
        "y": [
            756,
            752,
            724,
            701,
            689,
            674,
            643,
            628,
            607,
            592,
            570,
            556,
            540,
            521,
            508,
            494,
            491,
            450,
            430,
            424,
            415,
            408,
            378,
            356,
            349,
            346,
            340,
            322,
            320,
            300,
            290,
            284,
            270
        ],
        "r": [
            76,
            67,
            73,
            65,
            64,
            63,
            52,
            55,
            54,
            52,
            50,
            54,
            49,
            44,
            44,
            41,
            28,
            40,
            37,
            37,
            36,
            35,
            32,
            31,
            33,
            29,
            27,
            18,
            27,
            23,
            29,
            23,
            21
        ],
        "f": [
            94,
            95,
            96,
            97,
            98,
            99,
            100,
            101,
            102,
            103,
            104,
            105,
            106,
            107,
            108,
            109,
            110,
            113,
            115,
            116,
            117,
            118,
            122,
            125,
            126,
            127,
            128,
            129,
            132,
            137,
            138,
            141,
            145
        ]
    },
    "estimations": {
        "x": [
            584.7007158655827,
            617.1655638674245,
            647.6625464664971,
            676.2900569398498,
            703.1437751740534,
            728.3166676652011,
            751.8989875189076,
            773.9782744503099,
            794.6393547840667,
            813.9643414543589,
            832.0326340048888,
            848.9209185888814,
            864.7031679690828,
            879.4506415177616,
            893.2318852167083,
            906.1127316572351,
            918.1563000401762,
            929.4229961758879,
            939.970512484248,
            949.8538279946572,
            959.1252083460366,
            967.8342057868306,
            976.0276591750052,
            983.7496939780475,
            991.0417222729677,
            997.9424427462972,
            1004.48784069409,
            1010.7111880219212,
            1016.6430432448881,
            1022.3112514876101,
            1027.7409444842292,
            1032.9545405784072,
            1037.9717447233306,
            1042.8095484817059,
            1047.482230025762,
            1052.0013541372502,
            1056.375772207443,
            1060.6116222371354,
            1064.7123288366442,
            1068.6786032258085,
            1072.5084432339877,
            1076.1971333000654,
            1079.7372444724458,
            1083.118634409055,
            1086.3284473773417,
            1089.351114254276,
            1092.16835252635,
            1094.7591662895777,
            1097.0998462494952,
            1099.163969721161,
            1100.9224006291545
        ],
        "y": [
            768.8279389531864,
            746.0599038588888,
            724.0338396854972,
            702.7400473308581,
            682.1684931980226,
            662.3088091952461,
            643.1502927359883,
            624.6819067389132,
            606.8922796278891,
            589.7697053319891,
            573.30214328549,
            557.4772184278734,
            542.282221203825,
            527.704107563235,
            513.7294989611978,
            500.3446823580125,
            487.5356102191821,
            475.2879005154141,
            463.58683672262066,
            452.41736782191765,
            441.76410829962595,
            431.61133814727043,
            421.94300286158034,
            412.7427134444893,
            403.9937464031352,
            395.6790437498606,
            387.7812130022121,
            380.28252718294067,
            373.1649248200016,
            366.41000994655485,
            359.9990521009644,
            353.91298632679855,
            348.1324131728302,
            342.63759869303635,
            337.4084744465988,
            332.4246374979029,
            327.66535041653924,
            323.1095412773019,
            318.7358036601901,
            314.5223966504069,
            310.44724483836,
            306.487938319661,
            302.6217326951265,
            298.8255490707767,
            295.075974057837,
            291.3492597727369,
            287.621323837109,
            283.86774937779205,
            280.06378502682855,
            276.1843449214649,
            272.20400870415233
        ],
        "r": [
            85.15842156911648,
            74.2693873752683,
            67.89971070279668,
            63.38035318142012,
            59.874867148231225,
            57.01067650894851,
            54.58903782856323,
            52.49131898757193,
            50.64099983647689,
            48.985832954383035,
            47.48855238249538,
            46.12164231510032,
            44.86420694600419,
            43.700003634715046,
            42.61615628191142,
            41.60228479372375,
            40.649898924657684,
            39.751965642628704,
            38.902593622240786,
            38.09679876053485,
            37.330326962243426,
            36.59951818864719,
            35.90120075162089,
            35.23260812125213,
            34.591312727345965,
            33.975172752156006,
            33.38228897015709,
            32.810969440866856,
            32.25970040010772,
            31.72712208806324,
            31.21200854227728,
            30.713250599875558,
            30.229841516175583,
            29.760864730809494,
            29.30548340767797,
            28.86293144878052,
            28.43250573952534,
            28.013559428392604,
            27.605496079684393,
            27.20776456668667,
            26.81985459551028,
            26.441292768395243,
            26.071639110292104,
            25.710483994799013,
            25.357445415591627,
            25.0121665577727,
            24.674313630430767,
            24.343573927403945,
            24.019654088009972,
            23.702278533497775,
            23.39118805833788
        ],