{
    "observations": {
        "x": [
            966,
            986,
            1000,
            1028,
            1021,
            1038,
            1046,
            1054,
            1067,
            1074,
            1081,
            1093,
            1094,
            1104,
            1114,
            1123,
            1123,
            1129,
            1146,
            1151,
            1150,
            1156,
            1159,
            1169,
            1169,
            1171,
            1175,
            1178,
            1178,
            1184,
            1188,
            1193
        ],
        "y": [
            655,
            638,
            628,
            611,
            606,
            589,
            562,
            546,
            544,
            520,
            512,
            499,
            487,
            476,
            468,
            461,
            449,
            440,
            428,
            422,
            404,
            402,
            396,
            392,
            383,
            378,
            374,
            374,
            362,
            359,
            360,
            353
        ],
        "r": [
            34,
            34,
            36,
            43,
            19,
            21,
            31,
            30,
            21,
            28,
            34,
            27,
            26,
            24,
            24,
            23,
            23,
            21,
            21,
            20,
            20,
            19,
            19,
            18,
            17,
            17,
            17,
            16,
            17,
            16,
            15,
            15
        ],
        "f": [
            88,
            89,
            90,
            91,
            92,
            93,
            94,
            95,
            96,
            97,
            98,
            99,
            100,
            101,
            102,
            103,
            104,
            105,
            107,
            108,
            110,
            111,
            112,
            113,
            114,
            115,
            116,
            117,
            118,
            119,
            120,
            121
        ]
    },
    "estimations": {
        "x": [
            972.3424988035113,
            986.4738552687595,
            999.8768805445579,
            1012.5766802546459,
            1024.5983600227628,
            1035.967025472648,
            1046.7077822280407,
            1056.8457359126805,
            1066.4059921503067,
            1075.4136565646586,
            1083.8938347794756,
            1091.871632418497,
            1099.3721551054623,
            1106.4205084641108,
            1113.0417981181818,
            1119.2611296914147,
            1125.1036088075489,
            1130.5943410903237,
            1135.7584321634786,
            1140.6209876507528,
            1145.2071131758858,
            1149.5419143626168,
            1153.6504968346853,
            1157.5579662158307,
            1161.2894281297922,
            1164.8699882003093,
            1168.3247520511213,
            1171.6788253059676,
            1174.9573135885876,
            1178.1853225227205,
            1181.3879577321059,
            1184.590324840483,
            1187.8175294715911
        ],
        "y": [
            660.9965508347377,
            643.2569345021711,
            626.2061405386921,
            609.8286663332092,
            594.1090092746308,
            579.0316667518655,
            564.5811361538217,
            550.741914869408,
            537.4985002875328,
            524.8353897971047,
            512.737080787032,
            501.1880706462234,
            490.17285676358733,
            479.67593652803043,
            469.6818073284667,
            460.1749665538009,
            451.139911592938,
            442.5611398347901,
            434.4231486682693,
            426.71043548228045,
            419.40749766572844,
            412.4988326075254,
            405.96893769658345,
            399.80231032180745,
            393.98344787210226,
            388.49684773638,
            383.3270073035528,
            378.45842396252556,
            373.8755951022031,
            369.5630181114975,
            365.505190379321,
            361.6866092945784,
            358.0917722461745
        ],
        "r": [
            34.20424658554711,
            33.34738205311021,
            32.50808510565804,
            31.68635574319063,
            30.882193965707984,
            30.09559977321007,
            29.326573165696885,
            28.575114143168435,
            27.841222705624745,
            27.124898853065787,
            26.42614258549159,
            25.744953902902125,
            25.08133280529742,
            24.43527929267745,
            23.80679336504224,
            23.19587502239176,
            22.602524264726014,
            22.026741092045,
            21.468525504348747,
            20.927877501637283,
            20.404797083910495,
            19.899284251168496,
            19.4113390034112,
            18.940961340638665,
            18.48815126285089,
            18.05290877004785,
            17.63523386222954,
            17.235126539395992,
            16.852586801547176,
            16.487614648683092,
            16.14021008080377,
            15.810373097909178,
            15.498103699999405
        ],
        "f": [
            88,
            89,
            90,
            91,
            92,
            93,
            94,
            95,
            96,
            97,
            98,
            99,
            100,
            101,
            102,
            103,
            104,
            105,
            106,
            107,
            108,
            109,
            110,
            111,
            112,
            113,
            114,
            115,
            116,
            117,
            118,
            119,
            120
        ]
    }
}