{
    "observations": {
        "x": [
            966,
            988,
            997,
            1015,
            1024,
            1036,
            1048,
            1057,
            1069,
            1073,
            1082,
            1093,
            1109,
            1114,
            1123,
            1129,
            1130,
            1138,
            1141,
            1148,
            1152,
            1159,
            1159,
            1165,
            1169,
            1170,
            1175,
            1178
        ],
        "y": [
            653,
            642,
            630,
            625,
            607,
            586,
            569,
            546,
            532,
            518,
            514,
            502,
            479,
            468,
            461,
            452,
            442,
            427,
            419,
            412,
            407,
            401,
            396,
            390,
            383,
            380,
            373,
            367
        ],
        "r": [
            34,
            39,
            37,
            23,
            23,
            29,
            31,
            30,
            28,
            28,
            24,
            30,
            24,
            25,
            25,
            24,
            22,
            22,
            23,
            21,
            20,
            19,
            19,
            19,
            18,
            18,
            17,
            17
        ],
        "f": [
            88,
            89,
            90,
            91,
            92,
            93,
            94,
            95,
            96,
            97,
            98,
            99,
            101,
            102,
            103,
            104,
            105,
            107,
            108,
            109,
            110,
            111,
            112,
            113,
            114,
            115,
            116,
            117
        ]
    },
    "estimations": {
        "x": [
            969.0461977640798,
            984.2154374672273,
            998.4964577417605,
            1011.9255587209796,
            1024.5389298300436,
            1036.3726497859714,
            1047.4626865976409,
            1057.8448975657898,
            1067.5550292830148,
            1076.6287176337726,
            1085.101487794378,
            1093.0087542330068,
            1100.3858207096928,
            1107.26788027633,
            1113.6900152766716,
            1119.6871973463299,
            1125.294287412777,
            1130.5460356953442,
            1135.477081705222,
            1140.1219542454605,
            1144.5150714109693,
            1148.6907405885167,
            1152.6831584567315,
            1156.5264109861007,
            1160.2544734389717,
            1163.9012103695504,
            1167.500375623903,
            1171.085612339954,
            1174.6904529474884
        ],
        "y": [
            658.4015415402055,
            644.0602767993101,
            629.2614709030554,
            614.1867684222095,
            599.0028561290944,
            583.8614629975858,
            568.899360203113,
            554.238361122659,
            539.9853213347603,
            526.2321386195074,
            513.0557529585442,
            500.5181465350682,
            488.6663437338308,
            477.532411141137,
            467.1334575448454,
            457.47163393436824,
            448.53413350067154,
            440.29319163627486,
            432.7060859352515,
            425.71513619322843,
            419.2477044073863,
            413.2161947764593,
            407.5180537007354,
            402.03576978205615,
            396.636873823817,
            391.17393883096673,
            385.48458001000785,
            379.391454768997,
            372.7022627175436
        ],
        "r": [
            40.17654509688395,
            35.89295550369357,
            33.387216223197804,
            31.609365910503193,
            30.23035807348808,
            29.103626630007426,
            28.150988768366208,
            27.325776317312812,
            26.59788734951166,
            25.9467684802977,
            25.357759816935474,
            24.820037036817048,
            24.325380030026427,
            23.86739917517583,
            23.441029199801935,
            23.042186724122434,
            22.667531807551615,
            22.314297756321285,
            21.980167007669923,
            21.66317888710732,
            21.361659894680063,
            21.074170223745092,
            20.799462177766213,
            20.536447443626667,
            20.284171050092212,
            20.041790436836045,
            19.808558475825517,
            19.58380958198545,
            19.36694826223884
        ],
        "f": [
            88,
            89,
            90,
            91,
            92,
            93,
            94,
            95,
            96,
            97,
            98,
            99,
            100,
            101,
            102,
            103,
            104,
            105,
            106,
            107,
            108,
            109,
            110,
            111,
            112,
            113,
            114,
            115,
            116
        ]
    }
}