{
    "observations": {
        "x": [
            623,
            652,
            680,
            710,
            737,
            756,
            770,
            793,
            809,
            832,
            847,
            886,
            900,
            919,
            930,
            938,
            959,
            964,
            971,
            979,
            983,
            998,
            1006,
            1019,
            1025,
            1027,
            1037,
            1037,
            1046,
            1070,
            1078,
            1093,
            1111
        ],
        "y": [
            744,
            716,
            704,
            686,
            667,
            643,
            619,
            601,
            583,
            563,
            547,
            503,
            487,
            467,
            456,
            446,
            430,
            430,
            419,
            413,
            402,
            389,
            380,
            370,
            358,
            349,
            346,
            335,
            332,
            310,
            296,
            277,
            247
        ],
        "r": [
            64,
            63,
            64,
            61,
            65,
            60,
            56,
            53,
            52,
            49,
            49,
            45,
            42,
            42,
            43,
            42,
            33,
            37,
            37,
            36,
            35,
            30,
            32,
            30,
            28,
            36,
            31,
            34,
            26,
            21,
            21,
            24,
            19
        ],
        "f": [
            34,
            35,
            36,
            37,
            38,
            39,
            40,
            41,
            42,
            43,
            44,
            47,
            48,
            50,
            51,
            52,
            53,
            54,
            55,
            56,
            57,
            58,
            60,
            62,
            63,
            64,
            65,
            67,
            68,
            72,
            75,
            80,
            91
        ]
    },
    "estimations": {
        "x": [
            625.9459209718556,
            654.4433237175173,
            681.2704214069944,
            706.5101121967091,
            730.2430171125967,
            752.5474800501061,
            773.4995677741992,
            793.1730699193516,
            811.6394989895521,
            828.9680903583026,
            845.2258022686186,
            860.477315833029,
            874.7850350335759,
            888.2090867218149,
            900.8073206188145,
            912.6353093151572,
            923.7463482709383,
            934.1914558157666,
            944.0193731487644,
            953.2765643385671,
            962.007216323324,
            970.2532389106966,
            978.0542647778611,
            985.4476494715059,
            992.4684714078334,
            999.1495318725594,
            1005.5213550209124,
            1011.6121878776348,
            1017.4480003369824,
            1023.0524851627241,
            1028.4470579881418,
            1033.6508573160315,
            1038.6807445187019,
            1043.5513038379759,
            1048.274842385188,
            1052.8613901411882,
            1057.3186999563386,
            1061.6522475505144,
            1065.8652315131048,
            1069.9585733030126,
            1073.9309172486528,
            1077.778630547955,
            1081.4958032683612,
            1085.074248346828,
            1088.5035015898234,
            1091.7708216733295,
            1094.861190142843,
            1097.757311413373,
            1100.4396127694408,
            1102.8862443650828,
            1105.0730792238487,
            1106.9737132388004,
            1108.5594651725132,
            1109.7993766570767,
            1110.6602121940941,
            1111.1064591546806,
            1111.100327779463
        ],
        "y": [
            749.508123377278,
            724.972205804,
            701.5522457525979,
            679.2059276067091,
            657.8918275779658,
            637.5694137059941,
            618.1990458584139,
            599.7419757308398,
            582.1603468468804,
            565.4171945581384,
            549.4764460442105,
            534.302920312688,
            519.8623281991561,
            506.12127236719397,
            493.0472473083754,
            480.608639342268,
            468.77472661643367,
            457.5156791064285,
            446.8025586158026,
            436.6073187761005,
            426.9028050468608,
            417.6627547156159,
            408.86179689789304,
            400.4754525372131,
            392.4801344050913,
            384.853147101037,
            377.5726870525539,
            370.6178425151396,
            363.968593572286,
            357.605812135479,
            351.5112619441991,
            345.66759856592046,
            340.05836939611186,
            334.66801365823574,
            329.4818624037491,
            324.4861385121029,
            319.6679566907426,
            315.0153234751074,
            310.517137228631,
            306.16318814274064,
            301.9441582368588,
            297.85162135840096,
            293.87804318277813,
            290.01678121339387,
            286.262084781647,
            282.6090950469302,
            279.0538449966307,
            275.59325944612874,
            272.2251550388005,
            268.9482402460146,
            265.7621153671355,
            262.6672725295198,
            259.6650956885196,
            256.7578606274817,
            253.94873495774596,
            251.24177811864593,
            248.64194137751156
        ],
        "r": [
            78.28192175193062,
            68.81195070018435,
            63.27237275199791,
            59.3419796484381,
            56.29332990911095,
            53.80240170025164,
            51.696351908067726,
            49.87200859669183,
            48.26282375206519,
            46.82335885736468,
            45.52120446793969,
            44.33243064850537,
            43.23886474240237,
            42.226380856321455,
            41.283780909178226,
            40.402037544945564,
            39.57376697020137,
            38.792852700318925,
            38.05417116970338,
            37.35338780561842,
            36.686802908135,
            36.051233416193426,
            35.44392097729,
            34.86245959675911,
            34.30473806629127,
            33.76889369065611,
            33.25327475213247,
            32.75640980457519,
            32.276982358139,
            31.813809857431963,
            31.365826107898762,
            30.932066493199294,
            30.51165546800697,
            30.1037959184551,
            29.707760065248046,
            29.32288164857266,
            28.948549184002317,
            28.58420011795711,
            28.22931574246965,
            27.883416753872154,
            27.546059359972197,
            27.216831856388737,
            26.895351605790708,
            26.581262364447163,
            26.274231909245515,
            25.973949925543735,
            25.68012612219087,
            25.39248854501284,
            25.11078206420482,
            24.834767014545008,
            24.56421797026865,
            24.298922638909836,
            24.038680860511818,
            23.7833037003862,
            23.53261262512001,
            23.28643875282892,
            23.044622169770655
        ],