{
    "observations": {
        "x": [
            617,
            646,
            680,
            706,
            734,
            756,
            779,
            798,
            820,
            840,
            854,
            882,
            899,
            913,
            922,
            966,
            973,
            984,
            989,
            991,
            1002,
            1014,
            1024,
            1018,
            1032,
            1043,
            1049,
            1050,
            1061,
            1069,
            1080,
            1105,
            1110
        ],
        "y": [
            762,
            736,
            702,
            686,
            673,
            646,
            624,
            604,
            589,
            563,
            545,
            512,
            499,
            490,
            473,
            432,
            419,
            412,
            402,
            392,
            388,
            370,
            364,
            354,
            350,
            343,
            341,
            332,
            325,
            313,
            286,
            268,
            259
        ],
        "r": [
            65,
            65,
            64,
            64,
            60,
            58,
            54,
            54,
            53,
            48,
            47,
            45,
            44,
            43,
            38,
            38,
            36,
            36,
            35,
            38,
            33,
            31,
            33,
            40,
            32,
            37,
            29,
            28,
            27,
            22,
            24,
            23,
            22
        ],
        "f": [
            8,
            9,
            10,
            11,
            12,
            13,
            14,
            15,
            16,
            17,
            18,
            20,
            21,
            22,
            23,
            27,
            28,
            29,
            30,
            31,
            32,
            34,
            35,
            36,
            37,
            38,
            39,
            40,
            42,
            44,
            49,
            56,
            58
        ]
    },
    "estimations": {
        "x": [
            617.3134398920406,
            648.8584777330283,
            678.3880239290862,
            706.0102075495801,
            731.8299587230034,
            755.9490086369773,
            778.4658895382506,
            799.4759347326999,
            819.0712785853294,
            837.3408565202711,
            854.3704050207846,
            870.2424616292574,
            885.0363649472041,
            898.8282546352679,
            911.6910714132188,
            923.6945570599551,
            934.9052544135027,
            945.3865073710149,
            955.1984608887732,
            964.3980609821862,
            973.0390547257905,
            981.1719902532504,
            988.8442167573579,
            996.0998844900329,
            1002.9799447623221,
            1009.5221499444015,
            1015.761053465573,
            1021.7280098142676,
            1027.4511745380428,
            1032.9555042435854,
            1038.2627565967082,
            1043.3914903223524,
            1048.3570652045876,
            1053.1716420866096,
            1057.8441828707432,
            1062.3804505184403,
            1066.7830090502805,
            1071.0512235459714,
            1075.1812601443478,
            1079.1660860433726,
            1082.9954695001366,
            1086.6559798308572,
            1090.130987410881,
            1093.4006636746813,
            1096.44198111586,
            1099.2287132871443,
            1101.731434800393,
            1103.9175213265885,
            1105.7511495958447,
            1107.1932973973999
        ],
        "y": [
            762.3792050118766,
            736.0210408878871,
            710.8856498263241,
            686.9276502193543,
            664.1025566724284,
            642.3667800042799,
            621.677627246926,
            601.9933016456672,
            583.2729026590871,
            565.476425959053,
            548.5647634307155,
            532.4997031725081,
            517.2439294961486,
            502.7610229266369,
            489.0154602022575,
            475.97261427457727,
            463.5987543084472,
            451.86104568200113,
            440.7275499866564,
            430.16722502711366,
            420.1499248213572,
            410.64639960065415,
            401.62829580955565,
            393.06815610589564,
            384.9394193607914,
            377.2164206586442,
            369.87439129713783,
            362.8894587872402,
            356.2386468532021,
            349.8998754325577,
            343.8519606761246,
            338.07461494800407,
            332.54844682557996,
            327.25496109952076,
            322.1765587737766,
            317.2965370655826,
            312.59908940545586,
            308.0693054371984,
            303.69317101789375,
            299.4575682179104,
            295.3502753208991,
            291.35996682379505,
            287.476213436815,
            283.68948208346137,
            279.9911359005182,
            276.37343423805373,
            272.82953265941865,
            269.35348294124833,
            265.9402330734604,
            262.5856272592566
        ],
        "r": [
            77.66126819682133,
            68.3789115727508,
            62.94908102934892,
            59.09655494868027,
            56.10830356462816,
            53.66672440527839,
            51.60239863994293,
            49.81419832460975,
            48.2368938618765,
            46.82594694055763,
            45.549590196044385,
            44.384367781207864,
            43.31246706716069,
            42.3200420158724,
            41.39611639715575,
            40.53184170053922,
            39.7199804166991,
            38.95453723780598,
            38.23049010383682,
            37.54359031648711,
            36.89021147247052,
            36.267233571973854,
            35.671952909622085,
            35.10201115713733,
            34.555338932435,
            34.03011044309016,
            33.524706694404095,
            33.03768539180188,
            32.56775612709018,
            32.11375977308522,
            31.674651258155954,
            31.249485076468694,
            30.837403028571977,
            30.43762379262857,
            30.049434007749767,
            29.67218061373545,
            29.305264240588947,
            28.948133479766298,
            28.600279899688275,
            28.26123369241658,
            27.930559857952325,
            27.607854848399988,
            27.292743607051875,
            26.984876947903338,
            26.683929229683343,
            26.389596285551555,
            26.101593575463113,
            25.819654533066803,
            25.543529083064534,
            25.27298230836447
        ],
        "f": [
            8,
            9,
            10,
            11,
            12,
            13,
            14,
            15,
            16,
            17,
            18,
            19,
            20,
            21,
            22,
            23,
            24,
            25,
            26,
            27,
            28,
            29,
            30,
            31,
            32,
            33,
            34,
            35,
            36,
            37,
            38,
            39,
            40,
            41,
            42,
            43,
            44,
            45,
            46,
            47,
            48,
            49,
            50,
            51,
            52,
            53,
            54,
            55,
            56,
            57
        ]
    }
}