{
    "observations": {
        "x": [
            966,
            984,
            1002,
            1021,
            1038,
            1045,
            1064,
            1075,
            1084,
            1096,
            1098,
            1108,
            1122,
            1129,
            1130,
            1140,
            1147,
            1150,
            1152,
            1158,
            1159,
            1163,
            1169,
            1170,
            1174,
            1178
        ],
        "y": [
            652,
            642,
            628,
            595,
            580,
            571,
            532,
            522,
            515,
            498,
            485,
            478,
            462,
            449,
            442,
            425,
            424,
            412,
            406,
            400,
            396,
            388,
            383,
            379,
            374,
            368
        ],
        "r": [
            35,
            36,
            36,
            34,
            29,
            23,
            28,
            28,
            24,
            31,
            29,
            27,
            24,
            22,
            22,
            21,
            22,
            20,
            20,
            19,
            20,
            20,
            18,
            18,
            18,
            18
        ],
        "f": [
            88,
            89,
            90,
            92,
            93,
            94,
            96,
            97,
            98,
            99,
            100,
            101,
            103,
            104,
            105,
            107,
            108,
            109,
            110,
            111,
            112,
            113,
            114,
            115,
            116,
            117
        ]
    },
    "estimations": {
        "x": [
            968.7798589412952,
            983.4485076077723,
            997.3986466082293,
            1010.6417053277398,
            1023.1905162958718,
            1035.0593151866874,
            1046.2637408187431,
            1056.8208351550902,
            1066.7490433032733,
            1076.0682135153322,
            1084.7995971878004,
            1092.9658488617063,
            1100.5910262225718,
            1107.700590100414,
            1114.3214044697436,
            1120.4817364495661,
            1126.2112563033807,
            1131.5410374391815,
            1136.503556409457,
            1141.1326929111888,
            1145.4637297858544,
            1149.5333530194248,
            1153.379651742365,
            1157.042118229635,
            1160.5616479006887,
            1163.9805393194745,
            1167.3424941944347,
            1170.6926173785064,
            1174.0774168691207
        ],
        "y": [
            655.5086319543918,
            640.3792682199872,
            625.1707650740177,
            609.9947402379734,
            594.9533146893034,
            580.1391126614169,
            565.6352616436825,
            551.5153923814282,
            537.8436388759417,
            524.6746383844703,
            512.0535314202208,
            500.0159617523595,
            488.58807640601225,
            477.7865256622646,
            467.6184630581615,
            458.08154538670766,
            449.1639326968671,
            440.84428829356364,
            433.0917787376804,
            425.86607384606026,
            419.11734669150565,
            412.78627360277835,
            406.8040341646,
            401.0923112176516,
            395.5632908585738,
            390.11966243996665,
            384.6546185703901,
            379.0518551143631,
            373.18557119236476
        ],
        "r": [
            37.04712504053728,
            35.12793492486868,
            33.48541715943139,
            32.08267901396896,
            30.885319968085547,
            29.86143171124589,
            28.981598142775333,
            28.218895371859837,
            27.548891717545928,
            26.949647708740763,
            26.401716084212072,
            25.88814179258819,
            25.394461992358053,
            24.9087060518712,
            24.42139554933776,
            23.92554427282846,
            23.416658220274627,
            22.892735599468175,
            22.354266828061654,
            21.804234533568163,
            21.24811355336142,
            20.693870934675772,
            20.151965934606096,
            19.635350020107893,
            19.159466867997352,
            18.74225236495107,
            18.404134607506478,
            18.168033902061353,
            18.059362764874322
        ],
        "f": [
            88,
            89,
            90,
            91,
            92,
            93,
            94,
            95,
            96,
            97,
            98,
            99,
            100,
            101,
            102,
            103,
            104,
            105,
            106,
            107,
            108,
            109,
            110,
            111,
            112,
            113,
            114,
            115,
            116
        ]
    }
}