{
    "observations": {
        "x": [
            1174,
            1255,
            1271,
            1332,
            1357,
            1380,
            1396,
            1397,
            1427,
            1452,
            1484,
            1494,
            1484,
            1508,
            1532,
            1552
        ],
        "y": [
            821,
            769,
            740,
            662,
            660,
            636,
            617,
            604,
            581,
            550,
            522,
            502,
            494,
            491,
            448,
            416
        ],
        "r": [
            109,
            114,
            95,
            84,
            81,
            81,
            84,
            76,
            73,
            66,
            65,
            56,
            69,
            54,
            45,
            43
        ],
        "f": [
            54,
            57,
            58,
            62,
            63,
            65,
            66,
            67,
            69,
            73,
            76,
            79,
            80,
            82,
            90,
            97
        ]
    },
    "estimations": {
        "x": [
            1177.4849897244283,
            1202.7424697894696,
            1226.4143567234873,
            1248.5814940383864,
            1269.3224752097883,
            1288.713643677032,
            1306.8290928431734,
            1323.7406660749853,
            1339.5179567029581,
            1354.2283080212987,
            1367.9368132879315,
            1380.7063157244975,
            1392.597408516355,
            1403.6684348125796,
            1413.9754877259634,
            1423.572410333016,
            1432.510795673964,
            1440.839986752751,
            1448.6070765370375,
            1455.8569079582016,
            1462.6320739113376,
            1468.972917255258,
            1474.917530812491,
            1480.501757369283,
            1485.759189675597,
            1490.721170445113,
            1495.4167923552284,
            1499.8728980470569,
            1504.1140801254305,
            1508.1626811588972,
            1512.0387936797224,
            1515.7602601838885,
            1519.342673131095,
            1522.7993749447587,
            1526.1414580120131,
            1529.3777646837093,
            1532.5148872744148,
            1535.5571680624141,
            1538.50669928971,
            1541.3633231620204,
            1544.1246318487822,
            1546.7859674831482,
            1549.3404221619885
        ],
        "y": [
            824.2208618267715,
            801.9156807281781,
            780.635776888872,
            760.3498901829428,
            741.0268463764116,
            722.6355571272314,
            705.1450199852867,
            688.5243183923933,
            672.7426216822987,
            657.7691850806822,
            643.5733497051543,
            630.1245425652573,
            617.392276562465,
            605.3461504901826,
            593.9558490337473,
            583.1911427704273,
            573.0218881694228,
            563.4180275918656,
            554.3495892908185,
            545.7866874112765,
            537.6995219901659,
            530.0583789563444,
            522.8336301306018,
            515.9957332256588,
            509.51523184616815,
            503.36275548871373,
            497.5090195418116,
            491.9248252859088,
            486.58105989338435,
            481.4486964285485,
            476.4987938476432,
            471.70249699884215,
            467.0310366222503,
            462.45572934990423,
            457.9479777057725,
            453.4792701057546,
            449.021180857682,
            444.5453701613177,
            440.0235841083562,
            435.4276546824233,
            430.7294997590768,
            425.90112310580605,
            420.91461438203135
        ],
        "r": [
            125.44002579658509,
            111.84580139340883,
            103.89368989116228,
            98.25157699023258,
            93.87521422664676,
            90.29946548798603,
            87.27621300677262,
            84.65735258705632,
            82.34735398573947,
            80.28098982347049,
            78.4117360653864,
            76.70524108480977,
            75.13541787774878,
            73.68198860359638,
            72.32887832122395,
            71.06312818388007,
            69.87413869298356,
            68.75312958256322,
            67.69274593040646,
            66.68676542029425,
            65.72987710134981,
            64.81751166221014,
            63.945709464275126,
            63.11101668163351,
            62.31040265670842,
            61.54119347457253,
            60.801018080316666,
            60.087764200420125,
            59.39954200245538,
            58.734653918047684,
            58.09156941579806,
            57.46890378070381,
            56.8654001599636,
            56.27991428980731,
            55.711401436834294,
            55.15890517938696,
            54.62154772634334,
            54.098521527230204,
            53.589081972325985,
            53.09254101711798,
            52.608261594120066,
            52.13565269817356,
            51.6741650501186
        ],
        "f": [
            54,
            55,
            56,
            57,
            58,
            59,
            60,
            61,
            62,
            63,
            64,
            65,
            66,
            67,
            68,
            69,
            70,
            71,
            72,
            73,
            74,
            75,
            76,
            77,
            78,
            79,
            80,
            81,
            82,
            83,
            84,
            85,
            86,
            87,
            88,
            89,
            90,
            91,
            92,
            93,
            94,
            95,
            96
        ]
    }
}