{
    "observations": {
        "x": [
            1034,
            1056,
            1064,
            1082,
            1093,
            1098,
            1105,
            1112,
            1120,
            1127,
            1128,
            1141,
            1146,
            1148,
            1152,
            1157,
            1160,
            1164,
            1168,
            1172,
            1171,
            1180,
            1181,
            1184,
            1187,
            1188,
            1194,
            1205
        ],
        "y": [
            575,
            546,
            533,
            505,
            497,
            490,
            476,
            468,
            466,
            451,
            440,
            434,
            427,
            412,
            406,
            402,
            394,
            391,
            383,
            384,
            373,
            374,
            364,
            360,
            360,
            354,
            347,
            330
        ],
        "r": [
            30,
            29,
            28,
            26,
            24,
            25,
            24,
            24,
            15,
            22,
            21,
            13,
            19,
            19,
            19,
            18,
            18,
            17,
            18,
            17,
            16,
            16,
            16,
            15,
            14,
            14,
            13,
            12
        ],
        "f": [
            93,
            95,
            96,
            98,
            99,
            100,
            101,
            102,
            103,
            104,
            105,
            107,
            108,
            109,
            110,
            111,
            112,
            113,
            114,
            115,
            116,
            117,
            118,
            119,
            120,
            121,
            123,
            128
        ]
    },
    "estimations": {
        "x": [
            1034.9398164671038,
            1045.4858148915155,
            1055.4934597679967,
            1064.9814728200436,
            1073.9685757711559,
            1082.4734903448334,
            1090.5149382645723,
            1098.1116412538686,
            1105.2823210362221,
            1112.0456993351327,
            1118.4204978740963,
            1124.4254383766092,
            1130.0792425661712,
            1135.4006321662819,
            1140.4083289004375,
            1145.1210544921341,
            1149.5575306648716,
            1153.7364791421496,
            1157.6766216474643,
            1161.396679904312,
            1164.915375636192,
            1168.2514305666045,
            1171.4235664190455,
            1174.4505049170111,
            1177.350967784001,
            1180.1436767435152,
            1182.8473535190496,
            1185.4807198341005,
            1188.0624974121674,
            1190.6114079767503,
            1193.1461732513453,
            1195.6855149594485,
            1198.2481548245596,
            1200.8528145701785,
            1203.5182159198012
        ],
        "y": [
            572.4322938645164,
            558.7939465461932,
            545.7359565053466,
            533.2413691133261,
            521.2932297414845,
            509.87458376116774,
            498.9684765437305,
            488.55795346052037,
            478.6260598828885,
            469.1558411821861,
            460.13034272976074,
            451.5326098969672,
            443.345688055153,
            435.55262257566574,
            428.1364588298602,
            421.08024218908395,
            414.36701802468815,
            407.979831708024,
            401.901728610439,
            396.11575410328805,
            390.60495355791863,
            385.3523723456783,
            380.3410558379219,
            375.5540494059969,
            370.9743984212546,
            366.5851482550461,
            362.3693442787189,
            358.31003186362796,
            354.3902563811207,
            350.5930632025447,
            346.90149769925483,
            343.29860524259857,
            339.7674312039271,
            336.29102095459166,
            332.8524198659434
        ],
        "r": [
            29.707991555112585,
            28.81377913266644,
            27.944622028443746,
            27.100520242444503,
            26.28147377466874,
            25.487482625116428,
            24.718546793787567,
            23.974666280682186,
            23.255841085800284,
            22.562071209141806,
            21.893356650706806,
            21.249697410495287,
            20.63109348850719,
            20.0375448847426,
            19.469051599201435,
            18.92561363188375,
            18.407230982789514,
            17.91390365191876,
            17.445631639271454,
            17.00241494484763,
            16.584253568647256,
            16.191147510670334,
            15.823096770916862,
            15.48010134938687,
            15.162161246080359,
            14.869276460997298,
            14.601446994137689,
            14.35867284550153,
            14.140954015088852,
            13.948290502899624,
            13.780682308933876,
            13.63812943319158,
            13.520631875672734,
            13.428189636377368,
            13.360802715305454
        ],
        "f": [
            93,
            94,
            95,
            96,
            97,
            98,
            99,
            100,
            101,
            102,
            103,
            104,
            105,
            106,
            107,
            108,
            109,
            110,
            111,
            112,
            113,
            114,
            115,
            116,
            117,
            118,
            119,
            120,
            121,
            122,
            123,
            124,
            125,
            126,
            127
        ]
    }
}