{
    "8": {
        "frame": 8,
        "x": 617,
        "y": 762,
        "radius": 77,
        "x_axis": 0.7965381100520808,
        "y_axis": 0.4231972936595344,
        "z_axis": -0.4317766666621824,
        "omega": 0.23467301075425756
    },
    "9": {
        "frame": 9,
        "x": 648,
        "y": 736,
        "radius": 68,
        "x_axis": 0.1674494089660414,
        "y_axis": 0.09653585604837016,
        "z_axis": 0.9811429681417136,
        "omega": 0.5143987912077838
    },
    "11": {
        "frame": 11,
        "x": 706,
        "y": 686,
        "radius": 59,
        "x_axis": 0.35278509008810965,
        "y_axis": -0.2793665282203202,
        "z_axis": -0.8930268882411377,
        "omega": 0.702761115519862
    },
    "12": {
        "frame": 12,
        "x": 731,
        "y": 664,
        "radius": 56,
        "x_axis": 0.18200673475415158,
        "y_axis": 0.4942921197911864,
        "z_axis": -0.8500287341122461,
        "omega": 0.22827840307931677
    },
    "13": {
        "frame": 13,
        "x": 755,
        "y": 642,
        "radius": 53,
        "x_axis": -0.41386332611060633,
        "y_axis": 0.40583382690435454,
        "z_axis": 0.8148718011078997,
        "omega": 0.35054064171270977
    },
    "14": {
        "frame": 14,
        "x": 778,
        "y": 621,
        "radius": 51,
        "x_axis": -0.5802401307709277,
        "y_axis": 0.7677105626763481,
        "z_axis": 0.27192256728359593,
        "omega": 0.6226584158808912
    },
    "15": {
        "frame": 15,
        "x": 799,
        "y": 601,
        "radius": 49,
        "x_axis": -0.29456408227639685,
        "y_axis": -0.12892097087759735,
        "z_axis": -0.9468956567123127,
        "omega": 0.7749418371390209
    },
    "16": {
        "frame": 16,
        "x": 819,
        "y": 583,
        "radius": 48,
        "x_axis": 0.27171128277968976,
        "y_axis": 0.8442609100334169,
        "z_axis": -0.46194858436817676,
        "omega": 1.4315498437717
    },
    "18": {
        "frame": 18,
        "x": 854,
        "y": 548,
        "radius": 45,
        "x_axis": -0.6069599642282028,
        "y_axis": 0.6269708881714252,
        "z_axis": 0.48837189436906925,
        "omega": 0.6840946707999013
    },
    "19": {
        "frame": 19,
        "x": 870,
        "y": 532,
        "radius": 44,
        "x_axis": -0.3633040224961872,
        "y_axis": 0.9161575366915578,
        "z_axis": -0.16930905233137147,
        "omega": 0.7323850321828198
    },
    "20": {
        "frame": 20,
        "x": 885,
        "y": 517,
        "radius": 43,
        "x_axis": 0.21208177732962377,
        "y_axis": -0.8524676638849442,
        "z_axis": 0.47782863220536886,
        "omega": 0.41692143462962666
    },
    "21": {
        "frame": 21,
        "x": 898,
        "y": 502,
        "radius": 42,
        "x_axis": 0.42695216189799273,
        "y_axis": -0.10718474602860951,
        "z_axis": -0.8978993716833823,
        "omega": 0.9029736212069039
    },
    "22": {
        "frame": 22,
        "x": 911,
        "y": 489,
        "radius": 41,
        "x_axis": -0.94495226307816,
        "y_axis": 0.01545076554284665,
        "z_axis": 0.3268432259472478,
        "omega": 0.19450626298866083
    },
    "24": {
        "frame": 24,
        "x": 934,
        "y": 463,
        "radius": 39,
        "x_axis": -0.7812927855276125,
        "y_axis": 0.5872367229168665,
        "z_axis": -0.2115055898560691,
        "omega": 0.7489153116146582
    },
    "25": {
        "frame": 25,
        "x": 945,
        "y": 451,
        "radius": 38,
        "x_axis": 0.5677382492929708,
        "y_axis": -0.5779534192075316,
        "z_axis": 0.586210820026444,
        "omega": 0.418048386705931
    },
    "26": {
        "frame": 26,
        "x": 955,
        "y": 440,
        "radius": 38,
        "x_axis": 0.6951415632294048,
        "y_axis": 0.06223673161052624,
        "z_axis": -0.7161737193652242,
        "omega": 0.7786524597811032
    },
    "27": {
        "frame": 27,
        "x": 964,
        "y": 430,
        "radius": 37,
        "x_axis": -0.37529827635327273,
        "y_axis": 0.8705801476299322,
        "z_axis": 0.3181845538660042,
        "omega": 0.8453392254355545
    },
    "28": {
        "frame": 28,
        "x": 973,
        "y": 420,
        "radius": 36,
        "x_axis": -0.36028488056623764,
        "y_axis": 0.9193679189627498,
        "z_axis": -0.1579792214738211,
        "omega": 0.5625722252886203
    },
    "29": {
        "frame": 29,
        "x": 981,
        "y": 410,
        "radius": 36,
        "x_axis": -0.32690050231933293,
        "y_axis": -0.4098899855706668,
        "z_axis": -0.8515434582640198,
        "omega": 1.2945359935864795
    },
    "30": {
        "frame": 30,
        "x": 988,
        "y": 401,
        "radius": 35,
        "x_axis": 0.9573856984098851,
        "y_axis": -0.23663488285502562,
        "z_axis": -0.16557945735025545,
        "omega": 0.3005121320377044
    },
    "31": {
        "frame": 31,
        "x": 996,
        "y": 393,
        "radius": 35,
        "x_axis": -0.13006314854248996,
        "y_axis": 0.09177940889606317,
        "z_axis": -0.9872487617079616,
        "omega": 0.8484962245940886
    },
    "32": {
        "frame": 32,
        "x": 1002,
        "y": 384,
        "radius": 34,
        "x_axis": 0.21575878606319443,
        "y_axis": 0.24033864497555124,
        "z_axis": -0.9464066155558365,
        "omega": 0.27437765436839356
    },
    "33": {
        "frame": 33,
        "x": 1009,
        "y": 377,
        "radius": 34,
        "x_axis": -0.4015638077232801,
        "y_axis": 0.8377160716529715,
        "z_axis": -0.37010578436589486,
        "omega": 0.670501848148984
    },
    "34": {
        "frame": 34,
        "x": 1015,
        "y": 369,
        "radius": 33,
        "x_axis": -0.6636938613989654,
        "y_axis": -0.7134118543188941,
        "z_axis": 0.22484213230310765,
        "omega": 0.796140430803855
    },
    "35": {
        "frame": 35,
        "x": 1021,
        "y": 362,
        "radius": 33,
        "x_axis": 0.4061079007260983,
        "y_axis": -0.07678737985519432,
        "z_axis": -0.9105932523705716,
        "omega": 1.0682406469302044
    },
    "36": {
        "frame": 36,
        "x": 1027,
        "y": 356,
        "radius": 32,
        "x_axis": 0.3506069106170459,
        "y_axis": -0.1474729873021355,
        "z_axis": -0.9248386411930218,
        "omega": 0.4864987767091678
    },
    "37": {
        "frame": 37,
        "x": 1032,
        "y": 349,
        "radius": 32,
        "x_axis": -0.7527686102344056,
        "y_axis": 0.656605561158163,
        "z_axis": -0.04699528169864862,
        "omega": 0.6776394644292214
    },
    "38": {
        "frame": 38,
        "x": 1038,
        "y": 343,
        "radius": 31,
        "x_axis": 0.009797190089187549,
        "y_axis": 0.9844217437299939,
        "z_axis": -0.1755501225802887,
        "omega": 0.9105895710388315
    },
    "39": {
        "frame": 39,
        "x": 1043,
        "y": 338,
        "radius": 31,
        "x_axis": 0.11916285396873637,
        "y_axis": -0.5239047720681927,
        "z_axis": 0.8434002632429046,
        "omega": 0.9395580477200215
    },
    "40": {
        "frame": 40,
        "x": 1048,
        "y": 332,
        "radius": 30,
        "x_axis": 0.5918010717997478,
        "y_axis": -0.6484339702480217,
        "z_axis": -0.4788578887781398,
        "omega": 0.1925998935430658
    },
    "41": {
        "frame": 41,
        "x": 1053,
        "y": 327,
        "radius": 30,
        "x_axis": 0.2233302890130856,
        "y_axis": -0.030584598150260527,
        "z_axis": -0.9742628825760113,
        "omega": 0.5435994966729826
    },
    "42": {
        "frame": 42,
        "x": 1057,
        "y": 322,
        "radius": 30,
        "x_axis": -0.713992578389664,
        "y_axis": 0.5018363072253271,
        "z_axis": 0.48823653975806314,