{
    "16": {
        "frame": 16,
        "x": 435,
        "y": 870,
        "radius": 63,
        "x_axis": 0.858991130288109,
        "y_axis": 0.42776693040821895,
        "z_axis": 0.2813355493631883,
        "omega": 0.2796297645062109
    },
    "17": {
        "frame": 17,
        "x": 463,
        "y": 847,
        "radius": 63,
        "x_axis": -0.6764587672617679,
        "y_axis": 0.7114532374574312,
        "z_axis": 0.19036235737673968,
        "omega": 0.7797145448777905
    },
    "18": {
        "frame": 18,
        "x": 489,
        "y": 825,
        "radius": 63,
        "x_axis": 0.6756676609052227,
        "y_axis": 0.733519940833681,
        "z_axis": -0.07363225112828252,
        "omega": 0.1498126789100846
    },
    "19": {
        "frame": 19,
        "x": 515,
        "y": 802,
        "radius": 62,
        "x_axis": -0.6827679844103642,
        "y_axis": 0.7305360491240704,
        "z_axis": -0.012039949933547131,
        "omega": 0.1865167134249116
    },
    "20": {
        "frame": 20,
        "x": 540,
        "y": 780,
        "radius": 62,
        "x_axis": -0.28070404868009957,
        "y_axis": -0.5933984846841607,
        "z_axis": -0.7543762161078134,
        "omega": 0.7218610892734086
    },
    "21": {
        "frame": 21,
        "x": 564,
        "y": 759,
        "radius": 61,
        "x_axis": -0.9139441699249382,
        "y_axis": 0.3936518791926331,
        "z_axis": 0.0987129792293002,
        "omega": 0.3770856045539503
    },
    "22": {
        "frame": 22,
        "x": 587,
        "y": 738,
        "radius": 60,
        "x_axis": 0.9591033539911236,
        "y_axis": 0.26609955635621124,
        "z_axis": 0.09649757753438681,
        "omega": 0.19504660364122384
    },
    "23": {
        "frame": 23,
        "x": 610,
        "y": 717,
        "radius": 59,
        "x_axis": -0.06213299363244491,
        "y_axis": -0.08659171983642834,
        "z_axis": -0.9943044630082076,
        "omega": 0.2945302218818175
    },
    "24": {
        "frame": 24,
        "x": 631,
        "y": 696,
        "radius": 58,
        "x_axis": 0.8778908872887671,
        "y_axis": 0.3269198139438279,
        "z_axis": 0.34990145079189694,
        "omega": 0.037864675859081376
    },
    "25": {
        "frame": 25,
        "x": 652,
        "y": 676,
        "radius": 57,
        "x_axis": -0.1711802194296566,
        "y_axis": -0.9648612046219814,
        "z_axis": 0.19934941256856895,
        "omega": 0.8022162971248256
    },
    "26": {
        "frame": 26,
        "x": 672,
        "y": 656,
        "radius": 56,
        "x_axis": 0.9469027265858524,
        "y_axis": 0.2850029466890517,
        "z_axis": -0.14882387833555455,
        "omega": 0.14175394910652514
    },
    "27": {
        "frame": 27,
        "x": 691,
        "y": 637,
        "radius": 54,
        "x_axis": 0.0547621180227767,
        "y_axis": -0.6638471292490492,
        "z_axis": -0.7458606434297601,
        "omega": 0.27498672389296597
    },
    "28": {
        "frame": 28,
        "x": 710,
        "y": 619,
        "radius": 53,
        "x_axis": -0.1263139618082133,
        "y_axis": 0.8247472530074789,
        "z_axis": -0.5512138892561861,
        "omega": 0.3197717548456463
    },
    "29": {
        "frame": 29,
        "x": 727,
        "y": 600,
        "radius": 52,
        "x_axis": 0.710182224756382,
        "y_axis": 0.48810551395972035,
        "z_axis": 0.5073403343734783,
        "omega": 0.2137146676322683
    },
    "30": {
        "frame": 30,
        "x": 744,
        "y": 583,
        "radius": 51,
        "x_axis": 0.3953197629781156,
        "y_axis": -0.17652844688491842,
        "z_axis": -0.9014210960696035,
        "omega": 0.26244882163564226
    },
    "31": {
        "frame": 31,
        "x": 761,
        "y": 565,
        "radius": 49,
        "x_axis": 0.09884669890349433,
        "y_axis": -0.88740293581794,
        "z_axis": -0.4502725392665901,
        "omega": 0.5775973123246193
    },
    "32": {
        "frame": 32,
        "x": 776,
        "y": 549,
        "radius": 48,
        "x_axis": -0.04165526537266228,
        "y_axis": -0.23294011138286058,
        "z_axis": -0.9715985505215997,
        "omega": 0.4438599925066785
    },
    "33": {
        "frame": 33,
        "x": 791,
        "y": 533,
        "radius": 47,
        "x_axis": 0.06739806303764884,
        "y_axis": 0.6932113812201168,
        "z_axis": -0.7175761158550856,
        "omega": 0.2978761648279631
    },
    "34": {
        "frame": 34,
        "x": 806,
        "y": 517,
        "radius": 45,
        "x_axis": 0.437906364809938,
        "y_axis": -0.4226085699095283,
        "z_axis": 0.7934985899785637,
        "omega": 2.7062427734840053
    },
    "35": {
        "frame": 35,
        "x": 819,
        "y": 502,
        "radius": 44,
        "x_axis": 0.34270273590065564,
        "y_axis": -0.9390102618901662,
        "z_axis": -0.02854054784279436,
        "omega": 0.22121215623986323
    },
    "36": {
        "frame": 36,
        "x": 832,
        "y": 487,
        "radius": 43,
        "x_axis": -0.31115630153029844,
        "y_axis": -0.9141188750411368,
        "z_axis": 0.25993929735904225,
        "omega": 0.6748166717129488
    },
    "37": {
        "frame": 37,
        "x": 845,
        "y": 473,
        "radius": 42,
        "x_axis": -0.07133122193936973,
        "y_axis": 0.09086541442536747,
        "z_axis": -0.9933052568258876,
        "omega": 0.3153337426805056
    },
    "38": {
        "frame": 38,
        "x": 857,
        "y": 460,
        "radius": 41,
        "x_axis": 0.7117817445765057,
        "y_axis": 0.27434101514117126,
        "z_axis": -0.6466094304129332,
        "omega": 0.717492412541456
    },
    "39": {
        "frame": 39,
        "x": 868,
        "y": 447,
        "radius": 39,
        "x_axis": 0.5894176808404876,
        "y_axis": -0.028365318497794393,
        "z_axis": 0.8073302956158277,
        "omega": 0.21096306891299052
    },
    "40": {
        "frame": 40,
        "x": 878,
        "y": 434,
        "radius": 38,
        "x_axis": -0.005997604376628049,
        "y_axis": -0.8846042323371113,
        "z_axis": 0.4663039575995593,
        "omega": 0.44185500129147104
    },
    "41": {
        "frame": 41,
        "x": 889,
        "y": 422,
        "radius": 37,
        "x_axis": 0.03528839085400412,
        "y_axis": -0.598924662638902,
        "z_axis": -0.8000274857489663,
        "omega": 0.34815800900435506
    },
    "42": {
        "frame": 42,
        "x": 898,
        "y": 411,
        "radius": 36,
        "x_axis": 0.2420272060603139,
        "y_axis": 0.43804164713179533,
        "z_axis": -0.8657611373264003,
        "omega": 0.28044914818973105
    },
    "43": {
        "frame": 43,
        "x": 907,
        "y": 400,
        "radius": 35,
        "x_axis": 0.2615156860300569,
        "y_axis": 0.11057750054193186,
        "z_axis": -0.9588441804246025,
        "omega": 0.19525000716246535
    },
    "44": {
        "frame": 44,
        "x": 916,
        "y": 389,
        "radius": 35,
        "x_axis": -0.15753538789292867,
        "y_axis": -0.1561210381143541,
        "z_axis": 0.9750942636584018,
        "omega": 0.34924489988729257
    },
    "45": {
        "frame": 45,
        "x": 924,
        "y": 379,
        "radius": 34,
        "x_axis": 0.18169357861445726,
        "y_axis": -0.6735781288816128,
        "z_axis": 0.7164355852291381,
        "omega": 0.3335854086971695
    },
    "46": {
        "frame": 46,
        "x": 932,
        "y": 370,
        "radius": 33,
        "x_axis": -0.06841021441358973,
        "y_axis": -0.24997686240331413,
        "z_axis": -0.9658320821068647,
        "omega": 0.2681182660033234
    },
    "47": {
        "frame": 47,
        "x": 939,
        "y": 361,
        "radius": 32,
        "x_axis": 0.2850325956316492,
        "y_axis": 0.29189832661556436,
        "z_axis": -0.9129905729779021,