{
    "9": {
        "frame": 9,
        "x": 475,
        "y": 800,
        "radius": 65,
        "x_axis": -0.20142042305856941,
        "y_axis": 0.9501558632010981,
        "z_axis": -0.23797825278685272,
        "omega": 0.6445113120233331
    },
    "10": {
        "frame": 10,
        "x": 506,
        "y": 776,
        "radius": 64,
        "x_axis": -0.9804540163841129,
        "y_axis": -0.06337732148889227,
        "z_axis": -0.18626120604451002,
        "omega": 0.2593143520764868
    },
    "12": {
        "frame": 12,
        "x": 564,
        "y": 729,
        "radius": 60,
        "x_axis": 0.0061275600020067765,
        "y_axis": -0.07070065009323451,
        "z_axis": 0.9974787572098044,
        "omega": 1.0905662490174448
    },
    "13": {
        "frame": 13,
        "x": 591,
        "y": 707,
        "radius": 59,
        "x_axis": -0.052887470876038345,
        "y_axis": 0.3367796499950207,
        "z_axis": -0.940097007108079,
        "omega": 1.9207469054259034
    },
    "14": {
        "frame": 14,
        "x": 616,
        "y": 686,
        "radius": 57,
        "x_axis": 0.08156298228314732,
        "y_axis": -0.12091891049484402,
        "z_axis": 0.9893058662546276,
        "omega": 0.2691535397833688
    },
    "15": {
        "frame": 15,
        "x": 640,
        "y": 666,
        "radius": 56,
        "x_axis": -0.18953380297358663,
        "y_axis": -0.4185197113883454,
        "z_axis": -0.8882106668520626,
        "omega": 0.2552763207828015
    },
    "16": {
        "frame": 16,
        "x": 663,
        "y": 646,
        "radius": 55,
        "x_axis": 0.8833229503254737,
        "y_axis": -0.46691184144846104,
        "z_axis": 0.04164009778456345,
        "omega": 0.17003698904006698
    },
    "17": {
        "frame": 17,
        "x": 684,
        "y": 627,
        "radius": 53,
        "x_axis": -0.12176980194462785,
        "y_axis": -0.7657378536916637,
        "z_axis": -0.6315201142941137,
        "omega": 0.2646158116765418
    },
    "18": {
        "frame": 18,
        "x": 705,
        "y": 608,
        "radius": 52,
        "x_axis": -0.04408228769385598,
        "y_axis": 0.7851192758146672,
        "z_axis": -0.6177738054141894,
        "omega": 0.266995340949958
    },
    "19": {
        "frame": 19,
        "x": 724,
        "y": 591,
        "radius": 51,
        "x_axis": -0.004095719300631178,
        "y_axis": 0.002490713627748208,
        "z_axis": -0.9999885106485149,
        "omega": 0.1518958074072971
    },
    "20": {
        "frame": 20,
        "x": 743,
        "y": 574,
        "radius": 49,
        "x_axis": 0.6163750885400147,
        "y_axis": -0.5629246501657984,
        "z_axis": 0.5506338061388916,
        "omega": 0.16272334514968764
    },
    "21": {
        "frame": 21,
        "x": 760,
        "y": 557,
        "radius": 48,
        "x_axis": 0.1586450958598141,
        "y_axis": -0.9369118535176598,
        "z_axis": -0.3114930373182255,
        "omega": 0.36008245734414934
    },
    "22": {
        "frame": 22,
        "x": 776,
        "y": 541,
        "radius": 47,
        "x_axis": 0.00694096213528756,
        "y_axis": -0.15561078973390613,
        "z_axis": -0.9877940600970562,
        "omega": 0.4444327444407827
    },
    "23": {
        "frame": 23,
        "x": 792,
        "y": 526,
        "radius": 46,
        "x_axis": 0.06570627401358474,
        "y_axis": 0.5607417670856092,
        "z_axis": -0.8253795225234029,
        "omega": 0.24260607276395588
    },
    "24": {
        "frame": 24,
        "x": 807,
        "y": 511,
        "radius": 45,
        "x_axis": 0.623794208535487,
        "y_axis": -0.2287252176195685,
        "z_axis": 0.7473724374249204,
        "omega": 0.14741549557373756
    },
    "25": {
        "frame": 25,
        "x": 821,
        "y": 497,
        "radius": 44,
        "x_axis": 0.4105467149165469,
        "y_axis": -0.8070505625091641,
        "z_axis": -0.42440639065036884,
        "omega": 0.26207612368449384
    },
    "26": {
        "frame": 26,
        "x": 834,
        "y": 483,
        "radius": 43,
        "x_axis": -0.1955608901938164,
        "y_axis": -0.7413752190711391,
        "z_axis": -0.6419647363943151,
        "omega": 0.2510975849110486
    },
    "27": {
        "frame": 27,
        "x": 846,
        "y": 470,
        "radius": 42,
        "x_axis": 0.01358593103965308,
        "y_axis": 0.22697222557643612,
        "z_axis": -0.9738064650096883,
        "omega": 0.26833160272475165
    },
    "28": {
        "frame": 28,
        "x": 858,
        "y": 457,
        "radius": 41,
        "x_axis": -0.019779288687696156,
        "y_axis": 0.28080716114618104,
        "z_axis": -0.9595603774583606,
        "omega": 0.1875085224651838
    },
    "29": {
        "frame": 29,
        "x": 869,
        "y": 445,
        "radius": 40,
        "x_axis": 0.1422836276881205,
        "y_axis": -0.16641552287268574,
        "z_axis": 0.9757362569049687,
        "omega": 0.26984449257596627
    },
    "30": {
        "frame": 30,
        "x": 880,
        "y": 433,
        "radius": 39,
        "x_axis": 0.3520236636072357,
        "y_axis": -0.9278259830682404,
        "z_axis": 0.12336241487581602,
        "omega": 0.22301085109315366
    },
    "31": {
        "frame": 31,
        "x": 890,
        "y": 422,
        "radius": 38,
        "x_axis": -0.12601458286309666,
        "y_axis": -0.5511396616112364,
        "z_axis": -0.824842650633981,
        "omega": 0.24602837267519903
    },
    "32": {
        "frame": 32,
        "x": 900,
        "y": 411,
        "radius": 37,
        "x_axis": 0.2802540265726191,
        "y_axis": 0.24961782240652522,
        "z_axis": -0.9269027043475805,
        "omega": 0.23717214475546938
    },
    "33": {
        "frame": 33,
        "x": 909,
        "y": 400,
        "radius": 37,
        "x_axis": 0.32721716678716617,
        "y_axis": 0.9330859142601196,
        "z_axis": -0.14926353328638836,
        "omega": 0.10164746077597168
    },
    "34": {
        "frame": 34,
        "x": 917,
        "y": 390,
        "radius": 36,
        "x_axis": -0.09449378174725645,
        "y_axis": -0.15704638602538298,
        "z_axis": 0.9830602005205319,
        "omega": 0.28662401778599184
    },
    "35": {
        "frame": 35,
        "x": 925,
        "y": 380,
        "radius": 35,
        "x_axis": 0.08131480573653853,
        "y_axis": -0.9902637256496623,
        "z_axis": 0.11298520270583876,
        "omega": 0.1358874170277172
    },
    "36": {
        "frame": 36,
        "x": 933,
        "y": 371,
        "radius": 34,
        "x_axis": -0.2390582823262817,
        "y_axis": -0.6440152991928187,
        "z_axis": -0.7267017490393098,
        "omega": 0.13963515015486574
    },
    "37": {
        "frame": 37,
        "x": 940,
        "y": 362,
        "radius": 34,
        "x_axis": -0.04254145289690934,
        "y_axis": -0.0744203217676415,
        "z_axis": -0.9963191459032696,
        "omega": 0.24480321945369132
    },
    "38": {
        "frame": 38,
        "x": 947,
        "y": 354,
        "radius": 33,
        "x_axis": -0.5888844138154765,
        "y_axis": 0.714294915979,
        "z_axis": 0.37815065803427617,
        "omega": 0.14788684564095178
    },
    "39": {
        "frame": 39,
        "x": 954,
        "y": 345,
        "radius": 32,
        "x_axis": -0.259255567814728,
        "y_axis": 0.1103193397181,
        "z_axis": 0.9594874641396965,
        "omega": 0.2575118808306704
    },
    "40": {
        "frame": 40,
        "x": 960,
        "y": 337,
        "radius": 32,
        "x_axis": 0.47740540479857624,
        "y_axis": -0.6567044945831753,
        "z_axis": 0.5838007247883169,
        "omega": 0.1627408788675319
    },
    "41": {
        "frame": 41,
        "x": 966,
        "y": 330,
        "radius": 31,
        "x_axis": -0.3966646771753575,
        "y_axis": -0.6314178202047305,
        "z_axis": -0.6663097404430436,