{
    "19": {
        "frame": 19,
        "x": 529,
        "y": 822,
        "radius": 76,
        "x_axis": -0.8223519157100447,
        "y_axis": -0.425809875522537,
        "z_axis": 0.37739008550238945,
        "omega": 0.7918340614469337
    },
    "20": {
        "frame": 20,
        "x": 562,
        "y": 796,
        "radius": 74,
        "x_axis": -0.9815604379445982,
        "y_axis": 0.13699264344161963,
        "z_axis": 0.133312123623044,
        "omega": 0.674964017928187
    },
    "21": {
        "frame": 21,
        "x": 594,
        "y": 771,
        "radius": 71,
        "x_axis": -0.45369190574042945,
        "y_axis": 0.8203535018883219,
        "z_axis": 0.34811461705189073,
        "omega": 0.2686530897811945
    },
    "22": {
        "frame": 22,
        "x": 624,
        "y": 748,
        "radius": 69,
        "x_axis": 0.28178122271207334,
        "y_axis": 0.7287913892643308,
        "z_axis": -0.6240692697618233,
        "omega": 1.0016802978113923
    },
    "23": {
        "frame": 23,
        "x": 652,
        "y": 725,
        "radius": 66,
        "x_axis": 0.7074522167931082,
        "y_axis": -0.4689349800619548,
        "z_axis": 0.5287828906354773,
        "omega": 0.4673527633495704
    },
    "25": {
        "frame": 25,
        "x": 704,
        "y": 681,
        "radius": 62,
        "x_axis": -0.1535486448210592,
        "y_axis": 0.45233007576769885,
        "z_axis": -0.8785330478869898,
        "omega": 0.17482586088481541
    },
    "26": {
        "frame": 26,
        "x": 728,
        "y": 661,
        "radius": 60,
        "x_axis": -0.02329652111406323,
        "y_axis": 0.029053608369535737,
        "z_axis": 0.9993063393898248,
        "omega": 0.26736300820627174
    },
    "27": {
        "frame": 27,
        "x": 751,
        "y": 642,
        "radius": 58,
        "x_axis": -0.787921511776922,
        "y_axis": -0.5292265749963593,
        "z_axis": -0.31479981511556315,
        "omega": 1.1210270558653201
    },
    "28": {
        "frame": 28,
        "x": 772,
        "y": 623,
        "radius": 56,
        "x_axis": -0.31317896704937714,
        "y_axis": 0.4860619972841123,
        "z_axis": 0.8158815290188061,
        "omega": 0.311670883194123
    },
    "29": {
        "frame": 29,
        "x": 792,
        "y": 606,
        "radius": 54,
        "x_axis": -0.13275020972081672,
        "y_axis": -0.47107763820583964,
        "z_axis": 0.8720454349410284,
        "omega": 2.3806104928920115
    },
    "30": {
        "frame": 30,
        "x": 811,
        "y": 589,
        "radius": 52,
        "x_axis": 0.3182032783239677,
        "y_axis": 0.3958925526978433,
        "z_axis": -0.8614033668277975,
        "omega": 0.19909874063578603
    },
    "31": {
        "frame": 31,
        "x": 829,
        "y": 572,
        "radius": 51,
        "x_axis": -0.09054692643624154,
        "y_axis": -0.6553880682366431,
        "z_axis": -0.7498451400962677,
        "omega": 0.4670773491264985
    },
    "32": {
        "frame": 32,
        "x": 846,
        "y": 557,
        "radius": 49,
        "x_axis": -0.39678639253403153,
        "y_axis": 0.8737314529014354,
        "z_axis": 0.28134304134024063,
        "omega": 0.6611054805733769
    },
    "33": {
        "frame": 33,
        "x": 861,
        "y": 542,
        "radius": 48,
        "x_axis": 0.2460661893615739,
        "y_axis": -0.7677762118325565,
        "z_axis": 0.5915835689039405,
        "omega": 0.39330700100577154
    },
    "34": {
        "frame": 34,
        "x": 876,
        "y": 528,
        "radius": 46,
        "x_axis": 0.5323593417510721,
        "y_axis": -0.12576147651404665,
        "z_axis": -0.8371245918472187,
        "omega": 0.7847460289358091
    },
    "35": {
        "frame": 35,
        "x": 890,
        "y": 514,
        "radius": 45,
        "x_axis": -0.842550717325233,
        "y_axis": -0.40181329307639935,
        "z_axis": -0.3586842152114239,
        "omega": 0.08778610098159968
    },
    "36": {
        "frame": 36,
        "x": 903,
        "y": 501,
        "radius": 44,
        "x_axis": 0.4388603743226727,
        "y_axis": 0.8468629934650282,
        "z_axis": -0.300374170242408,
        "omega": 1.0634667997031382
    },
    "37": {
        "frame": 37,
        "x": 916,
        "y": 489,
        "radius": 42,
        "x_axis": 0.037996223422562314,
        "y_axis": 0.21254276302572184,
        "z_axis": 0.976412751294766,
        "omega": 0.36108224410480894
    },
    "39": {
        "frame": 39,
        "x": 938,
        "y": 465,
        "radius": 40,
        "x_axis": 0.7483480065574212,
        "y_axis": 0.10867131637733098,
        "z_axis": -0.6543437980743395,
        "omega": 0.6475529807285672
    },
    "40": {
        "frame": 40,
        "x": 948,
        "y": 455,
        "radius": 39,
        "x_axis": 0.09995547932063549,
        "y_axis": 0.8643756365952169,
        "z_axis": 0.492811993578074,
        "omega": 0.747481604620772
    },
    "41": {
        "frame": 41,
        "x": 958,
        "y": 444,
        "radius": 38,
        "x_axis": -0.5871421035165321,
        "y_axis": 0.7619181593483038,
        "z_axis": -0.2733950781076256,
        "omega": 0.7975424364906405
    },
    "42": {
        "frame": 42,
        "x": 967,
        "y": 434,
        "radius": 37,
        "x_axis": 0.6029807729856599,
        "y_axis": -0.7585646288127024,
        "z_axis": 0.2469694137415873,
        "omega": 0.21650446517712466
    },
    "43": {
        "frame": 43,
        "x": 975,
        "y": 425,
        "radius": 36,
        "x_axis": 0.2302570504985833,
        "y_axis": -0.017639413359421603,
        "z_axis": -0.9729699593471673,
        "omega": 1.192938038638019
    },
    "44": {
        "frame": 44,
        "x": 983,
        "y": 416,
        "radius": 35,
        "x_axis": -0.7711323013291791,
        "y_axis": 0.5852716645839203,
        "z_axis": 0.2506233278885491,
        "omega": 0.6640844139163965
    },
    "45": {
        "frame": 45,
        "x": 991,
        "y": 407,
        "radius": 34,
        "x_axis": 0.4783853463861041,
        "y_axis": 0.8034746349613255,
        "z_axis": 0.35436700091404133,
        "omega": 0.5921754652981805
    },
    "46": {
        "frame": 46,
        "x": 998,
        "y": 399,
        "radius": 33,
        "x_axis": -0.25082099401019603,
        "y_axis": -0.2150796183500101,
        "z_axis": -0.9438376908844822,
        "omega": 1.6942318577812505
    },
    "47": {
        "frame": 47,
        "x": 1005,
        "y": 391,
        "radius": 33,
        "x_axis": 0.881780589991881,
        "y_axis": -0.2802134384576208,
        "z_axis": -0.37939876122798244,
        "omega": 0.5503680505847781
    },
    "48": {
        "frame": 48,
        "x": 1011,
        "y": 383,
        "radius": 32,
        "x_axis": 0.37003615436217524,
        "y_axis": 0.2281250342264857,
        "z_axis": -0.9005732692146805,
        "omega": 0.7258259978318661
    },
    "49": {
        "frame": 49,
        "x": 1017,
        "y": 376,
        "radius": 31,
        "x_axis": -0.621799109989156,
        "y_axis": 0.7831573727031743,
        "z_axis": -0.0055132927869683155,
        "omega": 0.6916796412011957
    },
    "50": {
        "frame": 50,
        "x": 1023,
        "y": 369,
        "radius": 30,
        "x_axis": 0.45162095639750144,
        "y_axis": 0.86585698940444,
        "z_axis": 0.2152444787725939,
        "omega": 0.28346406733743557
    },
    "51": {
        "frame": 51,
        "x": 1028,
        "y": 362,
        "radius": 30,
        "x_axis": -0.2945495956528436,
        "y_axis": -0.9175397678567002,
        "z_axis": 0.2671353778559083,
        "omega": 0.6253702797123917
    },
    "52": {
        "frame": 52,
        "x": 1033,
        "y": 355,
        "radius": 29,
        "x_axis": 0.8080425478171283,
        "y_axis": -0.46764457332332116,
        "z_axis": -0.35829567951407526,