{
    "34": {
        "frame": 34,
        "x": 625,
        "y": 749,
        "radius": 78,
        "x_axis": -0.9403296357518885,
        "y_axis": -0.13215689073775713,
        "z_axis": 0.3135518017126507,
        "omega": 0.12889182721073003
    },
    "35": {
        "frame": 35,
        "x": 654,
        "y": 724,
        "radius": 68,
        "x_axis": -0.514880657276878,
        "y_axis": -0.03474001260929971,
        "z_axis": 0.85655766897859,
        "omega": 0.18135374206862437
    },
    "37": {
        "frame": 37,
        "x": 706,
        "y": 679,
        "radius": 59,
        "x_axis": 0.2969341597839003,
        "y_axis": 0.0361589272989656,
        "z_axis": -0.9542130981756733,
        "omega": 0.14363055489790016
    },
    "38": {
        "frame": 38,
        "x": 730,
        "y": 657,
        "radius": 56,
        "x_axis": -0.590027986267555,
        "y_axis": 0.8016072945297343,
        "z_axis": 0.09639875921283396,
        "omega": 0.7231078944464788
    },
    "39": {
        "frame": 39,
        "x": 752,
        "y": 637,
        "radius": 53,
        "x_axis": -0.1090117400649188,
        "y_axis": 0.26397380645836704,
        "z_axis": 0.9583497639337629,
        "omega": 0.42774133687510274
    },
    "40": {
        "frame": 40,
        "x": 773,
        "y": 618,
        "radius": 51,
        "x_axis": -0.4719897756274577,
        "y_axis": 0.14996474170572185,
        "z_axis": 0.86875556283012,
        "omega": 0.4908438613125384
    },
    "41": {
        "frame": 41,
        "x": 793,
        "y": 599,
        "radius": 49,
        "x_axis": 0.15722811185626628,
        "y_axis": 0.840517323410197,
        "z_axis": 0.5184688514168151,
        "omega": 0.2177884185423695
    },
    "42": {
        "frame": 42,
        "x": 811,
        "y": 582,
        "radius": 48,
        "x_axis": 0.21861755728545745,
        "y_axis": 0.26319948941569965,
        "z_axis": -0.9396448224823328,
        "omega": 0.3229879602462466
    },
    "43": {
        "frame": 43,
        "x": 828,
        "y": 565,
        "radius": 46,
        "x_axis": 0.12632003158176525,
        "y_axis": 0.36973625998033277,
        "z_axis": 0.9205098302989153,
        "omega": 0.6846251441840118
    },
    "44": {
        "frame": 44,
        "x": 845,
        "y": 549,
        "radius": 45,
        "x_axis": -0.046447645170156614,
        "y_axis": 0.4393492176023374,
        "z_axis": -0.8971147536688721,
        "omega": 2.344011127434587
    },
    "45": {
        "frame": 45,
        "x": 860,
        "y": 534,
        "radius": 44,
        "x_axis": -0.07820986005467981,
        "y_axis": -0.9967643416355331,
        "z_axis": -0.018548990110234233,
        "omega": 0.3050775482196753
    },
    "46": {
        "frame": 46,
        "x": 874,
        "y": 519,
        "radius": 43,
        "x_axis": 0.24046817652071859,
        "y_axis": 0.13713338186021484,
        "z_axis": -0.9609211682861301,
        "omega": 1.1152998926436881
    },
    "47": {
        "frame": 47,
        "x": 888,
        "y": 506,
        "radius": 42,
        "x_axis": -0.9509998787969182,
        "y_axis": -0.03357329694210302,
        "z_axis": -0.30736308213688307,
        "omega": 0.24781837415099603
    },
    "49": {
        "frame": 49,
        "x": 912,
        "y": 480,
        "radius": 40,
        "x_axis": -0.9784942778558742,
        "y_axis": 0.15948599778859354,
        "z_axis": -0.13081729515888998,
        "omega": 0.39129399440891593
    },
    "50": {
        "frame": 50,
        "x": 923,
        "y": 468,
        "radius": 39,
        "x_axis": 0.8646353683099766,
        "y_axis": -0.34617408276861894,
        "z_axis": -0.3641005139886193,
        "omega": 0.8618171575631794
    },
    "51": {
        "frame": 51,
        "x": 934,
        "y": 457,
        "radius": 38,
        "x_axis": 0.8874666836378899,
        "y_axis": 0.4607496949644574,
        "z_axis": 0.010611504272479566,
        "omega": 0.8184589066629412
    },
    "52": {
        "frame": 52,
        "x": 944,
        "y": 446,
        "radius": 38,
        "x_axis": -0.5266619013188548,
        "y_axis": 0.6798715635174045,
        "z_axis": 0.5102958933987305,
        "omega": 0.48127558391547404
    },
    "53": {
        "frame": 53,
        "x": 953,
        "y": 436,
        "radius": 37,
        "x_axis": -0.41605971438610045,
        "y_axis": 0.9093209694740303,
        "z_axis": 0.005448719094083717,
        "omega": 0.6501410679406002
    },
    "54": {
        "frame": 54,
        "x": 962,
        "y": 426,
        "radius": 36,
        "x_axis": -0.506635568184619,
        "y_axis": -0.8592439284921899,
        "z_axis": -0.07085388062454216,
        "omega": 0.7807796674380835
    },
    "55": {
        "frame": 55,
        "x": 970,
        "y": 417,
        "radius": 36,
        "x_axis": 0.9545688270005437,
        "y_axis": -0.2525696834883394,
        "z_axis": 0.15813573126085734,
        "omega": 0.2929955049086941
    },
    "56": {
        "frame": 56,
        "x": 978,
        "y": 408,
        "radius": 35,
        "x_axis": 0.2990513316379613,
        "y_axis": 0.1786445760454584,
        "z_axis": -0.9373656791749422,
        "omega": 0.7813234698146777
    },
    "57": {
        "frame": 57,
        "x": 985,
        "y": 400,
        "radius": 34,
        "x_axis": -0.5550952204783995,
        "y_axis": 0.8174253230427376,
        "z_axis": 0.15389976429648347,
        "omega": 0.8229698635104772
    },
    "58": {
        "frame": 58,
        "x": 992,
        "y": 392,
        "radius": 34,
        "x_axis": 0.062018331080300575,
        "y_axis": 0.872539062052243,
        "z_axis": -0.4845919023291727,
        "omega": 0.826877023532245
    },
    "59": {
        "frame": 59,
        "x": 999,
        "y": 384,
        "radius": 33,
        "x_axis": -0.3803662650201785,
        "y_axis": -0.5000392206835994,
        "z_axis": -0.7779988960228273,
        "omega": 0.9019034921560813
    },
    "60": {
        "frame": 60,
        "x": 1005,
        "y": 377,
        "radius": 33,
        "x_axis": 0.3994509853931037,
        "y_axis": -0.06303645766410879,
        "z_axis": -0.9145847775212746,
        "omega": 0.3398042122183963
    },
    "61": {
        "frame": 61,
        "x": 1011,
        "y": 370,
        "radius": 32,
        "x_axis": -0.3483288645577264,
        "y_axis": -0.275956482974601,
        "z_axis": -0.8958320275700203,
        "omega": 0.8701118041335524
    },
    "62": {
        "frame": 62,
        "x": 1017,
        "y": 363,
        "radius": 32,
        "x_axis": -0.5009377930129836,
        "y_axis": 0.8625269706503896,
        "z_axis": 0.07147413820357214,
        "omega": 0.541078257633999
    },
    "63": {
        "frame": 63,
        "x": 1023,
        "y": 357,
        "radius": 31,
        "x_axis": 0.39490284716088353,
        "y_axis": 0.788387622082762,
        "z_axis": 0.4716955571668191,
        "omega": 0.3722544000400762
    },
    "64": {
        "frame": 64,
        "x": 1028,
        "y": 351,
        "radius": 31,
        "x_axis": -0.21555748194708538,
        "y_axis": -0.9024610943696556,
        "z_axis": 0.372959709788813,
        "omega": 0.609684105079253
    },
    "65": {
        "frame": 65,
        "x": 1033,
        "y": 345,
        "radius": 30,
        "x_axis": 0.725426268396434,
        "y_axis": -0.3034378878245258,
        "z_axis": -0.6178043196296183,
        "omega": 0.28737306660679734
    },
    "66": {
        "frame": 66,
        "x": 1038,
        "y": 340,
        "radius": 30,
        "x_axis": -0.9786912210900192,
        "y_axis": 0.06973938807959461,
        "z_axis": -0.19313185007038847,
        "omega": 0.7724190384511233
    },
    "67": {
        "frame": 67,
        "x": 1043,
        "y": 334,
        "radius": 30,
        "x_axis": 0.10431485392940865,
        "y_axis": 0.9828829023092129,
        "z_axis": -0.15185391531964013,