{
    "42": {
        "frame": 42,
        "x": 871,
        "y": 945,
        "radius": 64,
        "x_axis": -0.7833908699660641,
        "y_axis": 0.6115342835419361,
        "z_axis": 0.11101605697674562,
        "angle": 0.43892593970904337
    },
    "43": {
        "frame": 43,
        "x": 893,
        "y": 915,
        "radius": 61,
        "x_axis": 0.8438172784080205,
        "y_axis": -0.00439091300305851,
        "z_axis": -0.5366126354672252,
        "angle": 0.6656884041077877
    },
    "44": {
        "frame": 44,
        "x": 913,
        "y": 887,
        "radius": 58,
        "x_axis": -0.1454447727575605,
        "y_axis": 0.4645904931148877,
        "z_axis": 0.8734995659900281,
        "angle": 0.21087881631385336
    },
    "46": {
        "frame": 46,
        "x": 951,
        "y": 834,
        "radius": 53,
        "x_axis": 0.9382146948790452,
        "y_axis": -0.0936316434979105,
        "z_axis": 0.3331460665367375,
        "angle": 0.040565765002273504
    },
    "48": {
        "frame": 48,
        "x": 983,
        "y": 787,
        "radius": 49,
        "x_axis": -0.7245928923848303,
        "y_axis": 0.6688025255724622,
        "z_axis": 0.16633797549952867,
        "angle": 0.13053765354334837
    },
    "49": {
        "frame": 49,
        "x": 998,
        "y": 766,
        "radius": 47,
        "x_axis": -0.3429684670778598,
        "y_axis": -0.1992045758823034,
        "z_axis": -0.917981572548063,
        "angle": 0.49239349280521805
    },
    "51": {
        "frame": 51,
        "x": 1026,
        "y": 726,
        "radius": 43,
        "x_axis": -0.4341474126961851,
        "y_axis": -0.6202451779993534,
        "z_axis": -0.6533084594720617,
        "angle": 0.2896108795883621
    },
    "52": {
        "frame": 52,
        "x": 1038,
        "y": 708,
        "radius": 41,
        "x_axis": -0.2735619895097219,
        "y_axis": 0.960818405292166,
        "z_axis": 0.044629922107279486,
        "angle": 0.062245834806318706
    },
    "53": {
        "frame": 53,
        "x": 1049,
        "y": 690,
        "radius": 40,
        "x_axis": 0.48447114658962354,
        "y_axis": 0.1522588210897014,
        "z_axis": 0.8614551407487855,
        "angle": 0.30503169751123066
    },
    "54": {
        "frame": 54,
        "x": 1060,
        "y": 674,
        "radius": 38,
        "x_axis": -0.19281132160600964,
        "y_axis": -0.2871323623983975,
        "z_axis": -0.9382850317062823,
        "angle": 0.32928128512517396
    },
    "55": {
        "frame": 55,
        "x": 1070,
        "y": 658,
        "radius": 37,
        "x_axis": -0.5174143497268944,
        "y_axis": -0.4526423958470092,
        "z_axis": -0.7262212143545342,
        "angle": 0.2276073964898337
    },
    "57": {
        "frame": 57,
        "x": 1088,
        "y": 630,
        "radius": 35,
        "x_axis": -0.026392009798075333,
        "y_axis": -0.1388180568831358,
        "z_axis": 0.9899661655339584,
        "angle": 0.36369569021536124
    },
    "59": {
        "frame": 59,
        "x": 1104,
        "y": 604,
        "radius": 33,
        "x_axis": 0.29888927911566837,
        "y_axis": -0.9496738865947615,
        "z_axis": -0.0937267728544871,
        "angle": 0.1760235558494088
    },
    "60": {
        "frame": 60,
        "x": 1112,
        "y": 593,
        "radius": 32,
        "x_axis": -0.6346451157304485,
        "y_axis": -0.7581610325665746,
        "z_axis": -0.1497244995886481,
        "angle": 0.20432562193545928
    },
    "61": {
        "frame": 61,
        "x": 1118,
        "y": 582,
        "radius": 31,
        "x_axis": -0.23657865654041232,
        "y_axis": -0.2532981147474998,
        "z_axis": -0.9380141813079885,
        "angle": 0.24171535022131344
    },
    "66": {
        "frame": 66,
        "x": 1147,
        "y": 534,
        "radius": 28,
        "x_axis": -0.10614931786626557,
        "y_axis": 0.5781757122184682,
        "z_axis": 0.8089778539102251,
        "angle": 0.2873183089987311
    },
    "95": {
        "frame": 95,
        "x": 1222,
        "y": 393,
        "radius": 19,
        "x_axis": 0.3771961196349731,
        "y_axis": 0.8834744350063822,
        "z_axis": -0.2778416995745471,
        "angle": 0.7733911152179069
    },
    "96": {
        "frame": 96,
        "x": 1222,
        "y": 390,
        "radius": 19,
        "x_axis": -0.7572236201868092,
        "y_axis": -0.5408138990926201,
        "z_axis": 0.3662413351595099,
        "angle": 0.8272787991503341
    },
    "97": {
        "frame": 97,
        "x": 1222,
        "y": 388,
        "radius": 19,
        "x_axis": 0.6754191856197115,
        "y_axis": -0.6735268895956681,
        "z_axis": 0.30028395343139896,
        "angle": 0.8523867538044962
    }
}