{
    "44": {
        "frame": 44,
        "x": 806,
        "y": 862,
        "radius": 68,
        "x_axis": 0.47621237294342195,
        "y_axis": -0.14120219045851734,
        "z_axis": -0.8679191882112711,
        "omega": 0.689158569484337
    },
    "45": {
        "frame": 45,
        "x": 822,
        "y": 833,
        "radius": 66,
        "x_axis": 0.3598842967520932,
        "y_axis": -0.24814672804802618,
        "z_axis": -0.8993922916671625,
        "omega": 0.2873917863515426
    },
    "46": {
        "frame": 46,
        "x": 838,
        "y": 805,
        "radius": 65,
        "x_axis": -0.26373804140280277,
        "y_axis": 0.14167075712410765,
        "z_axis": 0.9541339749180383,
        "omega": 1.042912264346185
    },
    "47": {
        "frame": 47,
        "x": 853,
        "y": 777,
        "radius": 63,
        "x_axis": -0.6975664323740027,
        "y_axis": 0.5133554344506276,
        "z_axis": 0.4998672527231737,
        "omega": 0.2884628797788396
    },
    "48": {
        "frame": 48,
        "x": 866,
        "y": 751,
        "radius": 61,
        "x_axis": -0.20531907248993903,
        "y_axis": -0.018674336067565304,
        "z_axis": -0.9785169122934498,
        "omega": 0.10372769616137317
    },
    "49": {
        "frame": 49,
        "x": 879,
        "y": 725,
        "radius": 60,
        "x_axis": -0.07359763584231242,
        "y_axis": 0.6175505083815911,
        "z_axis": -0.7830803008606849,
        "omega": 0.21198398186451325
    },
    "50": {
        "frame": 50,
        "x": 891,
        "y": 701,
        "radius": 58,
        "x_axis": -0.2012995957654078,
        "y_axis": 0.6012293428617133,
        "z_axis": 0.7733057286912829,
        "omega": 0.583678751399266
    },
    "51": {
        "frame": 51,
        "x": 903,
        "y": 677,
        "radius": 57,
        "x_axis": -0.3196008769228455,
        "y_axis": -0.7891632879006213,
        "z_axis": -0.5244774394576275,
        "omega": 0.3416272113614314
    },
    "52": {
        "frame": 52,
        "x": 914,
        "y": 654,
        "radius": 55,
        "x_axis": 0.4188703654063184,
        "y_axis": 0.1256542807854578,
        "z_axis": -0.899310079285597,
        "omega": 0.34835360135378507
    },
    "53": {
        "frame": 53,
        "x": 924,
        "y": 632,
        "radius": 54,
        "x_axis": 0.684990128490612,
        "y_axis": 0.5529366044413518,
        "z_axis": -0.47439396638161735,
        "omega": 0.32501248564907703
    },
    "54": {
        "frame": 54,
        "x": 933,
        "y": 611,
        "radius": 52,
        "x_axis": -0.49624994373024617,
        "y_axis": 0.755113951383299,
        "z_axis": -0.4284144182611369,
        "omega": 0.058101550465883674
    },
    "55": {
        "frame": 55,
        "x": 942,
        "y": 591,
        "radius": 51,
        "x_axis": 0.5195452427882062,
        "y_axis": -0.8378342559472645,
        "z_axis": 0.1676499336636838,
        "omega": 0.27406624164825233
    },
    "56": {
        "frame": 56,
        "x": 950,
        "y": 571,
        "radius": 49,
        "x_axis": 0.364821584744134,
        "y_axis": -0.7301439196060497,
        "z_axis": -0.5777500047313658,
        "omega": 0.33552934658127714
    },
    "57": {
        "frame": 57,
        "x": 957,
        "y": 552,
        "radius": 48,
        "x_axis": -0.4325828691785685,
        "y_axis": -0.7751115580772723,
        "z_axis": 0.46051507448536483,
        "omega": 0.6639068425898922
    },
    "60": {
        "frame": 60,
        "x": 977,
        "y": 501,
        "radius": 44,
        "x_axis": -0.5151769289065251,
        "y_axis": -0.8468133079708668,
        "z_axis": -0.13228738929270353,
        "omega": 0.8398252813319464
    },
    "61": {
        "frame": 61,
        "x": 983,
        "y": 485,
        "radius": 43,
        "x_axis": -0.06914940261865475,
        "y_axis": -0.9563617507399222,
        "z_axis": -0.2838847685930934,
        "omega": 0.14936846190755776
    },
    "62": {
        "frame": 62,
        "x": 988,
        "y": 470,
        "radius": 42,
        "x_axis": -0.015483144379510197,
        "y_axis": -0.8741400661315212,
        "z_axis": 0.48542704603648007,
        "omega": 0.2538416542273995
    },
    "63": {
        "frame": 63,
        "x": 993,
        "y": 455,
        "radius": 41,
        "x_axis": -0.2591188803928278,
        "y_axis": -0.7102318862638467,
        "z_axis": -0.6545441723505494,
        "omega": 0.21498424284805154
    },
    "64": {
        "frame": 64,
        "x": 997,
        "y": 441,
        "radius": 40,
        "x_axis": 0.38663619801898075,
        "y_axis": 0.06234484859589017,
        "z_axis": -0.9201225843522064,
        "omega": 0.4678840447290525
    },
    "65": {
        "frame": 65,
        "x": 1001,
        "y": 428,
        "radius": 39,
        "x_axis": 0.5607716317142856,
        "y_axis": 0.7532601705714471,
        "z_axis": -0.34370669544710963,
        "omega": 0.21730579431264524
    },
    "66": {
        "frame": 66,
        "x": 1005,
        "y": 416,
        "radius": 38,
        "x_axis": 0.6891820540641911,
        "y_axis": -0.3110886187640896,
        "z_axis": 0.6544096328992365,
        "omega": 0.20764926591362276
    },
    "67": {
        "frame": 67,
        "x": 1009,
        "y": 404,
        "radius": 37,
        "x_axis": 0.18166265416115307,
        "y_axis": -0.7909485970568376,
        "z_axis": 0.584293587930713,
        "omega": 0.2018178736650175
    },
    "68": {
        "frame": 68,
        "x": 1012,
        "y": 392,
        "radius": 36,
        "x_axis": 0.24570334435826974,
        "y_axis": -0.9244185460744767,
        "z_axis": 0.29168513545381797,
        "omega": 0.2950574588954008
    },
    "69": {
        "frame": 69,
        "x": 1015,
        "y": 382,
        "radius": 35,
        "x_axis": -0.44449263466398053,
        "y_axis": -0.3230459282920453,
        "z_axis": -0.8355044140777498,
        "omega": 0.30939246323303565
    },
    "70": {
        "frame": 70,
        "x": 1017,
        "y": 371,
        "radius": 34,
        "x_axis": -0.7631141676590772,
        "y_axis": -0.5941081001853141,
        "z_axis": 0.25434687419386626,
        "omega": 0.9174796425548879
    },
    "71": {
        "frame": 71,
        "x": 1020,
        "y": 361,
        "radius": 34,
        "x_axis": 0.19884001847220423,
        "y_axis": 0.4802211915520156,
        "z_axis": 0.8543127379586095,
        "omega": 0.2734712389188002
    },
    "72": {
        "frame": 72,
        "x": 1022,
        "y": 352,
        "radius": 33,
        "x_axis": 0.5114979645486278,
        "y_axis": 0.3545879793260586,
        "z_axis": 0.7827114392801944,
        "omega": 0.2665372447304952
    },
    "73": {
        "frame": 73,
        "x": 1024,
        "y": 343,
        "radius": 32,
        "x_axis": -0.6490479628892012,
        "y_axis": 0.619130968814194,
        "z_axis": -0.4420560884374016,
        "omega": 1.669167555647023
    },
    "74": {
        "frame": 74,
        "x": 1025,
        "y": 335,
        "radius": 32,
        "x_axis": -0.5282287470630735,
        "y_axis": -0.8464360230569113,
        "z_axis": -0.0672342892263707,
        "omega": 0.5758352876779443
    },
    "75": {
        "frame": 75,
        "x": 1027,
        "y": 327,
        "radius": 31,
        "x_axis": 0.9904512623549452,
        "y_axis": -0.05737807565011478,
        "z_axis": -0.12535570722621744,
        "omega": 0.5370806568223877
    },
    "76": {
        "frame": 76,
        "x": 1028,
        "y": 319,
        "radius": 30,
        "x_axis": -0.08915698613678168,
        "y_axis": 0.9713204532238866,
        "z_axis": 0.22042597163662275,
        "omega": 0.21653100213848875
    },
    "77": {
        "frame": 77,
        "x": 1030,
        "y": 312,
        "radius": 30,
        "x_axis": 0.2649737646724042,
        "y_axis": 0.743657980003297,
        "z_axis": 0.6138091827373955,