{
    "65": {
        "frame": 65,
        "x": 727,
        "y": 900,
        "radius": 58,
        "x_axis": 0.8132455474428106,
        "y_axis": 0.3283305323917847,
        "z_axis": -0.4804484790940341,
        "angle": 0.6418374377214036
    },
    "66": {
        "frame": 66,
        "x": 756,
        "y": 875,
        "radius": 56,
        "x_axis": 0.655988120122878,
        "y_axis": 0.5818678487545854,
        "z_axis": 0.480738382952062,
        "angle": 0.3044590897703327
    },
    "67": {
        "frame": 67,
        "x": 783,
        "y": 851,
        "radius": 54,
        "x_axis": 0.8201052322580563,
        "y_axis": 0.4845906889165067,
        "z_axis": -0.30430128530518064,
        "angle": 0.12703417328233896
    },
    "68": {
        "frame": 68,
        "x": 809,
        "y": 828,
        "radius": 52,
        "x_axis": -0.9696585086035062,
        "y_axis": -0.0287214920560048,
        "z_axis": 0.24277037007612956,
        "angle": 0.14776532165102604
    },
    "69": {
        "frame": 69,
        "x": 833,
        "y": 806,
        "radius": 50,
        "x_axis": -0.9870408701746611,
        "y_axis": 0.12408019625619121,
        "z_axis": -0.1017566975774711,
        "angle": 0.217997824214046
    },
    "70": {
        "frame": 70,
        "x": 856,
        "y": 785,
        "radius": 48,
        "x_axis": -0.9876569896343949,
        "y_axis": 0.1562293565230685,
        "z_axis": -0.011227599329910298,
        "angle": 0.23020426071295363
    },
    "71": {
        "frame": 71,
        "x": 877,
        "y": 765,
        "radius": 46,
        "x_axis": 0.41959144495318257,
        "y_axis": -0.2726531749090496,
        "z_axis": -0.8657963187344443,
        "angle": 0.09781451640436908
    },
    "72": {
        "frame": 72,
        "x": 898,
        "y": 746,
        "radius": 45,
        "x_axis": -0.4941413819131055,
        "y_axis": -0.11197143173844597,
        "z_axis": -0.8621407617990517,
        "angle": 0.23679699950974045
    },
    "73": {
        "frame": 73,
        "x": 917,
        "y": 728,
        "radius": 43,
        "x_axis": 0.6442325452691707,
        "y_axis": 0.18988841206104237,
        "z_axis": 0.7408824593556942,
        "angle": 0.17556744029085308
    },
    "74": {
        "frame": 74,
        "x": 935,
        "y": 711,
        "radius": 42,
        "x_axis": 0.44802102331456073,
        "y_axis": 0.35895689951705795,
        "z_axis": 0.8187961327200286,
        "angle": 0.44053650277196177
    },
    "75": {
        "frame": 75,
        "x": 952,
        "y": 695,
        "radius": 40,
        "x_axis": -0.498855084376084,
        "y_axis": 0.5602449102964727,
        "z_axis": -0.6612633705862039,
        "angle": 0.1726024540889963
    },
    "79": {
        "frame": 79,
        "x": 1010,
        "y": 637,
        "radius": 36,
        "x_axis": 0.08377908478787181,
        "y_axis": 0.991018110257418,
        "z_axis": -0.10423132971387615,
        "angle": 0.22407238305419547
    },
    "80": {
        "frame": 80,
        "x": 1022,
        "y": 624,
        "radius": 35,
        "x_axis": -0.7125699643544652,
        "y_axis": -0.6115072743991072,
        "z_axis": 0.34395188508983504,
        "angle": 0.6981815647897587
    },
    "87": {
        "frame": 87,
        "x": 1091,
        "y": 551,
        "radius": 29,
        "x_axis": -0.19861833412395372,
        "y_axis": -0.21916268907411393,
        "z_axis": -0.9552583279237239,
        "angle": 0.8444910101816118
    },
    "114": {
        "frame": 114,
        "x": 1216,
        "y": 410,
        "radius": 18,
        "x_axis": -0.6206932545212437,
        "y_axis": -0.7354816421489621,
        "z_axis": -0.2716737710079732,
        "angle": 0.12199369157161111
    },
    "124": {
        "frame": 124,
        "x": 1230,
        "y": 381,
        "radius": 19,
        "x_axis": -0.5502046791444949,
        "y_axis": 0.6162168062616848,
        "z_axis": -0.5635172213234948,
        "angle": 0.11927494151523804
    }
}