{
    "88": {
        "frame": 88,
        "x": 968,
        "y": 655,
        "radius": 37,
        "x_axis": 0.16909617222378368,
        "y_axis": 0.7943185183459255,
        "z_axis": -0.5834934240863372,
        "angle": 0.3311163017853604
    },
    "89": {
        "frame": 89,
        "x": 983,
        "y": 640,
        "radius": 35,
        "x_axis": -0.03920234308353464,
        "y_axis": 0.6391231112471975,
        "z_axis": -0.7681046966178916,
        "angle": 0.13438737509063486
    },
    "90": {
        "frame": 90,
        "x": 997,
        "y": 625,
        "radius": 33,
        "x_axis": -0.822295788753452,
        "y_axis": -0.3963977540075808,
        "z_axis": 0.4082872229400323,
        "angle": 0.30168931488747913
    },
    "91": {
        "frame": 91,
        "x": 1010,
        "y": 609,
        "radius": 32,
        "x_axis": 0.3538075362807049,
        "y_axis": -0.09733631048158581,
        "z_axis": -0.9302396841313587,
        "angle": 0.21568061583439316
    },
    "92": {
        "frame": 92,
        "x": 1023,
        "y": 594,
        "radius": 30,
        "x_axis": 0.8251043675132208,
        "y_axis": 0.5556662867996448,
        "z_axis": -0.10216535824291385,
        "angle": 0.6082506207885038
    },
    "93": {
        "frame": 93,
        "x": 1035,
        "y": 580,
        "radius": 29,
        "x_axis": 0.9517420643925674,
        "y_axis": 0.29495772400232606,
        "z_axis": 0.08477608104378284,
        "angle": 0.12997993912614875
    },
    "94": {
        "frame": 94,
        "x": 1046,
        "y": 565,
        "radius": 28,
        "x_axis": 0.40817219179517955,
        "y_axis": -0.15660978565544087,
        "z_axis": 0.8993713564941215,
        "angle": 0.2922085916971778
    },
    "95": {
        "frame": 95,
        "x": 1056,
        "y": 551,
        "radius": 28,
        "x_axis": -0.62229620163942,
        "y_axis": -0.6989146170020022,
        "z_axis": 0.3525135395500363,
        "angle": 0.6827585528228436
    },
    "96": {
        "frame": 96,
        "x": 1066,
        "y": 537,
        "radius": 27,
        "x_axis": 0.7782026465783454,
        "y_axis": 0.19112044788541932,
        "z_axis": -0.5982253883433363,
        "angle": 0.23621972846062075
    },
    "97": {
        "frame": 97,
        "x": 1076,
        "y": 524,
        "radius": 26,
        "x_axis": 0.916561655426559,
        "y_axis": 0.37277376717015603,
        "z_axis": -0.14475652079093446,
        "angle": 0.3143584056026827
    },
    "98": {
        "frame": 98,
        "x": 1084,
        "y": 512,
        "radius": 26,
        "x_axis": 0.7710318866710926,
        "y_axis": 0.3568101705406167,
        "z_axis": -0.5274432025680031,
        "angle": 0.14684294540707382
    },
    "99": {
        "frame": 99,
        "x": 1092,
        "y": 500,
        "radius": 25,
        "x_axis": -0.4230040546033318,
        "y_axis": -0.5667598875626132,
        "z_axis": 0.7070012727281016,
        "angle": 0.2316367869174061
    },
    "100": {
        "frame": 100,
        "x": 1100,
        "y": 488,
        "radius": 25,
        "x_axis": -0.79923695138,
        "y_axis": -0.1439451625695731,
        "z_axis": -0.5835238518874981,
        "angle": 0.19797902736843837
    },
    "101": {
        "frame": 101,
        "x": 1107,
        "y": 477,
        "radius": 24,
        "x_axis": 0.9392866233238023,
        "y_axis": 0.10359113359215348,
        "z_axis": -0.32712309042019994,
        "angle": 0.2532549485508646
    },
    "102": {
        "frame": 102,
        "x": 1114,
        "y": 467,
        "radius": 24,
        "x_axis": 0.9557115665512511,
        "y_axis": 0.2933490954576376,
        "z_axis": 0.023700416754550813,
        "angle": 0.17895612696336055
    },
    "103": {
        "frame": 103,
        "x": 1120,
        "y": 458,
        "radius": 23,
        "x_axis": 0.2856583536091569,
        "y_axis": 0.5188847400257026,
        "z_axis": 0.8057033769209144,
        "angle": 0.24042663955789573
    },
    "104": {
        "frame": 104,
        "x": 1126,
        "y": 449,
        "radius": 23,
        "x_axis": -0.8973576683317136,
        "y_axis": -0.30880255178352173,
        "z_axis": 0.3152621117391934,
        "angle": 0.20231796723383977
    },
    "105": {
        "frame": 105,
        "x": 1131,
        "y": 440,
        "radius": 22,
        "x_axis": 0.09582793885708793,
        "y_axis": 0.13325047966269482,
        "z_axis": -0.9864387035209354,
        "angle": 0.27234711452855603
    },
    "106": {
        "frame": 106,
        "x": 1136,
        "y": 433,
        "radius": 22,
        "x_axis": 0.7943987406232986,
        "y_axis": 0.04883891386334292,
        "z_axis": -0.6054299310314664,
        "angle": 0.36820393756004977
    },
    "107": {
        "frame": 107,
        "x": 1141,
        "y": 425,
        "radius": 21,
        "x_axis": 0.9521098145937875,
        "y_axis": 0.3055346683568164,
        "z_axis": -0.01163904576303426,
        "angle": 0.13863565707762968
    },
    "108": {
        "frame": 108,
        "x": 1145,
        "y": 419,
        "radius": 21,
        "x_axis": -0.24403651340256605,
        "y_axis": 0.030779050518103437,
        "z_axis": 0.9692774784216971,
        "angle": 0.20444711120073616
    },
    "109": {
        "frame": 109,
        "x": 1149,
        "y": 412,
        "radius": 20,
        "x_axis": -0.6288838858737535,
        "y_axis": -0.6991095650064992,
        "z_axis": 0.3402218014836078,
        "angle": 0.2419191831533277
    },
    "110": {
        "frame": 110,
        "x": 1153,
        "y": 406,
        "radius": 20,
        "x_axis": 0.9109595008182357,
        "y_axis": 0.08721298296448864,
        "z_axis": -0.4031707869767187,
        "angle": 0.24725058908578668
    },
    "111": {
        "frame": 111,
        "x": 1157,
        "y": 401,
        "radius": 19,
        "x_axis": 0.5473869575733709,
        "y_axis": 0.5304850748045379,
        "z_axis": -0.6472658681625291,
        "angle": 0.2005345543951393
    },
    "112": {
        "frame": 112,
        "x": 1160,
        "y": 395,
        "radius": 19,
        "x_axis": 0.8520767621297038,
        "y_axis": 0.503377596705708,
        "z_axis": 0.14344401895285033,
        "angle": 0.1466940774363106
    },
    "113": {
        "frame": 113,
        "x": 1163,
        "y": 390,
        "radius": 18,
        "x_axis": -0.33787364202773357,
        "y_axis": -0.4081798068561274,
        "z_axis": 0.8480746708266965,
        "angle": 0.4583040229012966
    },
    "114": {
        "frame": 114,
        "x": 1167,
        "y": 384,
        "radius": 18,
        "x_axis": -0.6766940855334588,
        "y_axis": 0.4045969333198647,
        "z_axis": -0.6151312349021117,
        "angle": 0.14078719229118575
    },
    "115": {
        "frame": 115,
        "x": 1170,
        "y": 379,
        "radius": 18,
        "x_axis": 0.8123784162323029,
        "y_axis": -0.13121897286093331,
        "z_axis": 0.5681750522516955,
        "angle": 0.3601354245793718
    }
}