{
    "6": {
        "frame": 6,
        "x": 993,
        "y": 766,
        "radius": 49,
        "x_axis": -0.9663550992632797,
        "y_axis": 0.17344487127870953,
        "z_axis": -0.18993340610584786,
        "angle": 0.37437039139796724
    },
    "7": {
        "frame": 7,
        "x": 1009,
        "y": 747,
        "radius": 49,
        "x_axis": -0.9705019996591139,
        "y_axis": 0.023390658583268813,
        "z_axis": 0.23995571622426987,
        "angle": 0.2969261683865771
    },
    "8": {
        "frame": 8,
        "x": 1024,
        "y": 729,
        "radius": 48,
        "x_axis": 0.9877506599726722,
        "y_axis": 0.08939432493497174,
        "z_axis": 0.12789561522183338,
        "angle": 0.1700738006447388
    },
    "9": {
        "frame": 9,
        "x": 1039,
        "y": 711,
        "radius": 47,
        "x_axis": 0.3455212892453295,
        "y_axis": -0.24854940823326951,
        "z_axis": -0.9048968064620059,
        "angle": 0.07468744464690073
    },
    "10": {
        "frame": 10,
        "x": 1054,
        "y": 694,
        "radius": 46,
        "x_axis": -0.6651703877641274,
        "y_axis": 0.4435217305667897,
        "z_axis": 0.6006969533439973,
        "angle": 0.1470985628844899
    },
    "11": {
        "frame": 11,
        "x": 1068,
        "y": 677,
        "radius": 45,
        "x_axis": 0.1463691825694426,
        "y_axis": -0.5423816257807301,
        "z_axis": -0.8272836480974377,
        "angle": 0.17075874427952584
    },
    "12": {
        "frame": 12,
        "x": 1081,
        "y": 661,
        "radius": 44,
        "x_axis": 0.5121767442200384,
        "y_axis": 0.4228954212901606,
        "z_axis": -0.7475523027400685,
        "angle": 0.1375257395898208
    },
    "13": {
        "frame": 13,
        "x": 1094,
        "y": 645,
        "radius": 44,
        "x_axis": 0.4643096450269117,
        "y_axis": 0.5236467662959841,
        "z_axis": 0.7142902895061238,
        "angle": 0.10816816947860299
    },
    "15": {
        "frame": 15,
        "x": 1118,
        "y": 615,
        "radius": 42,
        "x_axis": 0.8343110614709772,
        "y_axis": 0.41185474229949565,
        "z_axis": 0.3664706317736624,
        "angle": 0.30264522745377237
    },
    "16": {
        "frame": 16,
        "x": 1129,
        "y": 600,
        "radius": 41,
        "x_axis": 0.5726601784937341,
        "y_axis": 0.7826517695152675,
        "z_axis": -0.24396009436411012,
        "angle": 0.1833232396392133
    },
    "17": {
        "frame": 17,
        "x": 1140,
        "y": 586,
        "radius": 41,
        "x_axis": 0.09281256958223962,
        "y_axis": -0.994748602139129,
        "z_axis": 0.043139836228142034,
        "angle": 0.21280683139733367
    },
    "21": {
        "frame": 21,
        "x": 1180,
        "y": 534,
        "radius": 38,
        "x_axis": -0.18142975849239135,
        "y_axis": -0.3715179474478723,
        "z_axis": -0.9105260333771421,
        "angle": 0.1405628575980502
    },
    "22": {
        "frame": 22,
        "x": 1189,
        "y": 522,
        "radius": 37,
        "x_axis": 0.7054962801270539,
        "y_axis": 0.6607638216389286,
        "z_axis": -0.2562541136060215,
        "angle": 0.13929497520329495
    },
    "23": {
        "frame": 23,
        "x": 1198,
        "y": 510,
        "radius": 37,
        "x_axis": -0.5834430723824554,
        "y_axis": -0.5998613476174992,
        "z_axis": -0.5475039222904606,
        "angle": 0.34712516593553006
    },
    "24": {
        "frame": 24,
        "x": 1206,
        "y": 499,
        "radius": 36,
        "x_axis": 0.568350614617017,
        "y_axis": 0.06856684288808507,
        "z_axis": -0.8199244885480734,
        "angle": 0.2870879420842346
    },
    "25": {
        "frame": 25,
        "x": 1214,
        "y": 488,
        "radius": 36,
        "x_axis": 0.3686401337298325,
        "y_axis": 0.15248981788184043,
        "z_axis": -0.916979447559221,
        "angle": 0.21645483693763828
    },
    "27": {
        "frame": 27,
        "x": 1229,
        "y": 467,
        "radius": 34,
        "x_axis": 0.2875112838281655,
        "y_axis": -0.008025794454533206,
        "z_axis": 0.9577436234686472,
        "angle": 0.1620150149917707
    },
    "29": {
        "frame": 29,
        "x": 1244,
        "y": 447,
        "radius": 33,
        "x_axis": -0.75425951659156,
        "y_axis": -0.2815727296356142,
        "z_axis": 0.5931352118670882,
        "angle": 0.16782766915146236
    },
    "33": {
        "frame": 33,
        "x": 1269,
        "y": 410,
        "radius": 31,
        "x_axis": -0.5341686453141359,
        "y_axis": 0.7147729639454736,
        "z_axis": 0.45140167077212257,
        "angle": 0.18695887336412081
    },
    "36": {
        "frame": 36,
        "x": 1286,
        "y": 386,
        "radius": 30,
        "x_axis": 0.28574313363348375,
        "y_axis": 0.9582028974639981,
        "z_axis": 0.014073694359179439,
        "angle": 0.12856833672845314
    },
    "37": {
        "frame": 37,
        "x": 1291,
        "y": 378,
        "radius": 30,
        "x_axis": 0.7745962044407229,
        "y_axis": -0.6317245469595475,
        "z_axis": -0.030410801284751814,
        "angle": 0.25337235493272947
    },
    "39": {
        "frame": 39,
        "x": 1301,
        "y": 364,
        "radius": 29,
        "x_axis": -0.016275446002280744,
        "y_axis": 0.20886609541329,
        "z_axis": 0.9778088075100536,
        "angle": 0.20501672469696688
    },
    "40": {
        "frame": 40,
        "x": 1306,
        "y": 357,
        "radius": 28,
        "x_axis": -0.5432471921182189,
        "y_axis": 0.40004713065956743,
        "z_axis": -0.7381360182965726,
        "angle": 0.15037165595440224
    },
    "42": {
        "frame": 42,
        "x": 1315,
        "y": 343,
        "radius": 28,
        "x_axis": 0.7658657409188288,
        "y_axis": 0.6376823744552774,
        "z_axis": -0.08252791161742075,
        "angle": 0.12181614421850555
    },
    "43": {
        "frame": 43,
        "x": 1320,
        "y": 337,
        "radius": 27,
        "x_axis": 0.33755537033068145,
        "y_axis": -0.5237333042030675,
        "z_axis": -0.7821507514727922,
        "angle": 0.7601281676716711
    },
    "47": {
        "frame": 47,
        "x": 1336,
        "y": 312,
        "radius": 26,
        "x_axis": 0.9247246999721622,
        "y_axis": -0.32768674710788026,
        "z_axis": -0.19366369053400512,
        "angle": 0.1459504142678928
    },
    "51": {
        "frame": 51,
        "x": 1350,
        "y": 291,
        "radius": 25,
        "x_axis": -0.16450206068290882,
        "y_axis": 0.07304531508179497,
        "z_axis": -0.9836683658508482,
        "angle": 0.3675865198731542
    },
    "52": {
        "frame": 52,
        "x": 1353,
        "y": 285,
        "radius": 24,
        "x_axis": -0.6493093283856078,
        "y_axis": 0.17276931830047057,
        "z_axis": -0.7406403707099835,
        "angle": 0.23804928508374068
    },
    "56": {
        "frame": 56,
        "x": 1364,
        "y": 266,
        "radius": 23,
        "x_axis": -0.8663196912493749,
        "y_axis": -0.49640967792631335,
        "z_axis": 0.05538613738727095,
        "angle": 0.28050194080073143
    },
    "57": {
        "frame": 57,
        "x": 1367,
        "y": 261,
        "radius": 23,
        "x_axis": 0.3475983616584241,
        "y_axis": 0.8097227342883546,
        "z_axis": 0.4727837481861767,
        "angle": 0.14924949813171548
    },
    "58": {
        "frame": 58,
        "x": 1369,
        "y": 257,
        "radius": 23,
        "x_axis": -0.7417425680701284,
        "y_axis": -0.5093649519819625,
        "z_axis": -0.43630873060843506,
        "angle": 0.15423206444137197
    },
    "59": {
        "frame": 59,
        "x": 1372,
        "y": 252,
        "radius": 23,
        "x_axis": 0.05893117606146992,
        "y_axis": 0.5401421380468873,