{
    "54": {
        "frame": 54,
        "x": 1177,
        "y": 824,
        "radius": 125,
        "x_axis": -0.9056222009819975,
        "y_axis": -0.03204759246733303,
        "z_axis": 0.4228727715348558,
        "angle": 0.06377394420614123
    },
    "55": {
        "frame": 55,
        "x": 1202,
        "y": 801,
        "radius": 111,
        "x_axis": -0.11498686184366524,
        "y_axis": 0.9816431182275956,
        "z_axis": -0.15216704649742208,
        "angle": 0.012248132983251475
    },
    "56": {
        "frame": 56,
        "x": 1226,
        "y": 780,
        "radius": 103,
        "x_axis": -0.2673914624669218,
        "y_axis": 0.5165482299025698,
        "z_axis": -0.8134369871012276,
        "angle": 0.07272727814798126
    },
    "57": {
        "frame": 57,
        "x": 1248,
        "y": 760,
        "radius": 98,
        "x_axis": 0.1481833400894538,
        "y_axis": 0.6874449296980618,
        "z_axis": -0.710957921646816,
        "angle": 0.20040145184801025
    },
    "58": {
        "frame": 58,
        "x": 1269,
        "y": 741,
        "radius": 93,
        "x_axis": -0.9889622309657542,
        "y_axis": 0.14793462557569498,
        "z_axis": 0.008309770094111468,
        "angle": 0.0633097277397743
    },
    "59": {
        "frame": 59,
        "x": 1288,
        "y": 722,
        "radius": 90,
        "x_axis": -0.8598594109282113,
        "y_axis": -0.4032267933593733,
        "z_axis": 0.3131292808973742,
        "angle": 0.0610788498873816
    },
    "60": {
        "frame": 60,
        "x": 1306,
        "y": 705,
        "radius": 87,
        "x_axis": -0.8473538168002591,
        "y_axis": -0.5140065721189149,
        "z_axis": 0.13337448396374668,
        "angle": 0.2658173488538192
    },
    "61": {
        "frame": 61,
        "x": 1323,
        "y": 688,
        "radius": 84,
        "x_axis": 0.010764637165440506,
        "y_axis": 0.580406947006369,
        "z_axis": -0.8142554258053443,
        "angle": 0.1884474236178786
    },
    "62": {
        "frame": 62,
        "x": 1339,
        "y": 672,
        "radius": 82,
        "x_axis": -0.9903496487284634,
        "y_axis": 0.1377301212580176,
        "z_axis": 0.015426826039758543,
        "angle": 0.05603135717044635
    },
    "63": {
        "frame": 63,
        "x": 1354,
        "y": 657,
        "radius": 80,
        "x_axis": -0.46899698027502346,
        "y_axis": 0.5191391649514616,
        "z_axis": -0.7145182712194339,
        "angle": 0.08176785446304223
    },
    "64": {
        "frame": 64,
        "x": 1367,
        "y": 643,
        "radius": 78,
        "x_axis": -0.5286503637905813,
        "y_axis": 0.42365670540420847,
        "z_axis": -0.7355567883108263,
        "angle": 0.1534495257545695
    },
    "65": {
        "frame": 65,
        "x": 1380,
        "y": 630,
        "radius": 76,
        "x_axis": 0.08942507179625685,
        "y_axis": 0.5597817367067004,
        "z_axis": -0.8238006820729543,
        "angle": 0.16873648146537626
    },
    "66": {
        "frame": 66,
        "x": 1392,
        "y": 617,
        "radius": 75,
        "x_axis": -0.9766501405121905,
        "y_axis": 0.07924060068746536,
        "z_axis": 0.1996883327593491,
        "angle": 0.06879813423671849
    },
    "67": {
        "frame": 67,
        "x": 1403,
        "y": 605,
        "radius": 73,
        "x_axis": -0.9728576429466663,
        "y_axis": -0.21128945092294665,
        "z_axis": 0.0943651126684875,
        "angle": 0.05593399666933542
    },
    "68": {
        "frame": 68,
        "x": 1413,
        "y": 593,
        "radius": 72,
        "x_axis": -0.8246676609502996,
        "y_axis": -0.5356515131838896,
        "z_axis": 0.18166096280316024,
        "angle": 0.0238197656288749
    },
    "69": {
        "frame": 69,
        "x": 1423,
        "y": 583,
        "radius": 71,
        "x_axis": 0.9581260185472821,
        "y_axis": 0.28592388874160646,
        "z_axis": -0.015558355620403497,
        "angle": 0.31600884218338776
    },
    "70": {
        "frame": 70,
        "x": 1432,
        "y": 573,
        "radius": 69,
        "x_axis": 0.07587287707134772,
        "y_axis": -0.21460305436800337,
        "z_axis": 0.9737498834818107,
        "angle": 0.35884486871680205
    },
    "71": {
        "frame": 71,
        "x": 1440,
        "y": 563,
        "radius": 68,
        "x_axis": -0.9346806505228165,
        "y_axis": -0.07569687673896817,
        "z_axis": -0.3473356653011754,
        "angle": 0.2952864788242877
    },
    "72": {
        "frame": 72,
        "x": 1448,
        "y": 554,
        "radius": 67,
        "x_axis": -0.01913719945840805,
        "y_axis": 0.7874969786062543,
        "z_axis": -0.6160213277824964,
        "angle": 0.0770308337248871
    },
    "73": {
        "frame": 73,
        "x": 1455,
        "y": 545,
        "radius": 66,
        "x_axis": 0.06584490093470137,
        "y_axis": 0.6792458531248059,
        "z_axis": -0.7309511064590122,
        "angle": 0.3948379444257255
    },
    "74": {
        "frame": 74,
        "x": 1462,
        "y": 537,
        "radius": 65,
        "x_axis": -0.11932387204734723,
        "y_axis": -0.2522478350863847,
        "z_axis": 0.9602774824257104,
        "angle": 0.6292090334333524
    },
    "75": {
        "frame": 75,
        "x": 1468,
        "y": 530,
        "radius": 64,
        "x_axis": -0.39042571163072864,
        "y_axis": -0.5269977660869981,
        "z_axis": 0.7548782141756065,
        "angle": 0.43401125298261645
    },
    "76": {
        "frame": 76,
        "x": 1474,
        "y": 522,
        "radius": 63,
        "x_axis": 0.1424495187101184,
        "y_axis": 0.5838892904710767,
        "z_axis": -0.7992380315603346,
        "angle": 0.11214903192975308
    },
    "77": {
        "frame": 77,
        "x": 1480,
        "y": 515,
        "radius": 63,
        "x_axis": 0.14258659711810878,
        "y_axis": 0.19023390910787488,
        "z_axis": -0.9713290493688609,
        "angle": 0.11686567957879561
    },
    "78": {
        "frame": 78,
        "x": 1485,
        "y": 509,
        "radius": 62,
        "x_axis": -0.09012041637981233,
        "y_axis": 0.7619714083435261,
        "z_axis": -0.6413095067270661,
        "angle": 0.06138382964658815
    },
    "79": {
        "frame": 79,
        "x": 1490,
        "y": 503,
        "radius": 61,
        "x_axis": -0.456381062073425,
        "y_axis": 0.007282763675108856,
        "z_axis": -0.889754622091948,
        "angle": 0.4345623716036782
    },
    "80": {
        "frame": 80,
        "x": 1495,
        "y": 497,
        "radius": 60,
        "x_axis": -0.15700845968353583,
        "y_axis": 0.298671371521975,
        "z_axis": -0.9413520889768004,
        "angle": 0.8406646093462365
    },
    "81": {
        "frame": 81,
        "x": 1499,
        "y": 491,
        "radius": 60,
        "x_axis": -0.03229562984903124,
        "y_axis": -0.07000268819755895,
        "z_axis": -0.9970238793217391,
        "angle": 0.035354930812258066
    },
    "82": {
        "frame": 82,
        "x": 1504,
        "y": 486,
        "radius": 59,
        "x_axis": 0.4164714725803008,
        "y_axis": 0.7949248554790458,
        "z_axis": -0.4411870200588568,
        "angle": 0.033255874413487915
    },
    "83": {
        "frame": 83,
        "x": 1508,
        "y": 481,
        "radius": 58,
        "x_axis": -0.06793051587445324,
        "y_axis": 0.7397243260545875,
        "z_axis": -0.6694724538441572,
        "angle": 0.028832259356259576
    },
    "84": {
        "frame": 84,
        "x": 1512,
        "y": 476,
        "radius": 58,
        "x_axis": 0.09726881869500613,
        "y_axis": 0.9025770078778506,
        "z_axis": -0.4193966162952969,
        "angle": 0.03606254997431234
    },
    "85": {
        "frame": 85,
        "x": 1515,
        "y": 471,
        "radius": 57,
        "x_axis": -0.12773657534402183,
        "y_axis": -0.9149198984644306,