{
    "8": {
        "frame": 8,
        "x": 617,
        "y": 762,
        "radius": 77,
        "x_axis": 0.8348626563805254,
        "y_axis": 0.5434040881972496,
        "z_axis": 0.08784271120456666,
        "angle": 0.13294732829230665
    },
    "9": {
        "frame": 9,
        "x": 648,
        "y": 736,
        "radius": 68,
        "x_axis": 0.16643670134538527,
        "y_axis": -0.02369381114100432,
        "z_axis": 0.9857674308673834,
        "angle": 0.7044629484638293
    },
    "11": {
        "frame": 11,
        "x": 706,
        "y": 686,
        "radius": 59,
        "x_axis": 0.39120335190068856,
        "y_axis": -0.20452628662339276,
        "z_axis": -0.8972897723376279,
        "angle": 0.6703528479421031
    },
    "12": {
        "frame": 12,
        "x": 731,
        "y": 664,
        "radius": 56,
        "x_axis": 0.5758041552716949,
        "y_axis": 0.3961605811077755,
        "z_axis": -0.7151967342963749,
        "angle": 0.1006889775873536
    },
    "13": {
        "frame": 13,
        "x": 755,
        "y": 642,
        "radius": 53,
        "x_axis": -0.32536156569689323,
        "y_axis": 0.4737160808221772,
        "z_axis": 0.8183721197216721,
        "angle": 0.425521375356982
    },
    "14": {
        "frame": 14,
        "x": 778,
        "y": 621,
        "radius": 51,
        "x_axis": -0.7449628778989069,
        "y_axis": 0.465807406803939,
        "z_axis": 0.477549756904103,
        "angle": 0.5731159375533983
    },
    "15": {
        "frame": 15,
        "x": 799,
        "y": 601,
        "radius": 49,
        "x_axis": -0.6965572671974313,
        "y_axis": -0.47156697380244844,
        "z_axis": -0.5407703419504877,
        "angle": 0.44279698173332505
    },
    "16": {
        "frame": 16,
        "x": 819,
        "y": 583,
        "radius": 48,
        "x_axis": 0.5354280705050445,
        "y_axis": 0.769725539031178,
        "z_axis": -0.34761958500407847,
        "angle": 0.7614271625750815
    },
    "17": {
        "frame": 17,
        "x": 837,
        "y": 565,
        "radius": 46,
        "x_axis": 0.4917776502727235,
        "y_axis": 0.5022778013479036,
        "z_axis": -0.7112466189482765,
        "angle": 0.35333639422284263
    },
    "18": {
        "frame": 18,
        "x": 854,
        "y": 548,
        "radius": 45,
        "x_axis": -0.4678808387160245,
        "y_axis": 0.7040384588777867,
        "z_axis": 0.5342446716471587,
        "angle": 0.6167971141980063
    },
    "19": {
        "frame": 19,
        "x": 870,
        "y": 532,
        "radius": 44,
        "x_axis": -0.39423320855534855,
        "y_axis": 0.67934745195336,
        "z_axis": 0.6189242415648561,
        "angle": 0.5450618819335937
    },
    "20": {
        "frame": 20,
        "x": 885,
        "y": 517,
        "radius": 43,
        "x_axis": 0.22469331580353955,
        "y_axis": -0.8698711663726234,
        "z_axis": 0.43913217571335245,
        "angle": 0.4476076401992676
    },
    "21": {
        "frame": 21,
        "x": 898,
        "y": 502,
        "radius": 42,
        "x_axis": 0.42695216189799273,
        "y_axis": -0.10718474602860951,
        "z_axis": -0.8978993716833823,
        "angle": 0.9029736212069039
    },
    "22": {
        "frame": 22,
        "x": 911,
        "y": 489,
        "radius": 41,
        "x_axis": -0.9505985838958672,
        "y_axis": -0.16713117824493026,
        "z_axis": 0.2615903315369919,
        "angle": 0.18721417217858724
    },
    "23": {
        "frame": 23,
        "x": 923,
        "y": 475,
        "radius": 40,
        "x_axis": -0.4957970602105803,
        "y_axis": -0.5866274405446791,
        "z_axis": -0.6403542153265998,
        "angle": 0.6189887791368027
    },
    "24": {
        "frame": 24,
        "x": 934,
        "y": 463,
        "radius": 39,
        "x_axis": -0.6620169258907166,
        "y_axis": 0.39159751120431197,
        "z_axis": -0.6390500598957756,
        "angle": 0.5733858107248273
    },
    "25": {
        "frame": 25,
        "x": 945,
        "y": 451,
        "radius": 38,
        "x_axis": 0.6082923940063395,
        "y_axis": -0.6183980528390078,
        "z_axis": 0.4975582494934234,
        "angle": 0.4377693687569706
    },
    "26": {
        "frame": 26,
        "x": 955,
        "y": 440,
        "radius": 38,
        "x_axis": 0.7329519656751289,
        "y_axis": -0.03815206677472582,
        "z_axis": -0.6792097141632926,
        "angle": 0.7467674755579986
    },
    "27": {
        "frame": 27,
        "x": 964,
        "y": 430,
        "radius": 37,
        "x_axis": -0.09408769627606438,
        "y_axis": 0.6406637263264041,
        "z_axis": -0.7620351010150579,
        "angle": 0.8629481843802668
    },
    "28": {
        "frame": 28,
        "x": 973,
        "y": 420,
        "radius": 36,
        "x_axis": -0.1320567127711419,
        "y_axis": 0.9750034621700202,
        "z_axis": -0.17868764190215874,
        "angle": 0.4058976136955705
    },
    "29": {
        "frame": 29,
        "x": 981,
        "y": 410,
        "radius": 36,
        "x_axis": -0.24089745952954603,
        "y_axis": -0.8536596308205014,
        "z_axis": 0.46177229096126576,
        "angle": 0.16092610078130393
    },
    "30": {
        "frame": 30,
        "x": 988,
        "y": 401,
        "radius": 35,
        "x_axis": 0.901444551627344,
        "y_axis": -0.2230112545666404,
        "z_axis": -0.37103059264431254,
        "angle": 0.37084725014257514
    },
    "31": {
        "frame": 31,
        "x": 996,
        "y": 393,
        "radius": 35,
        "x_axis": -0.07199722038558888,
        "y_axis": 0.14794887231501727,
        "z_axis": -0.9863708893907321,
        "angle": 0.6524676380961906
    },
    "32": {
        "frame": 32,
        "x": 1002,
        "y": 384,
        "radius": 34,
        "x_axis": -0.23606208972546625,
        "y_axis": -0.6710448755144345,
        "z_axis": -0.7028324585847348,
        "angle": 0.234028567366359
    },
    "33": {
        "frame": 33,
        "x": 1009,
        "y": 377,
        "radius": 34,
        "x_axis": 0.10817103619113012,
        "y_axis": 0.9259561241996117,
        "z_axis": -0.3618069692343839,
        "angle": 0.38389328419047436
    },
    "34": {
        "frame": 34,
        "x": 1015,
        "y": 369,
        "radius": 33,
        "x_axis": -0.742422487945492,
        "y_axis": -0.6635072851962898,
        "z_axis": 0.09255772190517282,
        "angle": 0.6674220679995134
    },
    "35": {
        "frame": 35,
        "x": 1021,
        "y": 362,
        "radius": 33,
        "x_axis": 0.26298804144425864,
        "y_axis": -0.1925143626731869,
        "z_axis": -0.9453970119594465,
        "angle": 0.4755948893383176
    },
    "36": {
        "frame": 36,
        "x": 1027,
        "y": 356,
        "radius": 32,
        "x_axis": 0.3443639015358555,
        "y_axis": -0.23511503230063643,
        "z_axis": -0.9089193720596312,
        "angle": 0.4859281130157423
    },
    "37": {
        "frame": 37,
        "x": 1032,
        "y": 349,
        "radius": 32,
        "x_axis": -0.6783865990735058,
        "y_axis": 0.6672873756565283,
        "z_axis": 0.30743971846023077,
        "angle": 0.579614422474425
    },
    "38": {
        "frame": 38,
        "x": 1038,
        "y": 343,
        "radius": 31,
        "x_axis": 0.5426237761222878,
        "y_axis": 0.8103807051470692,
        "z_axis": 0.22100350746566932,
        "angle": 0.45216587125179203
    },
    "39": {
        "frame": 39,
        "x": 1043,
        "y": 338,
        "radius": 31,
        "x_axis": 0.2709968034695312,
        "y_axis": -0.7642441236388582,
        "z_axis": 0.5852278633086176,
        "angle": 0.46695412380047996
    },
    "40": {
        "frame": 40,
        "x": 1048,
        "y": 332,
        "radius": 30,
        "x_axis": 0.5674383321468345,
        "y_axis": -0.6161674507687703,
        "z_axis": -0.5462155360510482,