{
    "34": {
        "frame": 34,
        "x": 625,
        "y": 749,
        "radius": 78,
        "x_axis": 0.9400109243698783,
        "y_axis": 0.20922676977942833,
        "z_axis": -0.26945059078234185,
        "angle": 0.02356337757353048
    },
    "35": {
        "frame": 35,
        "x": 654,
        "y": 724,
        "radius": 68,
        "x_axis": -0.730269873963021,
        "y_axis": 0.011257442660018003,
        "z_axis": 0.6830660152333666,
        "angle": 0.13684722142820294
    },
    "37": {
        "frame": 37,
        "x": 706,
        "y": 679,
        "radius": 59,
        "x_axis": -0.2967872870462738,
        "y_axis": 0.005354631404205349,
        "z_axis": -0.9549286016086428,
        "angle": 0.5628022350366192
    },
    "38": {
        "frame": 38,
        "x": 730,
        "y": 657,
        "radius": 56,
        "x_axis": -0.6240708209352448,
        "y_axis": 0.7775112431844446,
        "z_axis": 0.07753629588127844,
        "angle": 0.681201136529876
    },
    "39": {
        "frame": 39,
        "x": 752,
        "y": 637,
        "radius": 53,
        "x_axis": -0.062344257210994895,
        "y_axis": 0.22075677992708284,
        "z_axis": 0.9733342887770032,
        "angle": 0.44800608382066825
    },
    "40": {
        "frame": 40,
        "x": 773,
        "y": 618,
        "radius": 51,
        "x_axis": -0.4719897756274577,
        "y_axis": 0.14996474170572185,
        "z_axis": 0.86875556283012,
        "angle": 0.4908438613125384
    },
    "41": {
        "frame": 41,
        "x": 793,
        "y": 599,
        "radius": 49,
        "x_axis": 0.10703219127892945,
        "y_axis": 0.8669324417023061,
        "z_axis": 0.4867979576314063,
        "angle": 0.28599730249589883
    },
    "42": {
        "frame": 42,
        "x": 811,
        "y": 582,
        "radius": 48,
        "x_axis": 0.04932534595952161,
        "y_axis": 0.06265061257162269,
        "z_axis": -0.9968158862048568,
        "angle": 0.42707812814827334
    },
    "43": {
        "frame": 43,
        "x": 828,
        "y": 565,
        "radius": 46,
        "x_axis": -0.6430100411508523,
        "y_axis": 0.04562822841513215,
        "z_axis": 0.7644973196492423,
        "angle": 0.16487308531644243
    },
    "44": {
        "frame": 44,
        "x": 845,
        "y": 549,
        "radius": 45,
        "x_axis": -0.3294464494186963,
        "y_axis": 0.44833197327907826,
        "z_axis": 0.8309413208531047,
        "angle": 0.47778025809031033
    },
    "45": {
        "frame": 45,
        "x": 860,
        "y": 534,
        "radius": 44,
        "x_axis": 0.10493265058531513,
        "y_axis": -0.9385719304444017,
        "z_axis": 0.32874286337958647,
        "angle": 0.4843208129742868
    },
    "46": {
        "frame": 46,
        "x": 874,
        "y": 519,
        "radius": 43,
        "x_axis": 0.2678101991960564,
        "y_axis": 0.07366033010946572,
        "z_axis": -0.960651785495001,
        "angle": 1.0543041373673092
    },
    "47": {
        "frame": 47,
        "x": 888,
        "y": 506,
        "radius": 42,
        "x_axis": -0.7500438573370634,
        "y_axis": -0.45739846445563115,
        "z_axis": -0.47772466629280286,
        "angle": 0.36067618540029395
    },
    "49": {
        "frame": 49,
        "x": 912,
        "y": 480,
        "radius": 40,
        "x_axis": -0.9422432771778756,
        "y_axis": 0.024337434464265187,
        "z_axis": -0.3340438532540225,
        "angle": 0.34569333155777104
    },
    "50": {
        "frame": 50,
        "x": 923,
        "y": 468,
        "radius": 39,
        "x_axis": 0.7192057444165109,
        "y_axis": -0.6861095743502333,
        "z_axis": -0.10952967261538839,
        "angle": 0.5470007026054549
    },
    "51": {
        "frame": 51,
        "x": 934,
        "y": 457,
        "radius": 38,
        "x_axis": 0.8830602143398619,
        "y_axis": 0.4502797650292778,
        "z_axis": -0.13210901201362282,
        "angle": 0.780322511747617
    },
    "52": {
        "frame": 52,
        "x": 944,
        "y": 446,
        "radius": 38,
        "x_axis": -0.5266619013188548,
        "y_axis": 0.6798715635174045,
        "z_axis": 0.5102958933987305,
        "angle": 0.48127558391547404
    },
    "53": {
        "frame": 53,
        "x": 953,
        "y": 436,
        "radius": 37,
        "x_axis": -0.30108053683337804,
        "y_axis": 0.9471764765698527,
        "z_axis": -0.11048634563983167,
        "angle": 0.5410289176394081
    },
    "54": {
        "frame": 54,
        "x": 962,
        "y": 426,
        "radius": 36,
        "x_axis": -0.4870140839285393,
        "y_axis": -0.8290207382859783,
        "z_axis": 0.27484886309937145,
        "angle": 0.38929776420769335
    },
    "55": {
        "frame": 55,
        "x": 970,
        "y": 417,
        "radius": 36,
        "x_axis": 0.9888355873626132,
        "y_axis": -0.09527708329011735,
        "z_axis": -0.11457075789643577,
        "angle": 0.34620230341081465
    },
    "56": {
        "frame": 56,
        "x": 978,
        "y": 408,
        "radius": 35,
        "x_axis": 0.3692908836930494,
        "y_axis": 0.14930617701963453,
        "z_axis": -0.9172414669676617,
        "angle": 0.6774404259665281
    },
    "57": {
        "frame": 57,
        "x": 985,
        "y": 400,
        "radius": 34,
        "x_axis": -0.35785045386504305,
        "y_axis": 0.9186065767973705,
        "z_axis": -0.16764548825781067,
        "angle": 0.5919311028419956
    },
    "58": {
        "frame": 58,
        "x": 992,
        "y": 392,
        "radius": 34,
        "x_axis": 0.2797350236847055,
        "y_axis": 0.9600758609308077,
        "z_axis": 0.0016302705560100586,
        "angle": 0.44529450759083417
    },
    "59": {
        "frame": 59,
        "x": 999,
        "y": 384,
        "radius": 33,
        "x_axis": -0.24949046002342873,
        "y_axis": -0.9369174384944734,
        "z_axis": -0.24482692621983543,
        "angle": 0.46274043457223035
    },
    "60": {
        "frame": 60,
        "x": 1005,
        "y": 377,
        "radius": 33,
        "x_axis": 0.3572435916635616,
        "y_axis": -0.008283570963096095,
        "z_axis": -0.9339745171402793,
        "angle": 0.4795600342975289
    },
    "61": {
        "frame": 61,
        "x": 1011,
        "y": 370,
        "radius": 32,
        "x_axis": 0.1762414443029125,
        "y_axis": -0.02143204878628824,
        "z_axis": -0.9841136217911252,
        "angle": 0.4843173737240592
    },
    "62": {
        "frame": 62,
        "x": 1017,
        "y": 363,
        "radius": 32,
        "x_axis": -0.45656410430854083,
        "y_axis": 0.8889027713458529,
        "z_axis": 0.0374310265769219,
        "angle": 0.4159844816331341
    },
    "63": {
        "frame": 63,
        "x": 1023,
        "y": 357,
        "radius": 31,
        "x_axis": 0.3381930448119499,
        "y_axis": 0.798835668572021,
        "z_axis": 0.49748069214585067,
        "angle": 0.4397247472900916
    },
    "64": {
        "frame": 64,
        "x": 1028,
        "y": 351,
        "radius": 31,
        "x_axis": -0.10596648111284719,
        "y_axis": -0.953117163035155,
        "z_axis": 0.28344096106310823,
        "angle": 0.4939366491449975
    },
    "65": {
        "frame": 65,
        "x": 1033,
        "y": 345,
        "radius": 30,
        "x_axis": 0.7030031322010684,
        "y_axis": -0.1357800605535861,
        "z_axis": -0.6981048426071487,
        "angle": 0.4284591590432069
    },
    "66": {
        "frame": 66,
        "x": 1038,
        "y": 340,
        "radius": 30,
        "x_axis": -0.9861264082106248,
        "y_axis": 0.14588170739512654,
        "z_axis": 0.07920375292304725,
        "angle": 0.7266617591647793
    },
    "67": {
        "frame": 67,
        "x": 1043,
        "y": 334,
        "radius": 30,
        "x_axis": -0.04376195759741263,
        "y_axis": 0.9977388314907716,