{
    "16": {
        "frame": 16,
        "x": 435,
        "y": 870,
        "radius": 63,
        "x_axis": 0.8846588367945164,
        "y_axis": 0.3517097266171922,
        "z_axis": 0.30607027082719607,
        "angle": 0.2962023502763559
    },
    "17": {
        "frame": 17,
        "x": 463,
        "y": 847,
        "radius": 63,
        "x_axis": 0.624068776454951,
        "y_axis": 0.4721982071717205,
        "z_axis": 0.6225488056352155,
        "angle": 0.36303770527870693
    },
    "18": {
        "frame": 18,
        "x": 489,
        "y": 825,
        "radius": 63,
        "x_axis": 0.950064591515024,
        "y_axis": -0.193676367750523,
        "z_axis": 0.2446768001351067,
        "angle": 0.3649233311942448
    },
    "19": {
        "frame": 19,
        "x": 515,
        "y": 802,
        "radius": 62,
        "x_axis": -0.9269531241669796,
        "y_axis": 0.27579036063063816,
        "z_axis": -0.25435719486638986,
        "angle": 0.3401827074574812
    },
    "20": {
        "frame": 20,
        "x": 540,
        "y": 780,
        "radius": 62,
        "x_axis": -0.1533781663144034,
        "y_axis": -0.41453130841640695,
        "z_axis": -0.897016684594335,
        "angle": 0.8095848047795527
    },
    "21": {
        "frame": 21,
        "x": 564,
        "y": 759,
        "radius": 61,
        "x_axis": -0.8919840100300925,
        "y_axis": 0.41419460197606817,
        "z_axis": 0.18112801424551142,
        "angle": 0.39089773410639045
    },
    "22": {
        "frame": 22,
        "x": 587,
        "y": 738,
        "radius": 60,
        "x_axis": 0.35895696418075285,
        "y_axis": -0.04152314842482453,
        "z_axis": 0.9324300113204357,
        "angle": 0.355679046369075
    },
    "23": {
        "frame": 23,
        "x": 610,
        "y": 717,
        "radius": 59,
        "x_axis": -0.08833901293766548,
        "y_axis": -0.32811253764988746,
        "z_axis": -0.9404990066077424,
        "angle": 0.36514780225763116
    },
    "24": {
        "frame": 24,
        "x": 631,
        "y": 696,
        "radius": 58,
        "x_axis": -0.4689093516408031,
        "y_axis": 0.6844399909710023,
        "z_axis": -0.5582704709219503,
        "angle": 0.03482048646938687
    },
    "25": {
        "frame": 25,
        "x": 652,
        "y": 676,
        "radius": 57,
        "x_axis": -0.39413407083251684,
        "y_axis": -0.8717602680996301,
        "z_axis": -0.29101953400390446,
        "angle": 0.20515960628852312
    },
    "26": {
        "frame": 26,
        "x": 672,
        "y": 656,
        "radius": 56,
        "x_axis": 0.9623063091323977,
        "y_axis": -0.02426607196764653,
        "z_axis": 0.2708832315874191,
        "angle": 0.2668737738426513
    },
    "27": {
        "frame": 27,
        "x": 691,
        "y": 637,
        "radius": 54,
        "x_axis": -0.13448880617664802,
        "y_axis": -0.6503762767523111,
        "z_axis": -0.7476118375540755,
        "angle": 0.3984092521449625
    },
    "28": {
        "frame": 28,
        "x": 710,
        "y": 619,
        "radius": 53,
        "x_axis": -0.13275830869967095,
        "y_axis": 0.8237191998497773,
        "z_axis": -0.5512367107423503,
        "angle": 0.3688096473379481
    },
    "29": {
        "frame": 29,
        "x": 727,
        "y": 600,
        "radius": 52,
        "x_axis": 0.7352480430651095,
        "y_axis": 0.4163206174067056,
        "z_axis": 0.5348714412744678,
        "angle": 0.29721079890260427
    },
    "30": {
        "frame": 30,
        "x": 744,
        "y": 583,
        "radius": 51,
        "x_axis": 0.35184909984268875,
        "y_axis": -0.1837215672011637,
        "z_axis": -0.9178499859372652,
        "angle": 0.42423593130765747
    },
    "31": {
        "frame": 31,
        "x": 761,
        "y": 565,
        "radius": 49,
        "x_axis": 0.09884669890349433,
        "y_axis": -0.88740293581794,
        "z_axis": -0.4502725392665901,
        "angle": 0.5775973123246193
    },
    "32": {
        "frame": 32,
        "x": 776,
        "y": 549,
        "radius": 48,
        "x_axis": -0.01683723489747426,
        "y_axis": -0.2667529658634667,
        "z_axis": -0.9636178509783073,
        "angle": 0.434970392734944
    },
    "33": {
        "frame": 33,
        "x": 791,
        "y": 533,
        "radius": 47,
        "x_axis": 0.18111925152745467,
        "y_axis": 0.8159314959157844,
        "z_axis": -0.5490460915977501,
        "angle": 0.3924726432484522
    },
    "34": {
        "frame": 34,
        "x": 806,
        "y": 517,
        "radius": 45,
        "x_axis": 0.6800758725126995,
        "y_axis": 0.3962887606922587,
        "z_axis": 0.6168079326460418,
        "angle": 0.4990575443814033
    },
    "35": {
        "frame": 35,
        "x": 819,
        "y": 502,
        "radius": 44,
        "x_axis": 0.43379550753622187,
        "y_axis": -0.7837572454740165,
        "z_axis": -0.4444615144288355,
        "angle": 0.23201169586611475
    },
    "36": {
        "frame": 36,
        "x": 832,
        "y": 487,
        "radius": 43,
        "x_axis": -0.2481694195143505,
        "y_axis": -0.9653975407419535,
        "z_axis": -0.08012195421542495,
        "angle": 0.37758357499936507
    },
    "37": {
        "frame": 37,
        "x": 845,
        "y": 473,
        "radius": 42,
        "x_axis": -0.032946481302150936,
        "y_axis": 0.10020395599432319,
        "z_axis": -0.9944212872685775,
        "angle": 0.3848465975671213
    },
    "38": {
        "frame": 38,
        "x": 857,
        "y": 460,
        "radius": 41,
        "x_axis": 0.3507601652305099,
        "y_axis": 0.49418677318199106,
        "z_axis": -0.7954537948237076,
        "angle": 0.3823989839899017
    },
    "39": {
        "frame": 39,
        "x": 868,
        "y": 447,
        "radius": 39,
        "x_axis": 0.6973900290499511,
        "y_axis": 0.06827509787650889,
        "z_axis": 0.7134323082056642,
        "angle": 0.24896699631664448
    },
    "40": {
        "frame": 40,
        "x": 878,
        "y": 434,
        "radius": 38,
        "x_axis": 0.05540958726987722,
        "y_axis": -0.9184736507681465,
        "z_axis": 0.39158132039617877,
        "angle": 0.43330827619471257
    },
    "41": {
        "frame": 41,
        "x": 889,
        "y": 422,
        "radius": 37,
        "x_axis": 0.00640130469888085,
        "y_axis": -0.5838995048734735,
        "z_axis": -0.8118007092302055,
        "angle": 0.3610319509251166
    },
    "42": {
        "frame": 42,
        "x": 898,
        "y": 411,
        "radius": 36,
        "x_axis": 0.3739271425535174,
        "y_axis": 0.439126136947531,
        "z_axis": -0.8169129255381505,
        "angle": 0.3459343238842516
    },
    "43": {
        "frame": 43,
        "x": 907,
        "y": 400,
        "radius": 35,
        "x_axis": 0.367769339770778,
        "y_axis": -0.1255462467125118,
        "z_axis": -0.9214031976615704,
        "angle": 0.2644764866685544
    },
    "44": {
        "frame": 44,
        "x": 916,
        "y": 389,
        "radius": 35,
        "x_axis": -0.13918165851400213,
        "y_axis": 0.09926427449504827,
        "z_axis": 0.9852791836541882,
        "angle": 0.5470350538580527
    },
    "45": {
        "frame": 45,
        "x": 924,
        "y": 379,
        "radius": 34,
        "x_axis": 0.21370048195787117,
        "y_axis": -0.6840403139834172,
        "z_axis": 0.6974388524139171,
        "angle": 0.3639336514092394
    },
    "46": {
        "frame": 46,
        "x": 932,
        "y": 370,
        "radius": 33,
        "x_axis": -0.028459867134775087,
        "y_axis": -0.2592231595378943,
        "z_axis": -0.965398047191863,
        "angle": 0.3703643596000903
    },
    "47": {
        "frame": 47,
        "x": 939,
        "y": 361,
        "radius": 32,
        "x_axis": 0.567572455407975,
        "y_axis": 0.28175590406818163,
        "z_axis": -0.773611736199034,