{
    "19": {
        "frame": 19,
        "x": 535,
        "y": 817,
        "radius": 96,
        "x_axis": -0.8037254204495495,
        "y_axis": -0.3563086612099738,
        "z_axis": 0.4765181911217568,
        "angle": 0.5667480380747837
    },
    "20": {
        "frame": 20,
        "x": 566,
        "y": 793,
        "radius": 84,
        "x_axis": -0.9871571829730987,
        "y_axis": 0.13851818446334582,
        "z_axis": -0.07958271594758887,
        "angle": 0.7956811863257368
    },
    "21": {
        "frame": 21,
        "x": 596,
        "y": 769,
        "radius": 76,
        "x_axis": -0.6872069591540739,
        "y_axis": 0.725325186404408,
        "z_axis": -0.04061981360890118,
        "angle": 0.35207567730194944
    },
    "22": {
        "frame": 22,
        "x": 624,
        "y": 746,
        "radius": 71,
        "x_axis": 0.10970338716647508,
        "y_axis": 0.9414697706128642,
        "z_axis": -0.31874729468085433,
        "angle": 0.998141356606982
    },
    "23": {
        "frame": 23,
        "x": 651,
        "y": 724,
        "radius": 67,
        "x_axis": 0.24140263482773747,
        "y_axis": -0.1289164499877918,
        "z_axis": 0.9618239531331975,
        "angle": 0.5700293204906988
    },
    "24": {
        "frame": 24,
        "x": 677,
        "y": 703,
        "radius": 63,
        "x_axis": -0.8162329497367486,
        "y_axis": -0.4627166758922916,
        "z_axis": -0.3459148010930355,
        "angle": 0.10991247983702689
    },
    "25": {
        "frame": 25,
        "x": 702,
        "y": 682,
        "radius": 60,
        "x_axis": 0.12397426989428217,
        "y_axis": -0.30149610207997507,
        "z_axis": -0.9453731965920977,
        "angle": 0.5813749816225866
    },
    "26": {
        "frame": 26,
        "x": 725,
        "y": 662,
        "radius": 58,
        "x_axis": -0.5043783185504337,
        "y_axis": 0.8309577835715197,
        "z_axis": 0.23475875638225854,
        "angle": 0.639450030869414
    },
    "27": {
        "frame": 27,
        "x": 747,
        "y": 643,
        "radius": 56,
        "x_axis": -0.05406529376686107,
        "y_axis": -0.17484499552313343,
        "z_axis": 0.9831104574514599,
        "angle": 0.7179008911688176
    },
    "28": {
        "frame": 28,
        "x": 769,
        "y": 625,
        "radius": 54,
        "x_axis": -0.19009164492327515,
        "y_axis": 0.43513880353447437,
        "z_axis": 0.880067831583992,
        "angle": 0.49658060421143596
    },
    "29": {
        "frame": 29,
        "x": 789,
        "y": 607,
        "radius": 52,
        "x_axis": -0.024409636332189205,
        "y_axis": 0.27336270550944736,
        "z_axis": -0.9616012691810913,
        "angle": 0.3529602488541858
    },
    "30": {
        "frame": 30,
        "x": 808,
        "y": 590,
        "radius": 50,
        "x_axis": -0.2353904908658666,
        "y_axis": 0.9652563022358511,
        "z_axis": 0.11345302025022419,
        "angle": 0.16605586470471748
    },
    "31": {
        "frame": 31,
        "x": 826,
        "y": 574,
        "radius": 49,
        "x_axis": 0.0654451078536792,
        "y_axis": 0.7723488788722197,
        "z_axis": 0.631818128232204,
        "angle": 0.43167849999102065
    },
    "32": {
        "frame": 32,
        "x": 844,
        "y": 558,
        "radius": 48,
        "x_axis": -0.38578062196540247,
        "y_axis": 0.6526752444424962,
        "z_axis": 0.6520646724121122,
        "angle": 0.6266645848784884
    },
    "33": {
        "frame": 33,
        "x": 860,
        "y": 543,
        "radius": 46,
        "x_axis": 0.15280893189417158,
        "y_axis": -0.914074142999236,
        "z_axis": 0.3756566137226589,
        "angle": 0.46596414342338943
    },
    "34": {
        "frame": 34,
        "x": 876,
        "y": 528,
        "radius": 45,
        "x_axis": 0.7506264060796105,
        "y_axis": -0.005790221699435544,
        "z_axis": -0.6607014997929695,
        "angle": 0.5034820445790319
    },
    "35": {
        "frame": 35,
        "x": 890,
        "y": 514,
        "radius": 44,
        "x_axis": -0.9301783610163874,
        "y_axis": 0.004086561645393524,
        "z_axis": -0.3670851627494439,
        "angle": 0.14088242034731907
    },
    "36": {
        "frame": 36,
        "x": 904,
        "y": 501,
        "radius": 43,
        "x_axis": -0.11058452265155974,
        "y_axis": 0.8198604526641324,
        "z_axis": -0.5617827885466861,
        "angle": 0.41923046409128806
    },
    "37": {
        "frame": 37,
        "x": 917,
        "y": 488,
        "radius": 42,
        "x_axis": 0.044232660911330705,
        "y_axis": 0.04534598279086836,
        "z_axis": 0.9979915899211945,
        "angle": 0.3823744840813486
    },
    "39": {
        "frame": 39,
        "x": 941,
        "y": 464,
        "radius": 40,
        "x_axis": 0.776593995932262,
        "y_axis": 0.0001502596539163957,
        "z_axis": -0.6300013832556228,
        "angle": 0.5897236598854199
    },
    "40": {
        "frame": 40,
        "x": 952,
        "y": 453,
        "radius": 39,
        "x_axis": 0.23172686165575482,
        "y_axis": 0.9608514001252072,
        "z_axis": -0.1518790586769741,
        "angle": 0.5341535930317112
    },
    "41": {
        "frame": 41,
        "x": 962,
        "y": 443,
        "radius": 38,
        "x_axis": -0.31252973877948287,
        "y_axis": 0.44784696741442764,
        "z_axis": -0.8377101265689277,
        "angle": 0.6297783687659273
    },
    "42": {
        "frame": 42,
        "x": 971,
        "y": 432,
        "radius": 38,
        "x_axis": 0.2197136349912414,
        "y_axis": -0.8800201311022596,
        "z_axis": -0.4210587695959998,
        "angle": 0.5269156649081745
    },
    "43": {
        "frame": 43,
        "x": 980,
        "y": 423,
        "radius": 37,
        "x_axis": 0.6232311332765182,
        "y_axis": -0.2912210722855763,
        "z_axis": -0.7257914587343294,
        "angle": 0.590843478998521
    },
    "44": {
        "frame": 44,
        "x": 988,
        "y": 414,
        "radius": 36,
        "x_axis": -0.4499346618112587,
        "y_axis": 0.3626040831995102,
        "z_axis": -0.8161354537990804,
        "angle": 0.4842420874723854
    },
    "45": {
        "frame": 45,
        "x": 996,
        "y": 405,
        "radius": 35,
        "x_axis": 0.511415806285074,
        "y_axis": 0.8204074165423443,
        "z_axis": -0.2557059717020784,
        "angle": 0.38006715688076903
    },
    "46": {
        "frame": 46,
        "x": 1003,
        "y": 396,
        "radius": 35,
        "x_axis": 0.18063845771951115,
        "y_axis": -0.8724972552199836,
        "z_axis": -0.4540025189647203,
        "angle": 0.3832724952375876
    },
    "47": {
        "frame": 47,
        "x": 1010,
        "y": 388,
        "radius": 34,
        "x_axis": 0.8412524323441838,
        "y_axis": -0.09763849775882767,
        "z_axis": -0.5317528268193726,
        "angle": 0.4519260116012817
    },
    "48": {
        "frame": 48,
        "x": 1016,
        "y": 381,
        "radius": 34,
        "x_axis": 0.8421822131296538,
        "y_axis": 0.22259368106617963,
        "z_axis": -0.4911019986086867,
        "angle": 0.5629283212754985
    },
    "49": {
        "frame": 49,
        "x": 1021,
        "y": 374,
        "radius": 33,
        "x_axis": -0.301843428379183,
        "y_axis": 0.6267289052808662,
        "z_axis": -0.7184019933364245,
        "angle": 0.3301872515409307
    },
    "50": {
        "frame": 50,
        "x": 1027,
        "y": 367,
        "radius": 32,
        "x_axis": 0.3468047802066075,
        "y_axis": 0.6969906372654531,
        "z_axis": 0.6276388260696946,
        "angle": 0.3360009191987783
    },
    "51": {
        "frame": 51,
        "x": 1031,
        "y": 360,
        "radius": 32,
        "x_axis": -0.04126046002352273,
        "y_axis": -0.9684331451930323,
        "z_axis": -0.24583494001093212,