{
    "88": {
        "frame": 88,
        "x": 969,
        "y": 658,
        "radius": 40,
        "x_axis": 0.20201837548314516,
        "y_axis": 0.7566344724394751,
        "z_axis": -0.6218463243305282,
        "angle": 0.3600081688537343
    },
    "89": {
        "frame": 89,
        "x": 984,
        "y": 644,
        "radius": 35,
        "x_axis": -0.11429139651776345,
        "y_axis": -0.9043989888890365,
        "z_axis": -0.41109602963116515,
        "angle": 0.13624328121231924
    },
    "90": {
        "frame": 90,
        "x": 998,
        "y": 629,
        "radius": 33,
        "x_axis": -0.5037548803791259,
        "y_axis": -0.732641439511881,
        "z_axis": 0.45767624103089666,
        "angle": 0.3372301686697055
    },
    "91": {
        "frame": 91,
        "x": 1011,
        "y": 614,
        "radius": 31,
        "x_axis": 0.5416753600943899,
        "y_axis": 0.004168084533858181,
        "z_axis": -0.8405774392273038,
        "angle": 0.3957442804007163
    },
    "92": {
        "frame": 92,
        "x": 1024,
        "y": 599,
        "radius": 30,
        "x_axis": 0.8078879089450761,
        "y_axis": 0.5741120295762661,
        "z_axis": -0.13308833185585076,
        "angle": 0.4944897114967733
    },
    "93": {
        "frame": 93,
        "x": 1036,
        "y": 583,
        "radius": 29,
        "x_axis": 0.9798457677250011,
        "y_axis": 0.1752198694049917,
        "z_axis": 0.09591803186628124,
        "angle": 0.10853134731410352
    },
    "94": {
        "frame": 94,
        "x": 1047,
        "y": 568,
        "radius": 28,
        "x_axis": 0.6649903523272328,
        "y_axis": -0.2706488181359139,
        "z_axis": 0.6960869547357827,
        "angle": 0.05765668673027487
    },
    "95": {
        "frame": 95,
        "x": 1057,
        "y": 554,
        "radius": 27,
        "x_axis": -0.6933712117631023,
        "y_axis": -0.7160732141848001,
        "z_axis": -0.08047058235912337,
        "angle": 0.5850371552494762
    },
    "96": {
        "frame": 96,
        "x": 1067,
        "y": 539,
        "radius": 26,
        "x_axis": 0.9024877294615197,
        "y_axis": 0.3248589061301251,
        "z_axis": -0.28281193270321825,
        "angle": 0.3432295282558101
    },
    "97": {
        "frame": 97,
        "x": 1076,
        "y": 526,
        "radius": 25,
        "x_axis": 0.991797406220419,
        "y_axis": 0.10402108294097534,
        "z_axis": 0.07428000618090971,
        "angle": 0.3665905360178405
    },
    "98": {
        "frame": 98,
        "x": 1085,
        "y": 513,
        "radius": 25,
        "x_axis": 0.3609513627904865,
        "y_axis": 0.6580759005528044,
        "z_axis": -0.6607951443611749,
        "angle": 0.041232009080874696
    },
    "99": {
        "frame": 99,
        "x": 1093,
        "y": 500,
        "radius": 24,
        "x_axis": -0.7572676893218648,
        "y_axis": -0.06539163729720464,
        "z_axis": 0.6498227300431362,
        "angle": 0.08766485029816352
    },
    "100": {
        "frame": 100,
        "x": 1100,
        "y": 488,
        "radius": 24,
        "x_axis": -0.7534980051489703,
        "y_axis": -0.132976139271511,
        "z_axis": -0.6438618661024788,
        "angle": 0.368119259795126
    },
    "101": {
        "frame": 101,
        "x": 1107,
        "y": 477,
        "radius": 23,
        "x_axis": 0.9197453952235219,
        "y_axis": 0.20375074485298142,
        "z_axis": -0.335490747915621,
        "angle": 0.3223160127514347
    },
    "102": {
        "frame": 102,
        "x": 1113,
        "y": 467,
        "radius": 23,
        "x_axis": 0.6691326567944837,
        "y_axis": 0.28475087818843614,
        "z_axis": 0.6864243767393973,
        "angle": 0.07822734028424533
    },
    "103": {
        "frame": 103,
        "x": 1119,
        "y": 457,
        "radius": 23,
        "x_axis": 0.17249431069320662,
        "y_axis": 0.47221955217430206,
        "z_axis": 0.8644387817091371,
        "angle": 0.6849679073416113
    },
    "104": {
        "frame": 104,
        "x": 1125,
        "y": 448,
        "radius": 22,
        "x_axis": -0.826253666430533,
        "y_axis": -0.2587734161737561,
        "z_axis": 0.5003410814553064,
        "angle": 0.11398944390763589
    },
    "105": {
        "frame": 105,
        "x": 1130,
        "y": 440,
        "radius": 22,
        "x_axis": 0.1022752339722116,
        "y_axis": 0.20399634664621133,
        "z_axis": -0.9736145372122008,
        "angle": 0.44542338802411724
    },
    "106": {
        "frame": 106,
        "x": 1135,
        "y": 432,
        "radius": 21,
        "x_axis": 0.8788820463357981,
        "y_axis": 0.012713610366309453,
        "z_axis": -0.4768697020571277,
        "angle": 0.5114279228630224
    },
    "107": {
        "frame": 107,
        "x": 1140,
        "y": 425,
        "radius": 21,
        "x_axis": 0.9528891070381256,
        "y_axis": 0.30286244647165206,
        "z_axis": -0.016633947375452443,
        "angle": 0.12455246520207708
    },
    "108": {
        "frame": 108,
        "x": 1144,
        "y": 419,
        "radius": 21,
        "x_axis": 0.2899756661974672,
        "y_axis": -0.20350896379524805,
        "z_axis": 0.9351460926872974,
        "angle": 0.08585665130475295
    },
    "109": {
        "frame": 109,
        "x": 1148,
        "y": 413,
        "radius": 21,
        "x_axis": -0.8643185346198903,
        "y_axis": -0.5002128003577436,
        "z_axis": 0.05235097965453631,
        "angle": 0.08183414223220163
    },
    "110": {
        "frame": 110,
        "x": 1152,
        "y": 407,
        "radius": 20,
        "x_axis": 0.8903330132677404,
        "y_axis": 0.18002285484195327,
        "z_axis": -0.41820915487365745,
        "angle": 0.28487883321527907
    },
    "111": {
        "frame": 111,
        "x": 1156,
        "y": 402,
        "radius": 20,
        "x_axis": 0.8370702974812729,
        "y_axis": 0.09872544773581984,
        "z_axis": -0.5381139312859085,
        "angle": 0.07167415156154655
    },
    "112": {
        "frame": 112,
        "x": 1160,
        "y": 396,
        "radius": 20,
        "x_axis": 0.8212128879836043,
        "y_axis": 0.5656709080083153,
        "z_axis": -0.07500544275368624,
        "angle": 0.09864267826878277
    },
    "113": {
        "frame": 113,
        "x": 1163,
        "y": 391,
        "radius": 20,
        "x_axis": -0.7183819883910616,
        "y_axis": -0.5507355870773618,
        "z_axis": 0.42499133153731355,
        "angle": 0.09835268957660395
    },
    "114": {
        "frame": 114,
        "x": 1167,
        "y": 385,
        "radius": 19,
        "x_axis": -0.6862287780061076,
        "y_axis": -0.3870772779507625,
        "z_axis": -0.6158418994599771,
        "angle": 0.1249741033339384
    },
    "115": {
        "frame": 115,
        "x": 1171,
        "y": 379,
        "radius": 19,
        "x_axis": -0.6147100583344641,
        "y_axis": 0.4107229702163415,
        "z_axis": -0.6733781893699157,
        "angle": 0.0935155909356545
    }
}