{
    "88": {
        "frame": 88,
        "x": 972,
        "y": 660,
        "radius": 34,
        "x_axis": -0.1795039961925201,
        "y_axis": 0.9816832961436229,
        "z_axis": 0.06384529288450125,
        "angle": 0.30237296322783946
    },
    "89": {
        "frame": 89,
        "x": 986,
        "y": 643,
        "radius": 33,
        "x_axis": -0.9060704276629484,
        "y_axis": 0.40651753846335986,
        "z_axis": -0.11738769542150715,
        "angle": 0.17527396145586577
    },
    "90": {
        "frame": 90,
        "x": 999,
        "y": 626,
        "radius": 32,
        "x_axis": -0.9796868204070942,
        "y_axis": -0.14212542247088267,
        "z_axis": 0.14147119214918383,
        "angle": 0.22860823500200417
    },
    "91": {
        "frame": 91,
        "x": 1012,
        "y": 609,
        "radius": 31,
        "x_axis": 0.8145002970355467,
        "y_axis": 0.14467626808017278,
        "z_axis": -0.5618345339896794,
        "angle": 0.1818675580882529
    },
    "92": {
        "frame": 92,
        "x": 1024,
        "y": 594,
        "radius": 30,
        "x_axis": 0.877905401311772,
        "y_axis": 0.47779344657870404,
        "z_axis": 0.03155200079328973,
        "angle": 0.1721422604670676
    },
    "93": {
        "frame": 93,
        "x": 1035,
        "y": 579,
        "radius": 30,
        "x_axis": 0.9635882733200566,
        "y_axis": 0.2671691865207004,
        "z_axis": 0.01087498477880545,
        "angle": 0.08031738072644828
    },
    "94": {
        "frame": 94,
        "x": 1046,
        "y": 564,
        "radius": 29,
        "x_axis": 0.9085457087695835,
        "y_axis": -0.3054919635802998,
        "z_axis": 0.2849900967827271,
        "angle": 0.04023576350628567
    },
    "95": {
        "frame": 95,
        "x": 1056,
        "y": 550,
        "radius": 28,
        "x_axis": -0.3453016556238851,
        "y_axis": -0.7091498768165702,
        "z_axis": -0.6147139325201985,
        "angle": 0.04142591565143786
    },
    "96": {
        "frame": 96,
        "x": 1066,
        "y": 537,
        "radius": 27,
        "x_axis": 0.7612285327093983,
        "y_axis": 0.31952247740520945,
        "z_axis": -0.5643017875409699,
        "angle": 0.1823569735427838
    },
    "97": {
        "frame": 97,
        "x": 1075,
        "y": 524,
        "radius": 27,
        "x_axis": 0.7771687730949326,
        "y_axis": 0.6268300294843222,
        "z_axis": -0.05561305838380933,
        "angle": 0.07499783276762309
    },
    "98": {
        "frame": 98,
        "x": 1083,
        "y": 512,
        "radius": 26,
        "x_axis": 0.9631192599560557,
        "y_axis": 0.09142180038753597,
        "z_axis": -0.2530678674103077,
        "angle": 0.06900368294312716
    },
    "99": {
        "frame": 99,
        "x": 1091,
        "y": 501,
        "radius": 25,
        "x_axis": -0.3402153256729367,
        "y_axis": -0.9382534007751413,
        "z_axis": 0.06272230951694777,
        "angle": 0.08852996171846018
    },
    "100": {
        "frame": 100,
        "x": 1099,
        "y": 490,
        "radius": 25,
        "x_axis": -0.5906213370201394,
        "y_axis": 0.7077309121038221,
        "z_axis": -0.3876640198796314,
        "angle": 0.03378265642422465
    },
    "101": {
        "frame": 101,
        "x": 1106,
        "y": 479,
        "radius": 24,
        "x_axis": 0.6580506895987492,
        "y_axis": 0.03372396317377765,
        "z_axis": -0.7522180430077865,
        "angle": 0.05859830501370881
    },
    "102": {
        "frame": 102,
        "x": 1113,
        "y": 469,
        "radius": 23,
        "x_axis": 0.7914161318053857,
        "y_axis": 0.20426479656442745,
        "z_axis": 0.5761392185945107,
        "angle": 0.07774822509996697
    },
    "103": {
        "frame": 103,
        "x": 1119,
        "y": 460,
        "radius": 23,
        "x_axis": -0.6545215450063845,
        "y_axis": -0.33899904546429904,
        "z_axis": -0.6757819132654777,
        "angle": 0.03101495942547987
    },
    "104": {
        "frame": 104,
        "x": 1125,
        "y": 451,
        "radius": 22,
        "x_axis": -0.7927018462175338,
        "y_axis": 0.4952078206490987,
        "z_axis": -0.35551792834016616,
        "angle": 0.07229681501020989
    },
    "105": {
        "frame": 105,
        "x": 1130,
        "y": 442,
        "radius": 22,
        "x_axis": -0.4424095176402435,
        "y_axis": 0.17837118411816075,
        "z_axis": -0.8788956362262884,
        "angle": 0.09219595636149869
    },
    "106": {
        "frame": 106,
        "x": 1135,
        "y": 434,
        "radius": 21,
        "x_axis": -0.13024582356085604,
        "y_axis": 0.8379258512373664,
        "z_axis": -0.5300153707894605,
        "angle": 0.05106530647480111
    },
    "107": {
        "frame": 107,
        "x": 1140,
        "y": 426,
        "radius": 20,
        "x_axis": 0.8276835251929409,
        "y_axis": -0.5203029138200519,
        "z_axis": -0.21029707557298596,
        "angle": 0.06323174481568572
    },
    "108": {
        "frame": 108,
        "x": 1145,
        "y": 419,
        "radius": 20,
        "x_axis": -0.35757199590622396,
        "y_axis": -0.30123005601744807,
        "z_axis": 0.8839698643592804,
        "angle": 0.060882675319146914
    },
    "109": {
        "frame": 109,
        "x": 1149,
        "y": 412,
        "radius": 19,
        "x_axis": -0.995118506500613,
        "y_axis": 0.045147507544153115,
        "z_axis": 0.08775454736103734,
        "angle": 0.07440347108994573
    },
    "110": {
        "frame": 110,
        "x": 1153,
        "y": 405,
        "radius": 19,
        "x_axis": -0.5534777348654212,
        "y_axis": -0.008983166544433168,
        "z_axis": -0.8328155256280214,
        "angle": 0.07008454522881674
    },
    "111": {
        "frame": 111,
        "x": 1157,
        "y": 399,
        "radius": 18,
        "x_axis": -0.9443168230469937,
        "y_axis": -0.22633268067162357,
        "z_axis": -0.23882892490322383,
        "angle": 0.014043591418951076
    },
    "112": {
        "frame": 112,
        "x": 1161,
        "y": 393,
        "radius": 18,
        "x_axis": 0.565269872365861,
        "y_axis": 0.7696401173945034,
        "z_axis": -0.29685697076615547,
        "angle": 0.18303870756264212
    },
    "113": {
        "frame": 113,
        "x": 1164,
        "y": 388,
        "radius": 18,
        "x_axis": -0.21709109189184775,
        "y_axis": -0.7909033016435243,
        "z_axis": 0.5721393407821017,
        "angle": 0.11862430499727833
    },
    "114": {
        "frame": 114,
        "x": 1168,
        "y": 383,
        "radius": 17,
        "x_axis": -0.7479855017838805,
        "y_axis": -0.15962772118983315,
        "z_axis": -0.6442334047135849,
        "angle": 0.09271682555442301
    },
    "115": {
        "frame": 115,
        "x": 1171,
        "y": 378,
        "radius": 17,
        "x_axis": -0.8518207098812902,
        "y_axis": -0.37004807845821813,
        "z_axis": 0.37076393816917425,
        "angle": 0.16289618136492398
    },
    "116": {
        "frame": 116,
        "x": 1174,
        "y": 373,
        "radius": 16,
        "x_axis": 0.6709402514203443,
        "y_axis": -0.7029236866109732,
        "z_axis": 0.23608784345078757,
        "angle": 0.1034493816430672
    },
    "117": {
        "frame": 117,
        "x": 1178,
        "y": 369,
        "radius": 16,
        "x_axis": -0.9762026766815615,
        "y_axis": -0.19912668104885742,
        "z_axis": 0.08588887549747973,
        "angle": 0.17020645176756422
    },
    "118": {
        "frame": 118,
        "x": 1181,
        "y": 365,
        "radius": 16,
        "x_axis": -0.056829928375858776,
        "y_axis": -0.962704701229865,
        "z_axis": 0.2645184633833927,
        "angle": 0.1045540478287056
    },
    "119": {
        "frame": 119,
        "x": 1184,
        "y": 361,
        "radius": 15,