{
    "26": {
        "frame": 26,
        "x": 503,
        "y": 758,
        "radius": 51,
        "x_axis": -0.06209557611868758,
        "y_axis": -0.12362969233293718,
        "z_axis": 0.9903836825191294,
        "angle": 0.6557940156522959
    },
    "27": {
        "frame": 27,
        "x": 529,
        "y": 752,
        "radius": 45,
        "x_axis": 0.6574598765655019,
        "y_axis": -0.7455272802342654,
        "z_axis": 0.1092501035833574,
        "angle": 0.5144700259882846
    },
    "28": {
        "frame": 28,
        "x": 555,
        "y": 745,
        "radius": 41,
        "x_axis": -0.6982521610490555,
        "y_axis": -0.029268582850204703,
        "z_axis": -0.7152532905539579,
        "angle": 0.339249377642764
    },
    "29": {
        "frame": 29,
        "x": 578,
        "y": 738,
        "radius": 39,
        "x_axis": -0.7271192800549446,
        "y_axis": 0.37913086236868493,
        "z_axis": -0.5723262546589633,
        "angle": 0.27681176820892833
    },
    "30": {
        "frame": 30,
        "x": 600,
        "y": 729,
        "radius": 37,
        "x_axis": 0.9984523491815761,
        "y_axis": -0.055371679021021324,
        "z_axis": 0.005184937433090278,
        "angle": 0.27522310953116325
    },
    "31": {
        "frame": 31,
        "x": 621,
        "y": 720,
        "radius": 36,
        "x_axis": 0.1710038466880547,
        "y_axis": -0.03757286432126351,
        "z_axis": 0.984553687862975,
        "angle": 0.7939489134935264
    },
    "32": {
        "frame": 32,
        "x": 640,
        "y": 710,
        "radius": 34,
        "x_axis": 0.18686044942327154,
        "y_axis": -0.06190656509198463,
        "z_axis": -0.9804339598564734,
        "angle": 0.5392681479028315
    },
    "33": {
        "frame": 33,
        "x": 658,
        "y": 700,
        "radius": 33,
        "x_axis": -0.545073119858928,
        "y_axis": -0.5160153840355073,
        "z_axis": 0.6607748613907332,
        "angle": 0.22311340245444106
    },
    "34": {
        "frame": 34,
        "x": 675,
        "y": 690,
        "radius": 32,
        "x_axis": 0.012478269378068601,
        "y_axis": -0.978736707375717,
        "z_axis": -0.20474069070086812,
        "angle": 0.07371654363391907
    },
    "35": {
        "frame": 35,
        "x": 691,
        "y": 680,
        "radius": 31,
        "x_axis": -0.3565645644515596,
        "y_axis": -0.17999579642701322,
        "z_axis": 0.916767813923501,
        "angle": 1.3930424257473024
    },
    "36": {
        "frame": 36,
        "x": 706,
        "y": 669,
        "radius": 30,
        "x_axis": 0.7463527172034192,
        "y_axis": -0.01948537660339396,
        "z_axis": -0.6652653167133373,
        "angle": 0.23310864799319989
    },
    "37": {
        "frame": 37,
        "x": 720,
        "y": 659,
        "radius": 30,
        "x_axis": 0.807479199738844,
        "y_axis": -0.2450308456523667,
        "z_axis": -0.5365978258137116,
        "angle": 0.2826786273496538
    },
    "38": {
        "frame": 38,
        "x": 733,
        "y": 649,
        "radius": 29,
        "x_axis": -0.1383830584484592,
        "y_axis": -0.987085495645849,
        "z_axis": -0.08069915377523386,
        "angle": 0.2598278868246974
    },
    "39": {
        "frame": 39,
        "x": 745,
        "y": 639,
        "radius": 28,
        "x_axis": -0.24637029250478626,
        "y_axis": 0.23171602144877712,
        "z_axis": 0.9410682038912248,
        "angle": 0.7523656628890554
    },
    "40": {
        "frame": 40,
        "x": 757,
        "y": 630,
        "radius": 28,
        "x_axis": 0.6527935669751658,
        "y_axis": -0.07486771681827835,
        "z_axis": -0.7538271578380934,
        "angle": 0.5292199305415194
    },
    "41": {
        "frame": 41,
        "x": 768,
        "y": 621,
        "radius": 27,
        "x_axis": 0.11099309908904773,
        "y_axis": 0.9467694904594463,
        "z_axis": -0.3021722420901188,
        "angle": 0.4742191904050137
    },
    "42": {
        "frame": 42,
        "x": 778,
        "y": 612,
        "radius": 27,
        "x_axis": -0.2502642655076286,
        "y_axis": -0.3295742158995986,
        "z_axis": 0.9103563223398253,
        "angle": 0.7053979303042475
    },
    "43": {
        "frame": 43,
        "x": 788,
        "y": 604,
        "radius": 26,
        "x_axis": 0.2695313032877103,
        "y_axis": 0.43201991870265727,
        "z_axis": -0.8606460749879579,
        "angle": 0.24720016151369792
    },
    "44": {
        "frame": 44,
        "x": 797,
        "y": 596,
        "radius": 26,
        "x_axis": -0.560883881299604,
        "y_axis": -0.05094078357823905,
        "z_axis": 0.8263257882135391,
        "angle": 1.5997678225269347
    },
    "45": {
        "frame": 45,
        "x": 806,
        "y": 588,
        "radius": 25,
        "x_axis": 0.2101136268193638,
        "y_axis": 0.11808204206866577,
        "z_axis": -0.9705199097214374,
        "angle": 0.5234979356321584
    },
    "46": {
        "frame": 46,
        "x": 814,
        "y": 582,
        "radius": 25,
        "x_axis": -0.11648917677163474,
        "y_axis": -0.7436340663810378,
        "z_axis": 0.6583605752265766,
        "angle": 0.3948394244113916
    },
    "47": {
        "frame": 47,
        "x": 822,
        "y": 575,
        "radius": 25,
        "x_axis": 0.00336350325548317,
        "y_axis": -0.06511416921412487,
        "z_axis": -0.9978721520382282,
        "angle": 0.45186764713384414
    },
    "48": {
        "frame": 48,
        "x": 830,
        "y": 570,
        "radius": 24,
        "x_axis": 0.49256694070051427,
        "y_axis": -0.4504692348909502,
        "z_axis": -0.7446175376296869,
        "angle": 1.0600014255639674
    },
    "49": {
        "frame": 49,
        "x": 837,
        "y": 564,
        "radius": 24,
        "x_axis": -0.7284296081084053,
        "y_axis": -0.2543752160257265,
        "z_axis": -0.6361474322064816,
        "angle": 0.3102856093786662
    },
    "50": {
        "frame": 50,
        "x": 844,
        "y": 559,
        "radius": 24,
        "x_axis": -0.6244773698646425,
        "y_axis": -0.24117475889230705,
        "z_axis": 0.7428746530877036,
        "angle": 0.5173490570089573
    },
    "51": {
        "frame": 51,
        "x": 850,
        "y": 555,
        "radius": 23,
        "x_axis": -0.04818919834681129,
        "y_axis": -0.5312852853857865,
        "z_axis": -0.8458213444311009,
        "angle": 0.6248532609416432
    },
    "52": {
        "frame": 52,
        "x": 857,
        "y": 551,
        "radius": 23,
        "x_axis": 0.9040559856621646,
        "y_axis": -0.40186889861799296,
        "z_axis": 0.14554780352850924,
        "angle": 0.3067550926573906
    },
    "53": {
        "frame": 53,
        "x": 863,
        "y": 547,
        "radius": 23,
        "x_axis": 0.27430471707509746,
        "y_axis": -0.38811873911265515,
        "z_axis": -0.8798413303203899,
        "angle": 0.6282667298916295
    },
    "54": {
        "frame": 54,
        "x": 869,
        "y": 543,
        "radius": 22,
        "x_axis": 0.7863332313236778,
        "y_axis": 0.06026800586105292,
        "z_axis": 0.61485593173165,
        "angle": 0.07696987797047113
    },
    "55": {
        "frame": 55,
        "x": 875,
        "y": 540,
        "radius": 22,
        "x_axis": 0.4213128847797104,
        "y_axis": -0.8827738428904501,
        "z_axis": 0.20786003807135545,
        "angle": 0.23159586231854404
    },
    "56": {
        "frame": 56,
        "x": 880,
        "y": 537,
        "radius": 22,
        "x_axis": 0.05826167491274448,
        "y_axis": 0.6212472432916676,
        "z_axis": 0.781445737040561,
        "angle": 0.07944856160589259
    },
    "57": {
        "frame": 57,
        "x": 885,
        "y": 533,
        "radius": 21,
        "x_axis": 0.4030237782579762,
        "y_axis": 0.6766094148999566,
        "z_axis": 0.6162560618991135,