{
    "65": {
        "frame": 65,
        "x": 726,
        "y": 895,
        "radius": 72,
        "x_axis": 0.6532224792553161,
        "y_axis": 0.2721261983143171,
        "z_axis": -0.7065746420489026,
        "angle": 0.5432868557860028
    },
    "66": {
        "frame": 66,
        "x": 754,
        "y": 871,
        "radius": 62,
        "x_axis": 0.47682194501518316,
        "y_axis": 0.6373915664210614,
        "z_axis": -0.6052873894335181,
        "angle": 0.49290676219084023
    },
    "67": {
        "frame": 67,
        "x": 782,
        "y": 847,
        "radius": 57,
        "x_axis": 0.7904486154464181,
        "y_axis": 0.5916617316278625,
        "z_axis": -0.1585161873940955,
        "angle": 0.10783571456294662
    },
    "68": {
        "frame": 68,
        "x": 807,
        "y": 825,
        "radius": 53,
        "x_axis": -0.2562125503400164,
        "y_axis": -0.13916107172034367,
        "z_axis": -0.9565507436440109,
        "angle": 0.652234048925707
    },
    "69": {
        "frame": 69,
        "x": 832,
        "y": 804,
        "radius": 50,
        "x_axis": -0.8022885974625141,
        "y_axis": 0.591571685031399,
        "z_axis": 0.07984953256433894,
        "angle": 0.29979311507602163
    },
    "70": {
        "frame": 70,
        "x": 854,
        "y": 783,
        "radius": 47,
        "x_axis": -0.9755512910284712,
        "y_axis": -0.21149112980154935,
        "z_axis": -0.05975935565204456,
        "angle": 0.2817475039074648
    },
    "71": {
        "frame": 71,
        "x": 876,
        "y": 764,
        "radius": 45,
        "x_axis": 0.6996402863361444,
        "y_axis": 0.39678602282049513,
        "z_axis": -0.5941921590106788,
        "angle": 0.05200306076290026
    },
    "72": {
        "frame": 72,
        "x": 896,
        "y": 745,
        "radius": 43,
        "x_axis": 0.057335736279799446,
        "y_axis": -0.9949357565010829,
        "z_axis": 0.08255576164551734,
        "angle": 0.03620727489447063
    },
    "73": {
        "frame": 73,
        "x": 916,
        "y": 727,
        "radius": 42,
        "x_axis": 0.9576795172960549,
        "y_axis": -0.14286089004914032,
        "z_axis": 0.24988138835448032,
        "angle": 0.038081124077077214
    },
    "74": {
        "frame": 74,
        "x": 934,
        "y": 710,
        "radius": 40,
        "x_axis": 0.9484172814644553,
        "y_axis": -0.01727455943956775,
        "z_axis": -0.3165537076322774,
        "angle": 0.012659245867732535
    },
    "75": {
        "frame": 75,
        "x": 951,
        "y": 694,
        "radius": 39,
        "x_axis": 0.13361730877032632,
        "y_axis": -0.09008632740192457,
        "z_axis": -0.9869300220442221,
        "angle": 0.0522855534090623
    },
    "76": {
        "frame": 76,
        "x": 967,
        "y": 679,
        "radius": 38,
        "x_axis": -0.7927981236571476,
        "y_axis": -0.5715758421248393,
        "z_axis": -0.21159440404931998,
        "angle": 0.03125746728095551
    },
    "77": {
        "frame": 77,
        "x": 982,
        "y": 664,
        "radius": 37,
        "x_axis": 0.9529941277886865,
        "y_axis": -0.2184177257678613,
        "z_axis": 0.2099902127973491,
        "angle": 0.01108730351017254
    },
    "78": {
        "frame": 78,
        "x": 996,
        "y": 650,
        "radius": 36,
        "x_axis": -0.9652140723336148,
        "y_axis": 0.07353669366853505,
        "z_axis": -0.2509066544622913,
        "angle": 0.01677806336758837
    },
    "79": {
        "frame": 79,
        "x": 1009,
        "y": 637,
        "radius": 35,
        "x_axis": -0.5083038275917013,
        "y_axis": 0.6853758545285266,
        "z_axis": -0.5214279977953984,
        "angle": 0.03532364049125061
    },
    "80": {
        "frame": 80,
        "x": 1022,
        "y": 624,
        "radius": 34,
        "x_axis": -0.4061418579163343,
        "y_axis": -0.7222384198013846,
        "z_axis": 0.5598396700940969,
        "angle": 0.11439858988079686
    },
    "81": {
        "frame": 81,
        "x": 1034,
        "y": 612,
        "radius": 33,
        "x_axis": 0.9465359981648848,
        "y_axis": -0.31895984877831957,
        "z_axis": -0.04831375627414023,
        "angle": 0.034053315190139724
    },
    "82": {
        "frame": 82,
        "x": 1045,
        "y": 601,
        "radius": 32,
        "x_axis": -0.8168133544133661,
        "y_axis": 0.5623978467173869,
        "z_axis": 0.1285480690622439,
        "angle": 0.026907522762175052
    },
    "83": {
        "frame": 83,
        "x": 1055,
        "y": 590,
        "radius": 31,
        "x_axis": -0.37539150144470573,
        "y_axis": -0.9209573309334312,
        "z_axis": -0.1044931349087578,
        "angle": 0.01357356323315057
    },
    "84": {
        "frame": 84,
        "x": 1065,
        "y": 580,
        "radius": 31,
        "x_axis": -0.9316192590644325,
        "y_axis": 0.3264419215495585,
        "z_axis": -0.1597536478308705,
        "angle": 0.03755663038944074
    },
    "85": {
        "frame": 85,
        "x": 1074,
        "y": 570,
        "radius": 30,
        "x_axis": -0.9542982164813383,
        "y_axis": -0.29880170659627187,
        "z_axis": -0.005696854894794823,
        "angle": 0.04831070955289281
    },
    "86": {
        "frame": 86,
        "x": 1083,
        "y": 560,
        "radius": 29,
        "x_axis": -0.8239857188357164,
        "y_axis": -0.21448881243210813,
        "z_axis": 0.5244445485427908,
        "angle": 0.026670238751474715
    },
    "87": {
        "frame": 87,
        "x": 1091,
        "y": 551,
        "radius": 29,
        "x_axis": 0.7588379739738846,
        "y_axis": 0.25785615316927496,
        "z_axis": -0.5980594732365282,
        "angle": 0.05265532475351032
    },
    "88": {
        "frame": 88,
        "x": 1099,
        "y": 543,
        "radius": 28,
        "x_axis": -0.5369330378561197,
        "y_axis": 0.683950956983638,
        "z_axis": -0.49387650409769895,
        "angle": 0.06373940292155668
    },
    "89": {
        "frame": 89,
        "x": 1106,
        "y": 535,
        "radius": 28,
        "x_axis": -0.8076033000543242,
        "y_axis": 0.5706365045251489,
        "z_axis": 0.14883174877923486,
        "angle": 0.0367375303617242
    },
    "90": {
        "frame": 90,
        "x": 1113,
        "y": 527,
        "radius": 27,
        "x_axis": -0.9603961598575763,
        "y_axis": -0.14135127494893968,
        "z_axis": -0.2401229543403335,
        "angle": 0.05260428521117535
    },
    "91": {
        "frame": 91,
        "x": 1120,
        "y": 519,
        "radius": 27,
        "x_axis": -0.49687492453840487,
        "y_axis": 0.4843029458575145,
        "z_axis": -0.7201152449425633,
        "angle": 0.022144021115538627
    },
    "92": {
        "frame": 92,
        "x": 1126,
        "y": 512,
        "radius": 26,
        "x_axis": -0.9459204066279913,
        "y_axis": 0.2735337234111039,
        "z_axis": -0.1743957754121172,
        "angle": 0.03559126713764324
    },
    "93": {
        "frame": 93,
        "x": 1132,
        "y": 505,
        "radius": 26,
        "x_axis": 0.9735539823250355,
        "y_axis": 0.20485606784321858,
        "z_axis": -0.10112682614855001,
        "angle": 0.02112902533040937
    },
    "94": {
        "frame": 94,
        "x": 1138,
        "y": 499,
        "radius": 25,
        "x_axis": 0.558427542057869,
        "y_axis": 0.8271088917908823,
        "z_axis": 0.06363616418095648,
        "angle": 0.042029147892493894
    },
    "95": {
        "frame": 95,
        "x": 1143,
        "y": 493,
        "radius": 25,
        "x_axis": -0.47423552470203373,
        "y_axis": 0.6618783676605435,
        "z_axis": -0.5805322502097546,
        "angle": 0.035707160214455344
    },
    "96": {
        "frame": 96,
        "x": 1148,
        "y": 487,
        "radius": 24,
        "x_axis": -0.6310840893448647,
        "y_axis": 0.7609114857543968,