{
    "68": {
        "frame": 68,
        "x": 840,
        "y": 797,
        "radius": 46,
        "x_axis": 0.6162962038261046,
        "y_axis": 0.7810451915304767,
        "z_axis": -0.10073429374673579,
        "angle": 0.5265378342249375
    },
    "69": {
        "frame": 69,
        "x": 848,
        "y": 791,
        "radius": 45,
        "x_axis": 0.10328631593140318,
        "y_axis": 0.9805535030959335,
        "z_axis": 0.16687349851792477,
        "angle": 0.21242275884615996
    },
    "70": {
        "frame": 70,
        "x": 862,
        "y": 779,
        "radius": 44,
        "x_axis": -0.5250499082361644,
        "y_axis": 0.8139366203478597,
        "z_axis": -0.24865593079172582,
        "angle": 0.1732065494140999
    },
    "71": {
        "frame": 71,
        "x": 879,
        "y": 764,
        "radius": 43,
        "x_axis": 0.8726137025075488,
        "y_axis": 0.472019371746921,
        "z_axis": 0.12547126719575788,
        "angle": 0.11915131243882732
    },
    "72": {
        "frame": 72,
        "x": 898,
        "y": 748,
        "radius": 42,
        "x_axis": 0.5014800002819041,
        "y_axis": 0.3018318053850453,
        "z_axis": 0.8108115505931484,
        "angle": 0.04425974795583119
    },
    "73": {
        "frame": 73,
        "x": 916,
        "y": 731,
        "radius": 41,
        "x_axis": -0.05323855087935678,
        "y_axis": 0.751154287232595,
        "z_axis": -0.6579763623963693,
        "angle": 0.022819097248945906
    },
    "74": {
        "frame": 74,
        "x": 934,
        "y": 713,
        "radius": 40,
        "x_axis": -0.9725309337105595,
        "y_axis": 0.14011404422283297,
        "z_axis": -0.185880707948914,
        "angle": 0.02032331627292892
    },
    "75": {
        "frame": 75,
        "x": 951,
        "y": 696,
        "radius": 39,
        "x_axis": -0.37035203226963676,
        "y_axis": 0.7993230503381736,
        "z_axis": -0.47320400821614733,
        "angle": 0.030930144414366374
    },
    "76": {
        "frame": 76,
        "x": 966,
        "y": 680,
        "radius": 38,
        "x_axis": -0.8889369062149429,
        "y_axis": -0.023615880607016516,
        "z_axis": 0.45742044876913945,
        "angle": 0.042355374539755054
    },
    "77": {
        "frame": 77,
        "x": 981,
        "y": 664,
        "radius": 38,
        "x_axis": -0.23661959263322138,
        "y_axis": 0.9550100011185314,
        "z_axis": -0.17879336158166223,
        "angle": 0.03214600978286432
    },
    "78": {
        "frame": 78,
        "x": 994,
        "y": 650,
        "radius": 37,
        "x_axis": -0.7956285706138654,
        "y_axis": 0.22113878948054133,
        "z_axis": -0.5639794441378321,
        "angle": 0.01559512129470371
    },
    "79": {
        "frame": 79,
        "x": 1007,
        "y": 637,
        "radius": 36,
        "x_axis": -0.5113528914814597,
        "y_axis": -0.4713042578792164,
        "z_axis": -0.718603170657124,
        "angle": 0.655586989212222
    },
    "80": {
        "frame": 80,
        "x": 1019,
        "y": 624,
        "radius": 35,
        "x_axis": -0.9655708319881026,
        "y_axis": -0.24342841519907324,
        "z_axis": -0.09173644361686913,
        "angle": 0.03872350555539138
    },
    "81": {
        "frame": 81,
        "x": 1030,
        "y": 612,
        "radius": 34,
        "x_axis": 0.3789381160649294,
        "y_axis": -0.8887569490700906,
        "z_axis": 0.25790887862341316,
        "angle": 0.017226174773450956
    },
    "82": {
        "frame": 82,
        "x": 1041,
        "y": 601,
        "radius": 33,
        "x_axis": 0.17502956584541854,
        "y_axis": -0.9208377373051998,
        "z_axis": -0.34845733258837314,
        "angle": 0.040049700405545466
    },
    "83": {
        "frame": 83,
        "x": 1052,
        "y": 591,
        "radius": 33,
        "x_axis": 0.3174188523284403,
        "y_axis": 0.3377553212263446,
        "z_axis": -0.8860962787247131,
        "angle": 0.027806892114845494
    },
    "84": {
        "frame": 84,
        "x": 1062,
        "y": 581,
        "radius": 32,
        "x_axis": -0.9232000658916745,
        "y_axis": 0.1824459686747567,
        "z_axis": 0.33825302194058476,
        "angle": 0.06640571794334944
    },
    "85": {
        "frame": 85,
        "x": 1071,
        "y": 571,
        "radius": 31,
        "x_axis": -0.6169124623765776,
        "y_axis": -0.09803527458870899,
        "z_axis": 0.7809021057090219,
        "angle": 0.05597119798567966
    },
    "86": {
        "frame": 86,
        "x": 1080,
        "y": 562,
        "radius": 31,
        "x_axis": -0.4907783288219029,
        "y_axis": 0.8663132297644226,
        "z_axis": 0.09294094842379806,
        "angle": 0.021728923141109576
    },
    "87": {
        "frame": 87,
        "x": 1088,
        "y": 553,
        "radius": 30,
        "x_axis": -0.7163071344465892,
        "y_axis": 0.6977844760331908,
        "z_axis": 0.0009561108729956054,
        "angle": 0.016261113396075944
    },
    "88": {
        "frame": 88,
        "x": 1096,
        "y": 544,
        "radius": 29,
        "x_axis": 0.21130734052399727,
        "y_axis": -0.828644011484324,
        "z_axis": -0.5183611772421265,
        "angle": 0.023261263370090626
    },
    "89": {
        "frame": 89,
        "x": 1104,
        "y": 536,
        "radius": 28,
        "x_axis": -0.2963319616126859,
        "y_axis": 0.94850879465561,
        "z_axis": -0.11188581227188496,
        "angle": 0.021744920584226547
    },
    "90": {
        "frame": 90,
        "x": 1111,
        "y": 528,
        "radius": 28,
        "x_axis": -0.9922451071796292,
        "y_axis": -0.004952828378869385,
        "z_axis": 0.12419789357769138,
        "angle": 0.03516823332304926
    },
    "91": {
        "frame": 91,
        "x": 1118,
        "y": 520,
        "radius": 27,
        "x_axis": -0.13618502351577533,
        "y_axis": 0.7249480405823316,
        "z_axis": -0.6752066186182165,
        "angle": 0.043472234011081926
    },
    "92": {
        "frame": 92,
        "x": 1124,
        "y": 513,
        "radius": 27,
        "x_axis": 0.739574849640447,
        "y_axis": 0.6724561913137258,
        "z_axis": -0.028839426886612955,
        "angle": 0.030119141651432705
    },
    "93": {
        "frame": 93,
        "x": 1130,
        "y": 507,
        "radius": 26,
        "x_axis": -0.6052396621101188,
        "y_axis": -0.7941302654636757,
        "z_axis": 0.05515498965117658,
        "angle": 0.06263159717274677
    },
    "94": {
        "frame": 94,
        "x": 1137,
        "y": 500,
        "radius": 25,
        "x_axis": 0.23475663818791173,
        "y_axis": 0.7294651598109764,
        "z_axis": 0.6424717125669089,
        "angle": 0.03116337633330329
    },
    "95": {
        "frame": 95,
        "x": 1142,
        "y": 494,
        "radius": 25,
        "x_axis": 0.6593554440305187,
        "y_axis": -0.5743723087104026,
        "z_axis": -0.485125601688882,
        "angle": 0.04694203279526877
    },
    "96": {
        "frame": 96,
        "x": 1148,
        "y": 489,
        "radius": 24,
        "x_axis": -0.8161220408622102,
        "y_axis": 0.35848550176914634,
        "z_axis": 0.45324712844123366,
        "angle": 0.026369821404821026
    },
    "97": {
        "frame": 97,
        "x": 1153,
        "y": 483,
        "radius": 24,
        "x_axis": 0.3738417727305073,
        "y_axis": -0.7370644643379124,
        "z_axis": 0.5630082631471568,
        "angle": 0.016553864708121705
    },
    "98": {
        "frame": 98,
        "x": 1158,
        "y": 478,
        "radius": 23,
        "x_axis": -0.9460263793920344,
        "y_axis": -0.2022812993665782,
        "z_axis": -0.25321209572405423,
        "angle": 0.0415071475759937
    },
    "99": {
        "frame": 99,
        "x": 1163,
        "y": 472,
        "radius": 23,
        "x_axis": -0.23777431542981423,
        "y_axis": -0.7681405924523066,