{
    "91": {
        "frame": 91,
        "x": 581,
        "y": 881,
        "radius": 95,
        "x_axis": 0.5675742478381756,
        "y_axis": 0.7692670825112664,
        "z_axis": -0.29340693406178037,
        "angle": 0.2946984067574935
    },
    "92": {
        "frame": 92,
        "x": 589,
        "y": 874,
        "radius": 83,
        "x_axis": 0.8329158636387004,
        "y_axis": 0.21454371159352179,
        "z_axis": 0.5101197505632119,
        "angle": 0.37450787686044057
    },
    "93": {
        "frame": 93,
        "x": 605,
        "y": 860,
        "radius": 75,
        "x_axis": -0.12714598905132418,
        "y_axis": -0.8235475234286554,
        "z_axis": 0.5528140502218524,
        "angle": 0.6945196301230242
    },
    "94": {
        "frame": 94,
        "x": 627,
        "y": 841,
        "radius": 70,
        "x_axis": 0.9584356692364747,
        "y_axis": -0.2702544447896358,
        "z_axis": 0.09145273646357778,
        "angle": 0.31041321267255056
    },
    "95": {
        "frame": 95,
        "x": 651,
        "y": 819,
        "radius": 66,
        "x_axis": -0.9254117933568835,
        "y_axis": -0.16399422887853135,
        "z_axis": 0.34164148695750135,
        "angle": 0.6374296774015434
    },
    "96": {
        "frame": 96,
        "x": 676,
        "y": 795,
        "radius": 63,
        "x_axis": -0.7963539359325104,
        "y_axis": -0.600307376731406,
        "z_axis": -0.07383401767923128,
        "angle": 0.8701914103681125
    },
    "97": {
        "frame": 97,
        "x": 702,
        "y": 770,
        "radius": 60,
        "x_axis": -0.23689212792661363,
        "y_axis": -0.8456233267241032,
        "z_axis": -0.4783338886452241,
        "angle": 1.3559044962592157
    },
    "98": {
        "frame": 98,
        "x": 726,
        "y": 744,
        "radius": 58,
        "x_axis": -0.13895233363662665,
        "y_axis": -0.8915279041728267,
        "z_axis": -0.4311267157787171,
        "angle": 0.9404558942298832
    },
    "99": {
        "frame": 99,
        "x": 749,
        "y": 718,
        "radius": 56,
        "x_axis": -0.7350857574972341,
        "y_axis": -0.6726745781526029,
        "z_axis": -0.08460402491569327,
        "angle": 0.7404927119409928
    },
    "100": {
        "frame": 100,
        "x": 770,
        "y": 692,
        "radius": 54,
        "x_axis": -0.8857358011840243,
        "y_axis": -0.46306355343247313,
        "z_axis": -0.03231464038768989,
        "angle": 0.6301319423090532
    },
    "101": {
        "frame": 101,
        "x": 789,
        "y": 666,
        "radius": 52,
        "x_axis": -0.8977455451357548,
        "y_axis": -0.21895774920554403,
        "z_axis": 0.38224395384590293,
        "angle": 1.0708424147023976
    },
    "102": {
        "frame": 102,
        "x": 808,
        "y": 642,
        "radius": 51,
        "x_axis": -0.4253824781499747,
        "y_axis": -0.6091937331046859,
        "z_axis": -0.6692777770320504,
        "angle": 0.7766814115327845
    },
    "103": {
        "frame": 103,
        "x": 824,
        "y": 618,
        "radius": 49,
        "x_axis": -0.4647529978573781,
        "y_axis": -0.8852110111467347,
        "z_axis": 0.020152338007177275,
        "angle": 0.6318615310588024
    },
    "104": {
        "frame": 104,
        "x": 840,
        "y": 596,
        "radius": 48,
        "x_axis": -0.7572624003935611,
        "y_axis": -0.560986128487923,
        "z_axis": -0.33443716987546995,
        "angle": 0.9453784811847404
    },
    "105": {
        "frame": 105,
        "x": 854,
        "y": 575,
        "radius": 47,
        "x_axis": -0.5011147042450754,
        "y_axis": -0.11808677253085223,
        "z_axis": -0.8572861642080883,
        "angle": 0.5597790695497753
    },
    "106": {
        "frame": 106,
        "x": 867,
        "y": 556,
        "radius": 46,
        "x_axis": -0.8662990030503952,
        "y_axis": -0.49371605739321195,
        "z_axis": 0.0759637544227114,
        "angle": 0.6776711815600476
    },
    "108": {
        "frame": 108,
        "x": 890,
        "y": 520,
        "radius": 44,
        "x_axis": -0.8629885577413967,
        "y_axis": -0.44877935410588976,
        "z_axis": 0.2320513747766309,
        "angle": 0.5486210921999484
    },
    "109": {
        "frame": 109,
        "x": 901,
        "y": 503,
        "radius": 43,
        "x_axis": -0.6867706449085405,
        "y_axis": -0.6534278533678964,
        "z_axis": -0.31839931176893316,
        "angle": 0.7698163547380911
    },
    "110": {
        "frame": 110,
        "x": 911,
        "y": 488,
        "radius": 42,
        "x_axis": -0.36822561961150346,
        "y_axis": -0.3141029602609617,
        "z_axis": -0.8750709819306233,
        "angle": 0.5097191440787122
    },
    "111": {
        "frame": 111,
        "x": 921,
        "y": 473,
        "radius": 41,
        "x_axis": -0.7080880030447662,
        "y_axis": 0.15576237756524494,
        "z_axis": -0.688730325801977,
        "angle": 0.5451043452236828
    },
    "112": {
        "frame": 112,
        "x": 930,
        "y": 459,
        "radius": 40,
        "x_axis": -0.3942007717100589,
        "y_axis": -0.6794439423760952,
        "z_axis": 0.6188389780481054,
        "angle": 0.4143778708589604
    },
    "113": {
        "frame": 113,
        "x": 939,
        "y": 446,
        "radius": 39,
        "x_axis": -0.031160383082398328,
        "y_axis": -0.9934773458295032,
        "z_axis": -0.109689533911509,
        "angle": 0.42807554479610593
    },
    "114": {
        "frame": 114,
        "x": 948,
        "y": 434,
        "radius": 39,
        "x_axis": -0.6096220967204364,
        "y_axis": -0.7884208646801955,
        "z_axis": 0.08217931203844274,
        "angle": 0.6535609787019719
    },
    "115": {
        "frame": 115,
        "x": 956,
        "y": 422,
        "radius": 38,
        "x_axis": -0.1760204294241187,
        "y_axis": -0.32580771476115683,
        "z_axis": -0.9289058840525566,
        "angle": 0.5143443514373407
    },
    "116": {
        "frame": 116,
        "x": 964,
        "y": 410,
        "radius": 37,
        "x_axis": -0.9460638355699323,
        "y_axis": 0.24367538882703715,
        "z_axis": 0.2135076670911385,
        "angle": 0.24158489925758764
    },
    "117": {
        "frame": 117,
        "x": 971,
        "y": 399,
        "radius": 36,
        "x_axis": -0.33892060771663124,
        "y_axis": -0.5738971411120496,
        "z_axis": 0.7455031140702267,
        "angle": 0.5821813349038899
    },
    "118": {
        "frame": 118,
        "x": 978,
        "y": 388,
        "radius": 36,
        "x_axis": -0.4255204635959398,
        "y_axis": -0.8318881914685237,
        "z_axis": 0.3562223630772295,
        "angle": 0.5058693016893291
    },
    "119": {
        "frame": 119,
        "x": 984,
        "y": 377,
        "radius": 35,
        "x_axis": -0.5401305229417751,
        "y_axis": -0.8307007697284059,
        "z_axis": -0.1348897674372622,
        "angle": 0.5025531128689228
    },
    "120": {
        "frame": 120,
        "x": 990,
        "y": 367,
        "radius": 35,
        "x_axis": -0.45547511161494664,
        "y_axis": -0.544167708615603,
        "z_axis": -0.7045735785561335,
        "angle": 0.49167381666284155
    },
    "121": {
        "frame": 121,
        "x": 996,
        "y": 358,
        "radius": 34,
        "x_axis": -0.9545378231130234,
        "y_axis": 0.22917283652097775,
        "z_axis": -0.1906235957261843,
        "angle": 0.36318066626964896
    },
    "122": {
        "frame": 122,
        "x": 1001,
        "y": 348,
        "radius": 33,
        "x_axis": -0.9078728205368668,
        "y_axis": -0.41758528604895073,
        "z_axis": 0.03727560335997644,
        "angle": 0.33512672166966956
    },
    "123": {
        "frame": 123,
        "x": 1006,
        "y": 339,
        "radius": 33,
        "x_axis": -0.6045992767354322,