{
    "6": {
        "frame": 6,
        "x": 995,
        "y": 767,
        "radius": 59,
        "x_axis": -0.9724645370628328,
        "y_axis": 0.23268342506085996,
        "z_axis": 0.013082349067262659,
        "angle": 0.3138577743735275
    },
    "7": {
        "frame": 7,
        "x": 1010,
        "y": 748,
        "radius": 53,
        "x_axis": -0.98587933373382,
        "y_axis": 0.01770585369161928,
        "z_axis": -0.1665185937413908,
        "angle": 0.30738741723869667
    },
    "8": {
        "frame": 8,
        "x": 1025,
        "y": 730,
        "radius": 50,
        "x_axis": 0.8452509945255627,
        "y_axis": 0.4876037375171554,
        "z_axis": 0.21861690559709288,
        "angle": 0.33999360643304466
    },
    "9": {
        "frame": 9,
        "x": 1040,
        "y": 712,
        "radius": 47,
        "x_axis": 0.6297713916566565,
        "y_axis": 0.5854534036120392,
        "z_axis": -0.5105216023342372,
        "angle": 0.04624540982198656
    },
    "10": {
        "frame": 10,
        "x": 1054,
        "y": 695,
        "radius": 45,
        "x_axis": -0.9007060322095366,
        "y_axis": 0.29973977349777037,
        "z_axis": 0.3144593959875564,
        "angle": 0.08434408503579377
    },
    "11": {
        "frame": 11,
        "x": 1068,
        "y": 678,
        "radius": 44,
        "x_axis": -0.10280207842601706,
        "y_axis": -0.33873941403100905,
        "z_axis": -0.9352472090593053,
        "angle": 0.08337921523102831
    },
    "12": {
        "frame": 12,
        "x": 1081,
        "y": 661,
        "radius": 42,
        "x_axis": 0.5236000154348798,
        "y_axis": 0.8396503309148601,
        "z_axis": -0.1443272172223933,
        "angle": 0.24749264726664436
    },
    "13": {
        "frame": 13,
        "x": 1093,
        "y": 645,
        "radius": 41,
        "x_axis": 0.9271301895653874,
        "y_axis": 0.367544631017075,
        "z_axis": -0.07307910650090804,
        "angle": 0.038747966401244824
    },
    "14": {
        "frame": 14,
        "x": 1105,
        "y": 630,
        "radius": 40,
        "x_axis": 0.9480282077279739,
        "y_axis": -0.2353608286522263,
        "z_axis": -0.2141209884346304,
        "angle": 0.021043021779762784
    },
    "15": {
        "frame": 15,
        "x": 1117,
        "y": 615,
        "radius": 39,
        "x_axis": -0.9200761419258849,
        "y_axis": 0.35184575635352866,
        "z_axis": 0.1722337272278347,
        "angle": 0.014614941184124436
    },
    "16": {
        "frame": 16,
        "x": 1129,
        "y": 600,
        "radius": 39,
        "x_axis": 0.15948579345746858,
        "y_axis": 0.8691991002802361,
        "z_axis": -0.46803547489188235,
        "angle": 0.07482179869817357
    },
    "17": {
        "frame": 17,
        "x": 1139,
        "y": 586,
        "radius": 38,
        "x_axis": 0.012611337166861017,
        "y_axis": -0.9047312014607966,
        "z_axis": -0.425796203926441,
        "angle": 0.06004372717850807
    },
    "18": {
        "frame": 18,
        "x": 1150,
        "y": 573,
        "radius": 37,
        "x_axis": -0.84032501165954,
        "y_axis": 0.20537386188658296,
        "z_axis": -0.5016726538622417,
        "angle": 0.03948030080573336
    },
    "19": {
        "frame": 19,
        "x": 1160,
        "y": 559,
        "radius": 36,
        "x_axis": 0.9102578295203113,
        "y_axis": -0.08544991971891977,
        "z_axis": -0.40512836856606566,
        "angle": 0.2548350901164238
    },
    "20": {
        "frame": 20,
        "x": 1170,
        "y": 546,
        "radius": 36,
        "x_axis": 0.28861610659731063,
        "y_axis": 0.7299219962977957,
        "z_axis": 0.6196084427549793,
        "angle": 0.043470455060211174
    },
    "21": {
        "frame": 21,
        "x": 1179,
        "y": 534,
        "radius": 35,
        "x_axis": -0.7326782470984865,
        "y_axis": -0.10472827470681793,
        "z_axis": -0.6724690139371647,
        "angle": 0.02547214794973732
    },
    "22": {
        "frame": 22,
        "x": 1188,
        "y": 522,
        "radius": 35,
        "x_axis": -0.5033173877059408,
        "y_axis": 0.1217837295963216,
        "z_axis": -0.8554766685529641,
        "angle": 0.05117879397114049
    },
    "23": {
        "frame": 23,
        "x": 1197,
        "y": 510,
        "radius": 34,
        "x_axis": -0.5754847712043191,
        "y_axis": -0.4619554973630667,
        "z_axis": -0.6748439794263223,
        "angle": 0.7763074426393205
    },
    "24": {
        "frame": 24,
        "x": 1206,
        "y": 499,
        "radius": 34,
        "x_axis": -0.17648801570037145,
        "y_axis": 0.22703873995818358,
        "z_axis": -0.9577606125083375,
        "angle": 0.04619865427495293
    },
    "25": {
        "frame": 25,
        "x": 1214,
        "y": 488,
        "radius": 33,
        "x_axis": -0.3589552962084,
        "y_axis": -0.037922300909645844,
        "z_axis": -0.9325840414770445,
        "angle": 0.06158311605950947
    },
    "26": {
        "frame": 26,
        "x": 1222,
        "y": 477,
        "radius": 33,
        "x_axis": -0.4699837090433781,
        "y_axis": 0.7239901856223455,
        "z_axis": 0.5049292270767765,
        "angle": 0.062243573089152876
    },
    "27": {
        "frame": 27,
        "x": 1229,
        "y": 467,
        "radius": 33,
        "x_axis": -0.8791494129439834,
        "y_axis": 0.08627145256135252,
        "z_axis": 0.46867210946802,
        "angle": 0.04862732609565617
    },
    "28": {
        "frame": 28,
        "x": 1236,
        "y": 456,
        "radius": 32,
        "x_axis": -0.594153010426009,
        "y_axis": 0.009927867723768889,
        "z_axis": -0.8042907668524923,
        "angle": 0.041493357488786846
    },
    "29": {
        "frame": 29,
        "x": 1243,
        "y": 447,
        "radius": 32,
        "x_axis": -0.7537003283376773,
        "y_axis": -0.5892382097810754,
        "z_axis": 0.291091303885346,
        "angle": 0.11295338478965432
    },
    "30": {
        "frame": 30,
        "x": 1250,
        "y": 437,
        "radius": 31,
        "x_axis": 0.9869245406028792,
        "y_axis": 0.12106475298562772,
        "z_axis": 0.10641088638069471,
        "angle": 0.3668429207807986
    },
    "31": {
        "frame": 31,
        "x": 1257,
        "y": 428,
        "radius": 31,
        "x_axis": -0.6396874725259684,
        "y_axis": 0.7483187293833277,
        "z_axis": -0.17555345837510766,
        "angle": 0.025040222116933394
    },
    "32": {
        "frame": 32,
        "x": 1263,
        "y": 419,
        "radius": 31,
        "x_axis": -0.9759622632986941,
        "y_axis": 0.18030977363689854,
        "z_axis": -0.12241750752200851,
        "angle": 0.02239754670012274
    },
    "33": {
        "frame": 33,
        "x": 1269,
        "y": 410,
        "radius": 31,
        "x_axis": -0.5239000417345231,
        "y_axis": 0.6738288482174424,
        "z_axis": 0.5210407177759913,
        "angle": 0.0329863563835576
    },
    "34": {
        "frame": 34,
        "x": 1275,
        "y": 402,
        "radius": 30,
        "x_axis": -0.25691417028941116,
        "y_axis": -0.9565832482702792,
        "z_axis": -0.13763574475108137,
        "angle": 0.03463305909355512
    },
    "35": {
        "frame": 35,
        "x": 1281,
        "y": 394,
        "radius": 30,
        "x_axis": -0.998087133483958,
        "y_axis": -0.02424370362582499,
        "z_axis": 0.056871054221627027,
        "angle": 0.055950629882787234
    },
    "36": {
        "frame": 36,
        "x": 1286,
        "y": 386,
        "radius": 30,
        "x_axis": -0.5723695510115442,
        "y_axis": 0.6612902711711118,
        "z_axis": -0.48485902521174207,
        "angle": 0.06525791931084257
    },
    "37": {
        "frame": 37,
        "x": 1291,
        "y": 378,
        "radius": 29,
        "x_axis": -0.05248862792528264,
        "y_axis": -0.9863290633474135,