{
    "9": {
        "frame": 9,
        "x": 475,
        "y": 800,
        "radius": 65,
        "x_axis": -0.1620145116743428,
        "y_axis": 0.9529169396438115,
        "z_axis": -0.2563212908573864,
        "angle": 0.572908076614855
    },
    "10": {
        "frame": 10,
        "x": 506,
        "y": 776,
        "radius": 64,
        "x_axis": -0.9781218427642792,
        "y_axis": -0.02706685223051675,
        "z_axis": -0.20626450547232328,
        "angle": 0.24867884120552392
    },
    "12": {
        "frame": 12,
        "x": 564,
        "y": 729,
        "radius": 60,
        "x_axis": -0.6131217735434635,
        "y_axis": -0.7036962924515315,
        "z_axis": 0.35901701741962944,
        "angle": 0.5277043646655932
    },
    "13": {
        "frame": 13,
        "x": 591,
        "y": 707,
        "radius": 59,
        "x_axis": 0.10667219612135635,
        "y_axis": -0.428593113300604,
        "z_axis": -0.8971783467103642,
        "angle": 0.34530767135262747
    },
    "14": {
        "frame": 14,
        "x": 616,
        "y": 686,
        "radius": 57,
        "x_axis": 0.1593192292603613,
        "y_axis": -0.25540383006983497,
        "z_axis": 0.9536174635426636,
        "angle": 0.40912877272221065
    },
    "15": {
        "frame": 15,
        "x": 640,
        "y": 666,
        "radius": 56,
        "x_axis": -0.16832706081039273,
        "y_axis": -0.4006507433633956,
        "z_axis": -0.9006358767233809,
        "angle": 0.36914227662731797
    },
    "16": {
        "frame": 16,
        "x": 663,
        "y": 646,
        "radius": 55,
        "x_axis": 0.672937855771818,
        "y_axis": -0.36097341573473346,
        "z_axis": 0.6456414139458738,
        "angle": 0.31773030178436334
    },
    "17": {
        "frame": 17,
        "x": 684,
        "y": 627,
        "radius": 53,
        "x_axis": -0.1840378412298259,
        "y_axis": -0.7199386844081933,
        "z_axis": -0.6691923218986192,
        "angle": 0.30996326241012595
    },
    "18": {
        "frame": 18,
        "x": 705,
        "y": 608,
        "radius": 52,
        "x_axis": -0.055603419313142735,
        "y_axis": 0.9521382714952689,
        "z_axis": -0.30056774895967947,
        "angle": 0.2782956977413688
    },
    "19": {
        "frame": 19,
        "x": 724,
        "y": 591,
        "radius": 51,
        "x_axis": -0.21159214789232936,
        "y_axis": 0.19588209203333712,
        "z_axis": -0.9575275290930041,
        "angle": 0.45336900131004415
    },
    "20": {
        "frame": 20,
        "x": 743,
        "y": 574,
        "radius": 49,
        "x_axis": 0.6609134902249528,
        "y_axis": -0.32060309834681705,
        "z_axis": 0.6785329850265882,
        "angle": 0.1908003088039309
    },
    "21": {
        "frame": 21,
        "x": 760,
        "y": 557,
        "radius": 48,
        "x_axis": 0.12688192643782575,
        "y_axis": -0.9165540763585103,
        "z_axis": -0.37924873349033666,
        "angle": 0.42689147337770156
    },
    "22": {
        "frame": 22,
        "x": 776,
        "y": 541,
        "radius": 47,
        "x_axis": 0.025132771745813534,
        "y_axis": -0.12333695648704267,
        "z_axis": -0.9920465407171614,
        "angle": 0.49471426884538433
    },
    "23": {
        "frame": 23,
        "x": 792,
        "y": 526,
        "radius": 46,
        "x_axis": 0.12077839560838734,
        "y_axis": 0.5100069924973225,
        "z_axis": -0.8516486639208095,
        "angle": 0.3493608494026598
    },
    "24": {
        "frame": 24,
        "x": 807,
        "y": 511,
        "radius": 45,
        "x_axis": 0.6834652889977845,
        "y_axis": -0.30468386395929964,
        "z_axis": 0.6633573258644289,
        "angle": 0.24147569635225968
    },
    "25": {
        "frame": 25,
        "x": 821,
        "y": 497,
        "radius": 44,
        "x_axis": 0.485726173719549,
        "y_axis": -0.46902793146071736,
        "z_axis": -0.7376197419222504,
        "angle": 0.534320459830788
    },
    "26": {
        "frame": 26,
        "x": 834,
        "y": 483,
        "radius": 43,
        "x_axis": -0.2797318290993599,
        "y_axis": -0.7186258311788774,
        "z_axis": -0.6366529812631009,
        "angle": 0.27991476936799664
    },
    "27": {
        "frame": 27,
        "x": 846,
        "y": 470,
        "radius": 42,
        "x_axis": 0.19603522808460092,
        "y_axis": 0.07799276912655752,
        "z_axis": -0.9774903157135574,
        "angle": 0.4870205146351098
    },
    "28": {
        "frame": 28,
        "x": 858,
        "y": 457,
        "radius": 41,
        "x_axis": -0.09059345385847768,
        "y_axis": 0.13642374021298578,
        "z_axis": -0.9864995637223017,
        "angle": 0.2376130990131159
    },
    "29": {
        "frame": 29,
        "x": 869,
        "y": 445,
        "radius": 40,
        "x_axis": 0.09094523081208399,
        "y_axis": -0.21837928177040472,
        "z_axis": 0.9716169277477514,
        "angle": 0.3222820496398365
    },
    "30": {
        "frame": 30,
        "x": 880,
        "y": 433,
        "radius": 39,
        "x_axis": 0.3735997385206385,
        "y_axis": -0.9255980922887017,
        "z_axis": 0.06075694963398472,
        "angle": 0.23897701168555285
    },
    "31": {
        "frame": 31,
        "x": 890,
        "y": 422,
        "radius": 38,
        "x_axis": -0.3004656443650485,
        "y_axis": -0.5420335098136572,
        "z_axis": -0.7848057535437569,
        "angle": 0.33658262015422713
    },
    "32": {
        "frame": 32,
        "x": 900,
        "y": 411,
        "radius": 37,
        "x_axis": 0.22893424052653027,
        "y_axis": 0.10755946790477453,
        "z_axis": -0.9674813044077817,
        "angle": 0.48056254076203253
    },
    "33": {
        "frame": 33,
        "x": 909,
        "y": 400,
        "radius": 37,
        "x_axis": -0.0984851076844414,
        "y_axis": 0.4839715108670231,
        "z_axis": 0.8695241573604926,
        "angle": 0.19232245465651654
    },
    "34": {
        "frame": 34,
        "x": 917,
        "y": 390,
        "radius": 36,
        "x_axis": -0.07370611385187105,
        "y_axis": -0.2758683866476988,
        "z_axis": 0.9583652967575834,
        "angle": 0.4081871498048196
    },
    "35": {
        "frame": 35,
        "x": 925,
        "y": 380,
        "radius": 35,
        "x_axis": 0.18086773754866037,
        "y_axis": -0.9615940725504181,
        "z_axis": 0.20645508264494267,
        "angle": 0.2036895110909921
    },
    "36": {
        "frame": 36,
        "x": 933,
        "y": 371,
        "radius": 34,
        "x_axis": -0.15906053841231055,
        "y_axis": -0.4036823800983804,
        "z_axis": -0.900966304096936,
        "angle": 0.33775954419869836
    },
    "37": {
        "frame": 37,
        "x": 940,
        "y": 362,
        "radius": 34,
        "x_axis": -0.1146575573712708,
        "y_axis": -0.047788605923414273,
        "z_axis": -0.9922549539717856,
        "angle": 0.40870800720003936
    },
    "38": {
        "frame": 38,
        "x": 947,
        "y": 354,
        "radius": 33,
        "x_axis": -0.4360691362149933,
        "y_axis": 0.8594466101565033,
        "z_axis": 0.2668243480854126,
        "angle": 0.2592920319675318
    },
    "39": {
        "frame": 39,
        "x": 954,
        "y": 345,
        "radius": 32,
        "x_axis": -0.1730411497981315,
        "y_axis": 0.11012409803370866,
        "z_axis": 0.9787387003224113,
        "angle": 0.31856157990548734
    },
    "40": {
        "frame": 40,
        "x": 960,
        "y": 337,
        "radius": 32,
        "x_axis": 0.6110670754807727,
        "y_axis": -0.6476544417217625,
        "z_axis": 0.45512718374257527,
        "angle": 0.2113920765442204
    },
    "41": {
        "frame": 41,
        "x": 966,
        "y": 330,
        "radius": 31,
        "x_axis": -0.38353942160124077,
        "y_axis": -0.7238312205584891,