{
    "7": {
        "frame": 7,
        "x": 1015,
        "y": 750,
        "radius": 47,
        "x_axis": -0.9905777642661201,
        "y_axis": 0.13685786886493634,
        "z_axis": -0.005061291463922616,
        "angle": 0.3529327736995073
    },
    "8": {
        "frame": 8,
        "x": 1029,
        "y": 732,
        "radius": 47,
        "x_axis": 0.972894286776197,
        "y_axis": 0.23055952517528552,
        "z_axis": -0.017860910088283385,
        "angle": 0.16055270834716973
    },
    "9": {
        "frame": 9,
        "x": 1043,
        "y": 714,
        "radius": 46,
        "x_axis": 0.5356704728564727,
        "y_axis": 0.8214353357682808,
        "z_axis": -0.19570675425486664,
        "angle": 0.0641803063847091
    },
    "10": {
        "frame": 10,
        "x": 1056,
        "y": 697,
        "radius": 45,
        "x_axis": -0.678361602397477,
        "y_axis": 0.7240469880634003,
        "z_axis": -0.12482586057802991,
        "angle": 0.07262665783388747
    },
    "11": {
        "frame": 11,
        "x": 1069,
        "y": 681,
        "radius": 44,
        "x_axis": 0.2377074918483131,
        "y_axis": 0.60152427083624,
        "z_axis": -0.7626688009313832,
        "angle": 0.037908381355592345
    },
    "12": {
        "frame": 12,
        "x": 1082,
        "y": 664,
        "radius": 44,
        "x_axis": 0.9700256063270212,
        "y_axis": 0.18070712447699994,
        "z_axis": 0.16246617565865576,
        "angle": 0.06150855453708158
    },
    "13": {
        "frame": 13,
        "x": 1094,
        "y": 649,
        "radius": 43,
        "x_axis": -0.18891273860601174,
        "y_axis": 0.954077878382063,
        "z_axis": -0.23248092217289132,
        "angle": 0.015082151966042266
    },
    "14": {
        "frame": 14,
        "x": 1106,
        "y": 633,
        "radius": 42,
        "x_axis": 0.32194466239483244,
        "y_axis": 0.9017148565649351,
        "z_axis": -0.28855147167456285,
        "angle": 0.03189619014120593
    },
    "15": {
        "frame": 15,
        "x": 1117,
        "y": 618,
        "radius": 42,
        "x_axis": 0.8433860112989308,
        "y_axis": 0.3289991689985191,
        "z_axis": 0.42480534688674004,
        "angle": 0.02729800691013102
    },
    "16": {
        "frame": 16,
        "x": 1128,
        "y": 604,
        "radius": 41,
        "x_axis": -0.6329584947345818,
        "y_axis": 0.32384650980851587,
        "z_axis": -0.703197683463317,
        "angle": 0.047084882901384906
    },
    "17": {
        "frame": 17,
        "x": 1139,
        "y": 589,
        "radius": 40,
        "x_axis": 0.7834764651792533,
        "y_axis": -0.5563229451864933,
        "z_axis": 0.27689241443067436,
        "angle": 0.03764123066751864
    },
    "18": {
        "frame": 18,
        "x": 1150,
        "y": 576,
        "radius": 40,
        "x_axis": -0.5925540619271656,
        "y_axis": -0.4280419120081551,
        "z_axis": -0.6823927060410446,
        "angle": 0.014524863649623687
    },
    "19": {
        "frame": 19,
        "x": 1160,
        "y": 562,
        "radius": 39,
        "x_axis": -0.665954742173836,
        "y_axis": -0.5082439402597038,
        "z_axis": -0.5460699392618772,
        "angle": 0.03967989868416308
    },
    "20": {
        "frame": 20,
        "x": 1170,
        "y": 549,
        "radius": 38,
        "x_axis": -0.6749493170129033,
        "y_axis": 0.7269444822362572,
        "z_axis": 0.12647189098797984,
        "angle": 0.025026438180546316
    },
    "21": {
        "frame": 21,
        "x": 1179,
        "y": 536,
        "radius": 38,
        "x_axis": -0.20871205519943656,
        "y_axis": -0.6125507881514644,
        "z_axis": 0.762378390269194,
        "angle": 0.01602981279670942
    },
    "22": {
        "frame": 22,
        "x": 1188,
        "y": 524,
        "radius": 37,
        "x_axis": -0.3324023421646512,
        "y_axis": -0.4958907272590873,
        "z_axis": -0.802247511396519,
        "angle": 0.016901642205439306
    },
    "23": {
        "frame": 23,
        "x": 1197,
        "y": 512,
        "radius": 37,
        "x_axis": -0.49160456415587417,
        "y_axis": -0.723937388627571,
        "z_axis": -0.4839830677288272,
        "angle": 0.02260624443951415
    },
    "24": {
        "frame": 24,
        "x": 1206,
        "y": 501,
        "radius": 36,
        "x_axis": -0.8236735918458881,
        "y_axis": -0.10314600879542898,
        "z_axis": 0.5576044431003637,
        "angle": 0.0340236002121275
    },
    "25": {
        "frame": 25,
        "x": 1214,
        "y": 489,
        "radius": 36,
        "x_axis": -0.6452677019814583,
        "y_axis": -0.7195408260419527,
        "z_axis": -0.2566916290774443,
        "angle": 0.03206092028582741
    },
    "26": {
        "frame": 26,
        "x": 1222,
        "y": 478,
        "radius": 35,
        "x_axis": -0.3939973390791052,
        "y_axis": -0.5519779941555891,
        "z_axis": 0.7349057019553986,
        "angle": 0.0365571823163945
    },
    "27": {
        "frame": 27,
        "x": 1230,
        "y": 468,
        "radius": 34,
        "x_axis": -0.8109818288560906,
        "y_axis": -0.35237257052606297,
        "z_axis": 0.46705678970130127,
        "angle": 0.10605105526593697
    },
    "28": {
        "frame": 28,
        "x": 1238,
        "y": 457,
        "radius": 34,
        "x_axis": -0.5473132507048315,
        "y_axis": 0.11022371715011342,
        "z_axis": -0.8296378353116027,
        "angle": 0.05122299568369748
    },
    "29": {
        "frame": 29,
        "x": 1245,
        "y": 447,
        "radius": 33,
        "x_axis": -0.14518239913093917,
        "y_axis": -0.962641385786232,
        "z_axis": -0.22856866223117162,
        "angle": 0.052130290427020415
    },
    "30": {
        "frame": 30,
        "x": 1252,
        "y": 438,
        "radius": 33,
        "x_axis": -0.7302013083672432,
        "y_axis": -0.6325410844447458,
        "z_axis": -0.25825922200036006,
        "angle": 0.04352809630703319
    },
    "31": {
        "frame": 31,
        "x": 1259,
        "y": 428,
        "radius": 32,
        "x_axis": 0.749328193130454,
        "y_axis": 0.5108922785803681,
        "z_axis": 0.4213031434333342,
        "angle": 0.010949751709193023
    },
    "32": {
        "frame": 32,
        "x": 1265,
        "y": 419,
        "radius": 32,
        "x_axis": 0.05528284461893191,
        "y_axis": -0.6172136244703087,
        "z_axis": 0.7848510360947891,
        "angle": 0.027952500026724694
    },
    "33": {
        "frame": 33,
        "x": 1271,
        "y": 410,
        "radius": 31,
        "x_axis": -0.7023535196627646,
        "y_axis": -0.10457165888771315,
        "z_axis": -0.7041053199449627,
        "angle": 0.08295045025591945
    },
    "34": {
        "frame": 34,
        "x": 1277,
        "y": 402,
        "radius": 31,
        "x_axis": -0.828330126087699,
        "y_axis": -0.22324280829015872,
        "z_axis": -0.5138402969427955,
        "angle": 0.06450879293797636
    },
    "35": {
        "frame": 35,
        "x": 1283,
        "y": 393,
        "radius": 30,
        "x_axis": -0.8790644155697787,
        "y_axis": 0.2591871838439326,
        "z_axis": -0.40008468729759583,
        "angle": 0.07253361972019595
    },
    "36": {
        "frame": 36,
        "x": 1288,
        "y": 385,
        "radius": 30,
        "x_axis": -0.914095996169851,
        "y_axis": -0.17104406273821987,
        "z_axis": -0.36765804545562664,
        "angle": 0.07293328889133592
    },
    "37": {
        "frame": 37,
        "x": 1294,
        "y": 377,
        "radius": 30,
        "x_axis": -0.26791044377162204,
        "y_axis": -0.5986720730822224,
        "z_axis": -0.7548614065042183,
        "angle": 0.01721111875128164
    },
    "38": {
        "frame": 38,
        "x": 1299,
        "y": 370,
        "radius": 29,
        "x_axis": -0.8718075579710923,