{
    "88": {
        "frame": 88,
        "x": 972,
        "y": 660,
        "radius": 34,
        "x_axis": 0.8430016210280236,
        "y_axis": -0.12022085210084285,
        "z_axis": -0.5243045047148382,
        "angle": 0.08031738072644828
    },
    "89": {
        "frame": 89,
        "x": 986,
        "y": 643,
        "radius": 33,
        "x_axis": 0.8560520703596266,
        "y_axis": -0.11157086639424695,
        "z_axis": -0.5047046607720539,
        "angle": 0.08031738072644828
    },
    "90": {
        "frame": 90,
        "x": 999,
        "y": 626,
        "radius": 32,
        "x_axis": 0.8684289265275488,
        "y_axis": -0.1025768484014053,
        "z_axis": -0.4850867857839918,
        "angle": 0.08031738072644828
    },
    "91": {
        "frame": 91,
        "x": 1012,
        "y": 609,
        "radius": 31,
        "x_axis": 0.8801521217712042,
        "y_axis": -0.09327577669246268,
        "z_axis": -0.4654372911833185,
        "angle": 0.08031738072644828
    },
    "92": {
        "frame": 92,
        "x": 1024,
        "y": 594,
        "radius": 30,
        "x_axis": 0.8912511148907277,
        "y_axis": -0.08371553055946097,
        "z_axis": -0.4457164571217702,
        "angle": 0.08031738072644828
    },
    "93": {
        "frame": 93,
        "x": 1035,
        "y": 579,
        "radius": 30,
        "x_axis": 0.901763671773334,
        "y_axis": -0.07395395636179065,
        "z_axis": -0.4258557180645964,
        "angle": 0.08031738072644828
    },
    "94": {
        "frame": 94,
        "x": 1046,
        "y": 564,
        "radius": 29,
        "x_axis": 0.9117340612917966,
        "y_axis": -0.06405748507816099,
        "z_axis": -0.4057556408552168,
        "angle": 0.07898749373674199
    },
    "95": {
        "frame": 95,
        "x": 1056,
        "y": 550,
        "radius": 28,
        "x_axis": 0.921210701756458,
        "y_axis": -0.0540993926579441,
        "z_axis": -0.38528443867280143,
        "angle": 0.07765760674703569
    },
    "96": {
        "frame": 96,
        "x": 1066,
        "y": 537,
        "radius": 27,
        "x_axis": 0.9302433361078469,
        "y_axis": -0.04415783281178153,
        "z_axis": -0.3642765727140713,
        "angle": 0.07632771975732938
    },
    "97": {
        "frame": 97,
        "x": 1075,
        "y": 524,
        "radius": 27,
        "x_axis": 0.9388798582220101,
        "y_axis": -0.034313800759147604,
        "z_axis": -0.3425305459407667,
        "angle": 0.07499783276762309
    },
    "98": {
        "frame": 98,
        "x": 1083,
        "y": 512,
        "radius": 26,
        "x_axis": 0.9471629545768383,
        "y_axis": -0.024649201804962495,
        "z_axis": -0.3198042437611678,
        "angle": 0.08176389724304164
    },
    "99": {
        "frame": 99,
        "x": 1091,
        "y": 501,
        "radius": 25,
        "x_axis": 0.9551267611649461,
        "y_axis": -0.015245197064836914,
        "z_axis": -0.2958047566774651,
        "angle": 0.08852996171846018
    },
    "100": {
        "frame": 100,
        "x": 1099,
        "y": 490,
        "radius": 25,
        "x_axis": 0.9627937608909983,
        "y_axis": -0.006180978362711677,
        "z_axis": -0.27016655880372537,
        "angle": 0.08493604951229577
    },
    "101": {
        "frame": 101,
        "x": 1106,
        "y": 479,
        "radius": 24,
        "x_axis": 0.9701721580020453,
        "y_axis": 0.0024669145449206756,
        "z_axis": -0.242404410377127,
        "angle": 0.08134213730613138
    },
    "102": {
        "frame": 102,
        "x": 1113,
        "y": 469,
        "radius": 23,
        "x_axis": 0.9772539603488689,
        "y_axis": 0.010624676276753302,
        "z_axis": -0.21180607459765063,
        "angle": 0.07774822509996697
    },
    "103": {
        "frame": 103,
        "x": 1119,
        "y": 460,
        "radius": 23,
        "x_axis": 0.9840139756219098,
        "y_axis": 0.01822072600626436,
        "z_axis": -0.17715671289727639,
        "angle": 0.08256413552047755
    },
    "104": {
        "frame": 104,
        "x": 1125,
        "y": 451,
        "radius": 22,
        "x_axis": 0.9904098838548209,
        "y_axis": 0.02518468521071352,
        "z_axis": -0.13584547689753057,
        "angle": 0.08738004594098811
    },
    "105": {
        "frame": 105,
        "x": 1130,
        "y": 442,
        "radius": 22,
        "x_axis": 0.996383486949157,
        "y_axis": 0.03144599103954363,
        "z_axis": -0.07893729525756453,
        "angle": 0.09219595636149869
    },
    "106": {
        "frame": 106,
        "x": 1135,
        "y": 434,
        "radius": 21,
        "x_axis": 1.0018631601261703,
        "y_axis": 0.03693235040640356,
        "z_axis": -0.0,
        "angle": 0.08774783504361044
    },
    "107": {
        "frame": 107,
        "x": 1140,
        "y": 426,
        "radius": 20,
        "x_axis": 1.0067674451790567,
        "y_axis": 0.041568277986972796,
        "z_axis": -0.0,
        "angle": 0.0832997137257222
    },
    "108": {
        "frame": 108,
        "x": 1145,
        "y": 419,
        "radius": 20,
        "x_axis": 1.0110096376990922,
        "y_axis": 0.045273974386493006,
        "z_axis": -0.0,
        "angle": 0.07885159240783397
    },
    "109": {
        "frame": 109,
        "x": 1149,
        "y": 412,
        "radius": 19,
        "x_axis": 1.0145031374524978,
        "y_axis": 0.04796478537400709,
        "z_axis": -0.0,
        "angle": 0.07440347108994573
    },
    "110": {
        "frame": 110,
        "x": 1153,
        "y": 405,
        "radius": 19,
        "x_axis": 1.0171672603254178,
        "y_axis": 0.04955143901395692,
        "z_axis": -0.0,
        "angle": 0.08545867956677888
    },
    "111": {
        "frame": 111,
        "x": 1157,
        "y": 399,
        "radius": 18,
        "x_axis": 1.0189331586636066,
        "y_axis": 0.04994118795718818,
        "z_axis": -0.0,
        "angle": 0.09651388804361202
    },
    "112": {
        "frame": 112,
        "x": 1161,
        "y": 393,
        "radius": 18,
        "x_axis": 1.019749469986165,
        "y_axis": 0.04903989552566866,
        "z_axis": -0.0,
        "angle": 0.10756909652044518
    },
    "113": {
        "frame": 113,
        "x": 1164,
        "y": 388,
        "radius": 18,
        "x_axis": 1.019587315515365,
        "y_axis": 0.04675500557986807,
        "z_axis": -0.0,
        "angle": 0.11862430499727833
    },
    "114": {
        "frame": 114,
        "x": 1168,
        "y": 383,
        "radius": 17,
        "x_axis": 1.0184443008297155,
        "y_axis": 0.0429992381119039,
        "z_axis": -0.0,
        "angle": 0.09271682555442301
    },
    "115": {
        "frame": 115,
        "x": 1171,
        "y": 378,
        "radius": 17,
        "x_axis": 1.0163472296187148,
        "y_axis": 0.03769476598518771,
        "z_axis": -0.0,
        "angle": 0.09808310359874511
    },
    "116": {
        "frame": 116,
        "x": 1174,
        "y": 373,
        "radius": 16,
        "x_axis": 1.013353323780992,
        "y_axis": 0.03077756312851535,
        "z_axis": -0.0,
        "angle": 0.1034493816430672
    },
    "117": {
        "frame": 117,
        "x": 1178,
        "y": 369,
        "radius": 16,
        "x_axis": 1.0095498424875022,
        "y_axis": 0.02220157840250239,
        "z_axis": -0.0,
        "angle": 0.1040017147358864
    },
    "118": {
        "frame": 118,
        "x": 1181,
        "y": 365,
        "radius": 16,
        "x_axis": 1.0050521011997282,
        "y_axis": 0.011942386675904318,
        "z_axis": -0.0,
        "angle": 0.1045540478287056
    },
    "119": {
        "frame": 119,
        "x": 1184,
        "y": 361,
        "radius": 15,
        "x_axis": 1.0,
        "y_axis": 0.0,
        "z_axis": -0.0,
        "angle": 0.08936698379074826
    }
}