{
    "19": {
        "frame": 19,
        "x": 529,
        "y": 822,
        "radius": 76,
        "x_axis": 0.00011857527723445487,
        "y_axis": 0.3842048964996523,
        "z_axis": -0.9232478450803961,
        "omega": 0.674964017928187
    },
    "20": {
        "frame": 20,
        "x": 562,
        "y": 796,
        "radius": 74,
        "x_axis": 0.0009108679049691604,
        "y_axis": 0.36837673990801867,
        "z_axis": -0.9296761521166388,
        "omega": 0.674964017928187
    },
    "21": {
        "frame": 21,
        "x": 594,
        "y": 771,
        "radius": 71,
        "x_axis": 0.002501838049376147,
        "y_axis": 0.3518960070663031,
        "z_axis": -0.9360357584073202,
        "omega": 0.6057602664019814
    },
    "22": {
        "frame": 22,
        "x": 624,
        "y": 748,
        "radius": 69,
        "x_axis": 0.00494787046592171,
        "y_axis": 0.33480779028862273,
        "z_axis": -0.9422734540142272,
        "omega": 0.5365565148757759
    },
    "23": {
        "frame": 23,
        "x": 652,
        "y": 725,
        "radius": 66,
        "x_axis": 0.008293980184219327,
        "y_axis": 0.31717449104493506,
        "z_axis": -0.9483309296459176,
        "omega": 0.4673527633495704
    },
    "25": {
        "frame": 25,
        "x": 704,
        "y": 681,
        "radius": 62,
        "x_axis": 0.012572452128430238,
        "y_axis": 0.2990732874816542,
        "z_axis": -0.9541473168030156,
        "omega": 0.4673134184605601
    },
    "26": {
        "frame": 26,
        "x": 728,
        "y": 661,
        "radius": 60,
        "x_axis": 0.017802996405476213,
        "y_axis": 0.28059719896429736,
        "z_axis": -0.9596604947857222,
        "omega": 0.4672740735715498
    },
    "27": {
        "frame": 27,
        "x": 751,
        "y": 642,
        "radius": 58,
        "x_axis": 0.023990061231845446,
        "y_axis": 0.2618574753770154,
        "z_axis": -0.9648083434295477,
        "omega": 0.46723472868253957
    },
    "28": {
        "frame": 28,
        "x": 772,
        "y": 623,
        "radius": 56,
        "x_axis": 0.031124762316508285,
        "y_axis": 0.24295847374365415,
        "z_axis": -0.969537224250258,
        "omega": 0.4671953837935293
    },
    "29": {
        "frame": 29,
        "x": 792,
        "y": 606,
        "radius": 54,
        "x_axis": 0.03918812174146589,
        "y_axis": 0.22402691144185932,
        "z_axis": -0.973794759723114,
        "omega": 0.46715603890451907
    },
    "30": {
        "frame": 30,
        "x": 811,
        "y": 589,
        "radius": 52,
        "x_axis": 0.048149333590340196,
        "y_axis": 0.20519206342370697,
        "z_axis": -0.9775366278471245,
        "omega": 0.46711669401550876
    },
    "31": {
        "frame": 31,
        "x": 829,
        "y": 572,
        "radius": 51,
        "x_axis": 0.057967705864484055,
        "y_axis": 0.1865793519087858,
        "z_axis": -0.9807282449884402,
        "omega": 0.4670773491264985
    },
    "32": {
        "frame": 32,
        "x": 846,
        "y": 557,
        "radius": 49,
        "x_axis": 0.06859987045379025,
        "y_axis": 0.16832411865630303,
        "z_axis": -0.9833417762163378,
        "omega": 0.6611054805733769
    },
    "33": {
        "frame": 33,
        "x": 861,
        "y": 542,
        "radius": 48,
        "x_axis": 0.07999730682419268,
        "y_axis": 0.1505535707813613,
        "z_axis": -0.9853598597598024,
        "omega": 0.39330700100577154
    },
    "34": {
        "frame": 34,
        "x": 876,
        "y": 528,
        "radius": 46,
        "x_axis": 0.09210866142114901,
        "y_axis": 0.13338657639330204,
        "z_axis": -0.9867745516222426,
        "omega": 0.3852508117805309
    },
    "35": {
        "frame": 35,
        "x": 890,
        "y": 514,
        "radius": 45,
        "x_axis": 0.10488349358183553,
        "y_axis": 0.11693505286709692,
        "z_axis": -0.9875857664957705,
        "omega": 0.37719462255529024
    },
    "36": {
        "frame": 36,
        "x": 903,
        "y": 501,
        "radius": 44,
        "x_axis": 0.11827285033677067,
        "y_axis": 0.10129956393215665,
        "z_axis": -0.9878005523486868,
        "omega": 0.3691384333300496
    },
    "37": {
        "frame": 37,
        "x": 916,
        "y": 489,
        "radius": 42,
        "x_axis": 0.13223001295222817,
        "y_axis": 0.08656878607587093,
        "z_axis": -0.9874315515274988,
        "omega": 0.36108224410480894
    },
    "39": {
        "frame": 39,
        "x": 938,
        "y": 465,
        "radius": 40,
        "x_axis": 0.14671059968918027,
        "y_axis": 0.07281786469603022,
        "z_axis": -0.9864955947798002,
        "omega": 0.6475529807285672
    },
    "40": {
        "frame": 40,
        "x": 948,
        "y": 455,
        "radius": 39,
        "x_axis": 0.16167154644219828,
        "y_axis": 0.06010993954541348,
        "z_axis": -0.985012236593452,
        "omega": 0.650859267366133
    },
    "41": {
        "frame": 41,
        "x": 958,
        "y": 444,
        "radius": 38,
        "x_axis": 0.1770707409273061,
        "y_axis": 0.04849229752317829,
        "z_axis": -0.9830027720145953,
        "omega": 0.6541655540036989
    },
    "42": {
        "frame": 42,
        "x": 967,
        "y": 434,
        "radius": 37,
        "x_axis": 0.19286613103092531,
        "y_axis": 0.03799783006410675,
        "z_axis": -0.9804890720510765,
        "omega": 0.6574718406412647
    },
    "43": {
        "frame": 43,
        "x": 975,
        "y": 425,
        "radius": 36,
        "x_axis": 0.20901281487759196,
        "y_axis": 0.02864588623774969,
        "z_axis": -0.9774932513417162,
        "omega": 0.6607781272788307
    },
    "44": {
        "frame": 44,
        "x": 983,
        "y": 416,
        "radius": 35,
        "x_axis": 0.22546146478299992,
        "y_axis": 0.02044217713970216,
        "z_axis": -0.974037599526678,
        "omega": 0.6640844139163965
    },
    "45": {
        "frame": 45,
        "x": 991,
        "y": 407,
        "radius": 34,
        "x_axis": 0.24215770751347046,
        "y_axis": 0.0133784130946747,
        "z_axis": -0.970144660736165,
        "omega": 0.5921754652981805
    },
    "46": {
        "frame": 46,
        "x": 998,
        "y": 399,
        "radius": 33,
        "x_axis": 0.2590407017660486,
        "y_axis": 0.007438386998238372,
        "z_axis": -0.9658377634092682,
        "omega": 0.5712717579414793
    },
    "47": {
        "frame": 47,
        "x": 1005,
        "y": 391,
        "radius": 33,
        "x_axis": 0.27604295662884787,
        "y_axis": 0.0025923738832872726,
        "z_axis": -0.9611418031140115,
        "omega": 0.5503680505847781
    },
    "48": {
        "frame": 48,
        "x": 1011,
        "y": 383,
        "radius": 32,
        "x_axis": 0.2930910787204314,
        "y_axis": -0.0011992566560593448,
        "z_axis": -0.9560837731903867,
        "omega": 0.6210238458929869
    },
    "49": {
        "frame": 49,
        "x": 1017,
        "y": 376,
        "radius": 31,
        "x_axis": 0.31010741348922416,
        "y_axis": -0.003986421471439164,
        "z_axis": -0.9506931684528271,
        "omega": 0.6916796412011957
    },
    "50": {
        "frame": 50,
        "x": 1023,
        "y": 369,
        "radius": 30,
        "x_axis": 0.32701211702029065,
        "y_axis": -0.00582780549217728,
        "z_axis": -0.9450021756615448,
        "omega": 0.6585249604567938
    },
    "51": {
        "frame": 51,
        "x": 1028,
        "y": 362,
        "radius": 30,
        "x_axis": 0.34372653022089844,
        "y_axis": -0.006790605491109412,
        "z_axis": -0.9390452385797853,
        "omega": 0.6253702797123917
    },
    "52": {
        "frame": 52,
        "x": 1033,
        "y": 355,
        "radius": 29,
        "x_axis": 0.36017706797711446,
        "y_axis": -0.006949766862941155,