{
    "16": {
        "frame": 16,
        "x": 435,
        "y": 870,
        "radius": 63,
        "x_axis": 0.2041216352718624,
        "y_axis": 0.7081551672336421,
        "z_axis": -0.6759072548317802,
        "omega": 0.2796297645062109
    },
    "17": {
        "frame": 17,
        "x": 463,
        "y": 847,
        "radius": 63,
        "x_axis": 0.218333748927722,
        "y_axis": 0.6935728074654242,
        "z_axis": -0.6865035577647767,
        "omega": 0.24859208081244447
    },
    "18": {
        "frame": 18,
        "x": 489,
        "y": 825,
        "radius": 63,
        "x_axis": 0.23254586258358162,
        "y_axis": 0.6789930547614085,
        "z_axis": -0.6963410467443585,
        "omega": 0.21755439711867805
    },
    "19": {
        "frame": 19,
        "x": 515,
        "y": 802,
        "radius": 62,
        "x_axis": 0.2467579762394412,
        "y_axis": 0.6643839848417485,
        "z_axis": -0.7054816949064054,
        "omega": 0.1865167134249116
    },
    "20": {
        "frame": 20,
        "x": 540,
        "y": 780,
        "radius": 62,
        "x_axis": 0.2609700898953008,
        "y_axis": 0.6497062995035517,
        "z_axis": -0.71398622995506,
        "omega": 0.2818011589894309
    },
    "21": {
        "frame": 21,
        "x": 564,
        "y": 759,
        "radius": 61,
        "x_axis": 0.2751822035511604,
        "y_axis": 0.6349161354877586,
        "z_axis": -0.7219115290297128,
        "omega": 0.3770856045539503
    },
    "22": {
        "frame": 22,
        "x": 587,
        "y": 738,
        "radius": 60,
        "x_axis": 0.28939431720702,
        "y_axis": 0.6199604612037534,
        "z_axis": -0.7293147165060583,
        "omega": 0.19504660364122384
    },
    "23": {
        "frame": 23,
        "x": 610,
        "y": 717,
        "radius": 59,
        "x_axis": 0.3036064308628796,
        "y_axis": 0.6047835262045691,
        "z_axis": -0.7362472557302138,
        "omega": 0.2945302218818175
    },
    "24": {
        "frame": 24,
        "x": 631,
        "y": 696,
        "radius": 58,
        "x_axis": 0.31781854451873925,
        "y_axis": 0.589325421759759,
        "z_axis": -0.7427562992177665,
        "omega": 0.2896443473846046
    },
    "25": {
        "frame": 25,
        "x": 652,
        "y": 676,
        "radius": 57,
        "x_axis": 0.33203065817459876,
        "y_axis": 0.5735316169876302,
        "z_axis": -0.7488772438442077,
        "omega": 0.28475847288739176
    },
    "26": {
        "frame": 26,
        "x": 672,
        "y": 656,
        "radius": 56,
        "x_axis": 0.34624277183045843,
        "y_axis": 0.5573556842475843,
        "z_axis": -0.7546327478926873,
        "omega": 0.27987259839017886
    },
    "27": {
        "frame": 27,
        "x": 691,
        "y": 637,
        "radius": 54,
        "x_axis": 0.36045488548631804,
        "y_axis": 0.5407616109768766,
        "z_axis": -0.7600323385374721,
        "omega": 0.27498672389296597
    },
    "28": {
        "frame": 28,
        "x": 710,
        "y": 619,
        "radius": 53,
        "x_axis": 0.3746669991421776,
        "y_axis": 0.5237283269497728,
        "z_axis": -0.7650707675138212,
        "omega": 0.3197717548456463
    },
    "29": {
        "frame": 29,
        "x": 727,
        "y": 600,
        "radius": 52,
        "x_axis": 0.3888791127980372,
        "y_axis": 0.5062530185853822,
        "z_axis": -0.7697278199484544,
        "omega": 0.2137146676322683
    },
    "30": {
        "frame": 30,
        "x": 744,
        "y": 583,
        "radius": 51,
        "x_axis": 0.40309122645389683,
        "y_axis": 0.48835373267858584,
        "z_axis": -0.7739690529567611,
        "omega": 0.26244882163564226
    },
    "31": {
        "frame": 31,
        "x": 761,
        "y": 565,
        "radius": 49,
        "x_axis": 0.41730334010975645,
        "y_axis": 0.47007081296216885,
        "z_axis": -0.7777476153189585,
        "omega": 0.3531544070711604
    },
    "32": {
        "frame": 32,
        "x": 776,
        "y": 549,
        "radius": 48,
        "x_axis": 0.431515453765616,
        "y_axis": 0.45146791674137204,
        "z_axis": -0.7810064873704059,
        "omega": 0.4438599925066785
    },
    "33": {
        "frame": 33,
        "x": 791,
        "y": 533,
        "radius": 47,
        "x_axis": 0.4457275674214756,
        "y_axis": 0.4326312683489981,
        "z_axis": -0.7836817729711921,
        "omega": 0.2978761648279631
    },
    "34": {
        "frame": 34,
        "x": 806,
        "y": 517,
        "radius": 45,
        "x_axis": 0.4599396810773352,
        "y_axis": 0.4136678879609372,
        "z_axis": -0.7857062862421407,
        "omega": 0.25954416053391316
    },
    "35": {
        "frame": 35,
        "x": 819,
        "y": 502,
        "radius": 44,
        "x_axis": 0.47415179473319485,
        "y_axis": 0.3947026552668685,
        "z_axis": -0.7870132714742324,
        "omega": 0.22121215623986323
    },
    "36": {
        "frame": 36,
        "x": 832,
        "y": 487,
        "radius": 43,
        "x_axis": 0.48836390838905436,
        "y_axis": 0.37587431632147456,
        "z_axis": -0.7875399617243759,
        "omega": 0.26827294946018443
    },
    "37": {
        "frame": 37,
        "x": 845,
        "y": 473,
        "radius": 42,
        "x_axis": 0.502576022044914,
        "y_axis": 0.35733060517906723,
        "z_axis": -0.7872307035855955,
        "omega": 0.3153337426805056
    },
    "38": {
        "frame": 38,
        "x": 857,
        "y": 460,
        "radius": 41,
        "x_axis": 0.5167881357007736,
        "y_axis": 0.33922270565174606,
        "z_axis": -0.7860394257091865,
        "omega": 0.2631484057967481
    },
    "39": {
        "frame": 39,
        "x": 868,
        "y": 447,
        "radius": 39,
        "x_axis": 0.5310002493566333,
        "y_axis": 0.32169931958226833,
        "z_axis": -0.7839312999003796,
        "omega": 0.21096306891299052
    },
    "40": {
        "frame": 40,
        "x": 878,
        "y": 434,
        "radius": 38,
        "x_axis": 0.5452123630124929,
        "y_axis": 0.30490063404870343,
        "z_axis": -0.7808835268943969,
        "omega": 0.44185500129147104
    },
    "41": {
        "frame": 41,
        "x": 889,
        "y": 422,
        "radius": 37,
        "x_axis": 0.5594244766683524,
        "y_axis": 0.2889524894564661,
        "z_axis": -0.7768852642065306,
        "omega": 0.34815800900435506
    },
    "42": {
        "frame": 42,
        "x": 898,
        "y": 411,
        "radius": 36,
        "x_axis": 0.5736365903242121,
        "y_axis": 0.2739610429708135,
        "z_axis": -0.7719367909197982,
        "omega": 0.28044914818973105
    },
    "43": {
        "frame": 43,
        "x": 907,
        "y": 400,
        "radius": 35,
        "x_axis": 0.5878487039800716,
        "y_axis": 0.2600081975615653,
        "z_axis": -0.7660480653521267,
        "omega": 0.19525000716246535
    },
    "44": {
        "frame": 44,
        "x": 916,
        "y": 389,
        "radius": 35,
        "x_axis": 0.6020608176359312,
        "y_axis": 0.24714802733894523,
        "z_axis": -0.7592368697909908,
        "omega": 0.34924489988729257
    },
    "45": {
        "frame": 45,
        "x": 924,
        "y": 379,
        "radius": 34,
        "x_axis": 0.6162729312917908,
        "y_axis": 0.23540437699652325,
        "z_axis": -0.7515267483249698,
        "omega": 0.3335854086971695
    },
    "46": {
        "frame": 46,
        "x": 932,
        "y": 370,
        "radius": 33,
        "x_axis": 0.6304850449476505,
        "y_axis": 0.22476974999858343,
        "z_axis": -0.7429449290377675,
        "omega": 0.2681182660033234
    },
    "47": {
        "frame": 47,
        "x": 939,
        "y": 361,
        "radius": 32,
        "x_axis": 0.6446971586035101,
        "y_axis": 0.21520553031546705,
        "z_axis": -0.7335203837728023,
        "omega": 0.23076142934015603
    },