{
    "16": {
        "frame": 16,
        "x": 435,
        "y": 870,
        "radius": 63,
        "x_axis": 0.01639300969003497,
        "y_axis": -0.3779034086631727,
        "z_axis": -0.9256998881678973,
        "angle": 0.36303770527870693
    },
    "17": {
        "frame": 17,
        "x": 463,
        "y": 847,
        "radius": 63,
        "x_axis": -0.053054974284198725,
        "y_axis": -0.3666915064256382,
        "z_axis": -0.9288285680463317,
        "angle": 0.36303770527870693
    },
    "18": {
        "frame": 18,
        "x": 489,
        "y": 825,
        "radius": 63,
        "x_axis": -0.11655258121283639,
        "y_axis": -0.3552709458595221,
        "z_axis": -0.9274686252594778,
        "angle": 0.3649233311942448
    },
    "19": {
        "frame": 19,
        "x": 515,
        "y": 802,
        "radius": 62,
        "x_axis": -0.173224159279894,
        "y_axis": -0.3436490751417263,
        "z_axis": -0.9229835880426098,
        "angle": 0.3401827074574812
    },
    "20": {
        "frame": 20,
        "x": 540,
        "y": 780,
        "radius": 62,
        "x_axis": -0.22225075164716837,
        "y_axis": -0.33183676070781737,
        "z_axis": -0.9167818538972133,
        "angle": 0.3655402207819358
    },
    "21": {
        "frame": 21,
        "x": 564,
        "y": 759,
        "radius": 61,
        "x_axis": -0.2629066223323797,
        "y_axis": -0.31984902716469343,
        "z_axis": -0.91026188965351,
        "angle": 0.39089773410639045
    },
    "22": {
        "frame": 22,
        "x": 587,
        "y": 738,
        "radius": 60,
        "x_axis": -0.2945938738535291,
        "y_axis": -0.3077055844444082,
        "z_axis": -0.9047274301079282,
        "angle": 0.355679046369075
    },
    "23": {
        "frame": 23,
        "x": 610,
        "y": 717,
        "radius": 59,
        "x_axis": -0.3168699223560912,
        "y_axis": -0.2954312389621325,
        "z_axis": -0.9012845473829806,
        "angle": 0.36514780225763116
    },
    "24": {
        "frame": 24,
        "x": 631,
        "y": 696,
        "radius": 58,
        "x_axis": -0.32947462088531376,
        "y_axis": -0.2830558321133663,
        "z_axis": -0.9007362933173552,
        "angle": 0.373463164729464
    },
    "25": {
        "frame": 25,
        "x": 652,
        "y": 676,
        "radius": 57,
        "x_axis": -0.33234488932575756,
        "y_axis": -0.2706140430255259,
        "z_axis": -0.903501474407446,
        "angle": 0.3817785272012968
    },
    "26": {
        "frame": 26,
        "x": 672,
        "y": 656,
        "radius": 56,
        "x_axis": -0.3256212927277432,
        "y_axis": -0.2581447916426044,
        "z_axis": -0.9095779462311682,
        "angle": 0.39009388967312963
    },
    "27": {
        "frame": 27,
        "x": 691,
        "y": 637,
        "radius": 54,
        "x_axis": -0.30964510676312246,
        "y_axis": -0.24569030951617055,
        "z_axis": -0.9185620173224576,
        "angle": 0.3984092521449625
    },
    "28": {
        "frame": 28,
        "x": 710,
        "y": 619,
        "radius": 53,
        "x_axis": -0.2849462828423742,
        "y_axis": -0.23329492682988062,
        "z_axis": -0.9297199002978017,
        "angle": 0.3688096473379481
    },
    "29": {
        "frame": 29,
        "x": 727,
        "y": 600,
        "radius": 52,
        "x_axis": -0.2522234859270815,
        "y_axis": -0.2210036588667565,
        "z_axis": -0.9420937829718958,
        "angle": 0.3735422465200489
    },
    "30": {
        "frame": 30,
        "x": 744,
        "y": 583,
        "radius": 51,
        "x_axis": -0.2123180448487693,
        "y_axis": -0.2088607026902835,
        "z_axis": -0.9546194292509016,
        "angle": 0.37827484570214975
    },
    "31": {
        "frame": 31,
        "x": 761,
        "y": 565,
        "radius": 49,
        "x_axis": -0.16618416035636624,
        "y_axis": -0.1969079712478341,
        "z_axis": -0.9662350002487551,
        "angle": 0.38300744488425054
    },
    "32": {
        "frame": 32,
        "x": 776,
        "y": 549,
        "radius": 48,
        "x_axis": -0.11485800850477242,
        "y_axis": -0.18518379464630297,
        "z_axis": -0.9759685446174551,
        "angle": 0.3877400440663514
    },
    "33": {
        "frame": 33,
        "x": 791,
        "y": 533,
        "radius": 47,
        "x_axis": -0.059428426213248085,
        "y_axis": -0.17372190591358067,
        "z_axis": -0.9829999804494248,
        "angle": 0.3924726432484522
    },
    "34": {
        "frame": 34,
        "x": 806,
        "y": 517,
        "radius": 45,
        "x_axis": -0.0010116659962200022,
        "y_axis": -0.1625508019882204,
        "z_axis": -0.9866996570917101,
        "angle": 0.3875096204987565
    },
    "35": {
        "frame": 35,
        "x": 819,
        "y": 502,
        "radius": 44,
        "x_axis": 0.05926772375633105,
        "y_axis": -0.15169353270520589,
        "z_axis": -0.9866490810091285,
        "angle": 0.3825465977490608
    },
    "36": {
        "frame": 36,
        "x": 832,
        "y": 487,
        "radius": 43,
        "x_axis": 0.12028845852857346,
        "y_axis": -0.14116792548070953,
        "z_axis": -0.9826506518393465,
        "angle": 0.37758357499936507
    },
    "37": {
        "frame": 37,
        "x": 845,
        "y": 473,
        "radius": 42,
        "x_axis": 0.18093584059997975,
        "y_axis": -0.1309872065927972,
        "z_axis": -0.9747330779733467,
        "angle": 0.3848465975671213
    },
    "38": {
        "frame": 38,
        "x": 857,
        "y": 460,
        "radius": 41,
        "x_axis": 0.24009699562447595,
        "y_axis": -0.12116093709170149,
        "z_axis": -0.9631580659555113,
        "angle": 0.3823989839899017
    },
    "39": {
        "frame": 39,
        "x": 868,
        "y": 447,
        "radius": 39,
        "x_axis": 0.296649000981506,
        "y_axis": -0.111696147708833,
        "z_axis": -0.94843204332397,
        "angle": 0.3752766396349733
    },
    "40": {
        "frame": 40,
        "x": 878,
        "y": 434,
        "radius": 38,
        "x_axis": 0.349441644581343,
        "y_axis": -0.10259853678971895,
        "z_axis": -0.931323830512725,
        "angle": 0.36815429528004495
    },
    "41": {
        "frame": 41,
        "x": 889,
        "y": 422,
        "radius": 37,
        "x_axis": 0.3972771858412934,
        "y_axis": -0.09387359068906782,
        "z_axis": -0.9128847608439763,
        "angle": 0.3610319509251166
    },
    "42": {
        "frame": 42,
        "x": 898,
        "y": 411,
        "radius": 36,
        "x_axis": 0.43888994579301166,
        "y_axis": -0.08552749767370124,
        "z_axis": -0.8944611017945288,
        "angle": 0.3459343238842516
    },
    "43": {
        "frame": 43,
        "x": 907,
        "y": 400,
        "radius": 35,
        "x_axis": 0.47292879280485783,
        "y_axis": -0.07756775258492049,
        "z_axis": -0.8776796686121107,
        "angle": 0.3519340997259142
    },
    "44": {
        "frame": 44,
        "x": 916,
        "y": 389,
        "radius": 35,
        "x_axis": 0.4979455898176268,
        "y_axis": -0.07000338693053734,
        "z_axis": -0.8643782247369661,
        "angle": 0.3579338755675768
    },
    "45": {
        "frame": 45,
        "x": 924,
        "y": 379,
        "radius": 34,
        "x_axis": 0.5158761044669973,
        "y_axis": -0.06284480301609455,
        "z_axis": -0.8543549470646401,
        "angle": 0.3639336514092394
    },
    "46": {
        "frame": 46,
        "x": 932,
        "y": 370,
        "radius": 33,
        "x_axis": 0.5338066191163677,
        "y_axis": -0.05610323583069392,
        "z_axis": -0.8437433971989817,
        "angle": 0.3703643596000903
    },
    "47": {
        "frame": 47,
        "x": 939,
        "y": 361,
        "radius": 32,
        "x_axis": 0.5517371337657383,
        "y_axis": -0.049789907370177286,