{
    "7": {
        "frame": 7,
        "x": 1015,
        "y": 750,
        "radius": 47,
        "x_axis": 0.8399130926475531,
        "y_axis": -0.026318312278501507,
        "z_axis": -0.5420824136955875,
        "angle": 0.0641803063847091
    },
    "8": {
        "frame": 8,
        "x": 1029,
        "y": 732,
        "radius": 47,
        "x_axis": 0.8435440983148281,
        "y_axis": -0.039336284842323634,
        "z_axis": -0.5356174109315596,
        "angle": 0.0641803063847091
    },
    "9": {
        "frame": 9,
        "x": 1043,
        "y": 714,
        "radius": 46,
        "x_axis": 0.8465092718909741,
        "y_axis": -0.05191598523823985,
        "z_axis": -0.5298365626109203,
        "angle": 0.0641803063847091
    },
    "10": {
        "frame": 10,
        "x": 1056,
        "y": 697,
        "radius": 45,
        "x_axis": 0.8488706258787456,
        "y_axis": -0.06393820888937507,
        "z_axis": -0.524719511705297,
        "angle": 0.07262665783388747
    },
    "11": {
        "frame": 11,
        "x": 1069,
        "y": 681,
        "radius": 44,
        "x_axis": 0.8507061231645935,
        "y_axis": -0.07529700309258824,
        "z_axis": -0.5202205814224791,
        "angle": 0.037908381355592345
    },
    "12": {
        "frame": 12,
        "x": 1082,
        "y": 664,
        "radius": 44,
        "x_axis": 0.8521080511534174,
        "y_axis": -0.08590255625568018,
        "z_axis": -0.5162679730413894,
        "angle": 0.06150855453708158
    },
    "13": {
        "frame": 13,
        "x": 1094,
        "y": 649,
        "radius": 43,
        "x_axis": 0.8531807130284204,
        "y_axis": -0.09568340425022008,
        "z_axis": -0.5127644264839413,
        "angle": 0.05790263662815741
    },
    "14": {
        "frame": 14,
        "x": 1106,
        "y": 633,
        "radius": 42,
        "x_axis": 0.8540375236191262,
        "y_axis": -0.10458787894890371,
        "z_axis": -0.5095893286043968,
        "angle": 0.05429671871923324
    },
    "15": {
        "frame": 15,
        "x": 1117,
        "y": 618,
        "radius": 42,
        "x_axis": 0.8547976360373128,
        "y_axis": -0.11258476888841894,
        "z_axis": -0.5066020837297879,
        "angle": 0.05069080081030908
    },
    "16": {
        "frame": 16,
        "x": 1128,
        "y": 604,
        "radius": 41,
        "x_axis": 0.8555822554367991,
        "y_axis": -0.11966320586021037,
        "z_axis": -0.5036464249301654,
        "angle": 0.047084882901384906
    },
    "17": {
        "frame": 17,
        "x": 1139,
        "y": 589,
        "radius": 40,
        "x_axis": 0.8565103861557891,
        "y_axis": -0.1258323864239897,
        "z_axis": -0.5005558599538165,
        "angle": 0.03764123066751864
    },
    "18": {
        "frame": 18,
        "x": 1150,
        "y": 576,
        "radius": 40,
        "x_axis": 0.8576956835160561,
        "y_axis": -0.13111922760960862,
        "z_axis": -0.4971577844396937,
        "angle": 0.038660564675840864
    },
    "19": {
        "frame": 19,
        "x": 1160,
        "y": 562,
        "radius": 39,
        "x_axis": 0.8592425864902136,
        "y_axis": -0.13556679028420696,
        "z_axis": -0.4932786463386042,
        "angle": 0.03967989868416308
    },
    "20": {
        "frame": 20,
        "x": 1170,
        "y": 549,
        "radius": 38,
        "x_axis": 0.8612430886020224,
        "y_axis": -0.13923192150190536,
        "z_axis": -0.4887482116285812,
        "angle": 0.03923379634591043
    },
    "21": {
        "frame": 21,
        "x": 1179,
        "y": 536,
        "radius": 38,
        "x_axis": 0.8637739948939246,
        "y_axis": -0.14218263772405731,
        "z_axis": -0.48340312708423777,
        "angle": 0.03878769400765777
    },
    "22": {
        "frame": 22,
        "x": 1188,
        "y": 524,
        "radius": 37,
        "x_axis": 0.8668947516554857,
        "y_axis": -0.1444953770890736,
        "z_axis": -0.47708969340372487,
        "angle": 0.038341591669405116
    },
    "23": {
        "frame": 23,
        "x": 1197,
        "y": 512,
        "radius": 37,
        "x_axis": 0.8706385590080897,
        "y_axis": -0.14625381286254982,
        "z_axis": -0.4696789560875421,
        "angle": 0.037895489331152464
    },
    "24": {
        "frame": 24,
        "x": 1206,
        "y": 501,
        "radius": 36,
        "x_axis": 0.8750353252736672,
        "y_axis": -0.1475411620668577,
        "z_axis": -0.46102579647907843,
        "angle": 0.03744938699289981
    },
    "25": {
        "frame": 25,
        "x": 1214,
        "y": 489,
        "radius": 36,
        "x_axis": 0.8800836708682567,
        "y_axis": -0.1484433890691553,
        "z_axis": -0.4510180622909879,
        "angle": 0.03700328465464715
    },
    "26": {
        "frame": 26,
        "x": 1222,
        "y": 478,
        "radius": 35,
        "x_axis": 0.8857644446085583,
        "y_axis": -0.14904427084295485,
        "z_axis": -0.43955335739382556,
        "angle": 0.0365571823163945
    },
    "27": {
        "frame": 27,
        "x": 1230,
        "y": 468,
        "radius": 34,
        "x_axis": 0.8920394603521528,
        "y_axis": -0.14942374785229243,
        "z_axis": -0.4265420785249852,
        "angle": 0.04389008900004599
    },
    "28": {
        "frame": 28,
        "x": 1238,
        "y": 457,
        "radius": 34,
        "x_axis": 0.8988526999665178,
        "y_axis": -0.14965617513803167,
        "z_axis": -0.41190636436689815,
        "angle": 0.05122299568369748
    },
    "29": {
        "frame": 29,
        "x": 1245,
        "y": 447,
        "radius": 33,
        "x_axis": 0.9061287584454225,
        "y_axis": -0.14980955077739605,
        "z_axis": -0.3955853531338489,
        "angle": 0.052130290427020415
    },
    "30": {
        "frame": 30,
        "x": 1252,
        "y": 438,
        "radius": 33,
        "x_axis": 0.913779474735496,
        "y_axis": -0.14994069010504424,
        "z_axis": -0.377524649530258,
        "angle": 0.04352809630703319
    },
    "31": {
        "frame": 31,
        "x": 1259,
        "y": 428,
        "radius": 32,
        "x_axis": 0.9217035429480297,
        "y_axis": -0.15009884346234512,
        "z_axis": -0.3576771115242294,
        "angle": 0.05666888095666194
    },
    "32": {
        "frame": 32,
        "x": 1265,
        "y": 419,
        "radius": 32,
        "x_axis": 0.9297899617595894,
        "y_axis": -0.15032635370495767,
        "z_axis": -0.33599496185638444,
        "angle": 0.06980966560629069
    },
    "33": {
        "frame": 33,
        "x": 1271,
        "y": 410,
        "radius": 31,
        "x_axis": 0.9379182457808066,
        "y_axis": -0.15065298881223593,
        "z_axis": -0.3124308582605034,
        "angle": 0.08295045025591945
    },
    "34": {
        "frame": 34,
        "x": 1277,
        "y": 402,
        "radius": 31,
        "x_axis": 0.9459615870097532,
        "y_axis": -0.1510980267156751,
        "z_axis": -0.2869251857621048,
        "angle": 0.06450879293797636
    },
    "35": {
        "frame": 35,
        "x": 1283,
        "y": 393,
        "radius": 30,
        "x_axis": 0.9537888850850269,
        "y_axis": -0.15166904045311283,
        "z_axis": -0.25939017879691073,
        "angle": 0.07253361972019595
    },
    "36": {
        "frame": 36,
        "x": 1288,
        "y": 385,
        "radius": 30,
        "x_axis": 0.9612678761244466,
        "y_axis": -0.1523641320622194,
        "z_axis": -0.229672030495927,
        "angle": 0.07293328889133592
    },
    "37": {
        "frame": 37,
        "x": 1294,
        "y": 377,
        "radius": 30,
        "x_axis": 0.9682675025502957,
        "y_axis": -0.15317148304631098,
        "z_axis": -0.1974754169166554,
        "angle": 0.06523387018738024
    },
    "38": {
        "frame": 38,
        "x": 1299,
        "y": 370,
        "radius": 29,
        "x_axis": 0.9746606474012993,