{
    "34": {
        "frame": 34,
        "x": 625,
        "y": 749,
        "radius": 78,
        "x_axis": 0.020273916837579974,
        "y_axis": 0.19776529918871524,
        "z_axis": 0.9800397209975016,
        "omega": 0.42774133687510274
    },
    "35": {
        "frame": 35,
        "x": 654,
        "y": 724,
        "radius": 68,
        "x_axis": 0.02899382909459709,
        "y_axis": 0.20999881227514794,
        "z_axis": 0.9772716391656214,
        "omega": 0.42774133687510274
    },
    "37": {
        "frame": 37,
        "x": 706,
        "y": 679,
        "radius": 59,
        "x_axis": 0.037713741351614205,
        "y_axis": 0.22210378461347596,
        "z_axis": 0.9742933760288193,
        "omega": 0.42774133687510274
    },
    "38": {
        "frame": 38,
        "x": 730,
        "y": 657,
        "radius": 56,
        "x_axis": 0.04643365360863132,
        "y_axis": 0.2339539839924019,
        "z_axis": 0.9711382235226027,
        "omega": 0.42774133687510274
    },
    "39": {
        "frame": 39,
        "x": 752,
        "y": 637,
        "radius": 53,
        "x_axis": 0.05515356586564843,
        "y_axis": 0.24542846128549672,
        "z_axis": 0.9678444888324451,
        "omega": 0.42774133687510274
    },
    "40": {
        "frame": 40,
        "x": 773,
        "y": 618,
        "radius": 51,
        "x_axis": 0.06387347812266554,
        "y_axis": 0.25641107412626457,
        "z_axis": 0.9644550481271424,
        "omega": 0.4908438613125384
    },
    "41": {
        "frame": 41,
        "x": 793,
        "y": 599,
        "radius": 49,
        "x_axis": 0.07259339037968265,
        "y_axis": 0.2668014348395554,
        "z_axis": 0.9610136284365262,
        "omega": 0.4069159107793925
    },
    "42": {
        "frame": 42,
        "x": 811,
        "y": 582,
        "radius": 48,
        "x_axis": 0.08131330263669977,
        "y_axis": 0.27650834295053983,
        "z_axis": 0.9575652892064641,
        "omega": 0.3229879602462466
    },
    "43": {
        "frame": 43,
        "x": 828,
        "y": 565,
        "radius": 46,
        "x_axis": 0.09003321489371689,
        "y_axis": 0.2854544375115726,
        "z_axis": 0.9541539625871988,
        "omega": 0.6846251441840118
    },
    "44": {
        "frame": 44,
        "x": 845,
        "y": 549,
        "radius": 45,
        "x_axis": 0.098753127150734,
        "y_axis": 0.29357382106254626,
        "z_axis": 0.9508218715746325,
        "omega": 0.49485134620184357
    },
    "45": {
        "frame": 45,
        "x": 860,
        "y": 534,
        "radius": 44,
        "x_axis": 0.10747303940775112,
        "y_axis": 0.3008118138628205,
        "z_axis": 0.947608462626321,
        "omega": 0.3050775482196753
    },
    "46": {
        "frame": 46,
        "x": 874,
        "y": 519,
        "radius": 43,
        "x_axis": 0.11619295166476822,
        "y_axis": 0.3071273128321337,
        "z_axis": 0.9445485756147968,
        "omega": 0.33381636361608885
    },
    "47": {
        "frame": 47,
        "x": 888,
        "y": 506,
        "radius": 42,
        "x_axis": 0.12491286392178534,
        "y_axis": 0.31248910464991775,
        "z_axis": 0.9416726267137376,
        "omega": 0.3625551790125024
    },
    "49": {
        "frame": 49,
        "x": 912,
        "y": 480,
        "radius": 40,
        "x_axis": 0.13363277617880245,
        "y_axis": 0.316875028279445,
        "z_axis": 0.939006122229055,
        "omega": 0.39129399440891593
    },
    "50": {
        "frame": 50,
        "x": 923,
        "y": 468,
        "radius": 39,
        "x_axis": 0.14235268843581958,
        "y_axis": 0.32027043379608916,
        "z_axis": 0.9365695710042897,
        "omega": 0.42128785757776865
    },
    "51": {
        "frame": 51,
        "x": 934,
        "y": 457,
        "radius": 38,
        "x_axis": 0.15107260069283668,
        "y_axis": 0.3226666518205584,
        "z_axis": 0.9343785641391894,
        "omega": 0.4512817207466213
    },
    "52": {
        "frame": 52,
        "x": 944,
        "y": 446,
        "radius": 38,
        "x_axis": 0.1597925129498538,
        "y_axis": 0.3240595933506994,
        "z_axis": 0.9324439569017272,
        "omega": 0.48127558391547404
    },
    "53": {
        "frame": 53,
        "x": 953,
        "y": 436,
        "radius": 37,
        "x_axis": 0.16851242520687093,
        "y_axis": 0.32444858382448527,
        "z_axis": 0.930772087573099,
        "omega": 0.6501410679406002
    },
    "54": {
        "frame": 54,
        "x": 962,
        "y": 426,
        "radius": 36,
        "x_axis": 0.17723233746388803,
        "y_axis": 0.3238355136258183,
        "z_axis": 0.929364976030294,
        "omega": 0.6058072314088568
    },
    "55": {
        "frame": 55,
        "x": 970,
        "y": 417,
        "radius": 36,
        "x_axis": 0.18595224972090513,
        "y_axis": 0.32222436118999814,
        "z_axis": 0.9282204597397279,
        "omega": 0.5614733948771133
    },
    "56": {
        "frame": 56,
        "x": 978,
        "y": 408,
        "radius": 35,
        "x_axis": 0.19467216197792225,
        "y_axis": 0.3196211157028736,
        "z_axis": 0.9273322445314257,
        "omega": 0.51713955834537
    },
    "57": {
        "frame": 57,
        "x": 985,
        "y": 400,
        "radius": 34,
        "x_axis": 0.20339207423493938,
        "y_axis": 0.3160340955729256,
        "z_axis": 0.9266898696833865,
        "omega": 0.47280572181362657
    },
    "58": {
        "frame": 58,
        "x": 992,
        "y": 392,
        "radius": 34,
        "x_axis": 0.21211198649195648,
        "y_axis": 0.3114746280063251,
        "z_axis": 0.926278608894083,
        "omega": 0.4284718852818831
    },
    "59": {
        "frame": 59,
        "x": 999,
        "y": 384,
        "radius": 33,
        "x_axis": 0.22083189874897358,
        "y_axis": 0.30595802591132004,
        "z_axis": 0.9260793480449562,
        "omega": 0.3841380487501397
    },
    "60": {
        "frame": 60,
        "x": 1005,
        "y": 377,
        "radius": 33,
        "x_axis": 0.2295518110059907,
        "y_axis": 0.2995047728909892,
        "z_axis": 0.9260684948098531,
        "omega": 0.3398042122183963
    },
    "61": {
        "frame": 61,
        "x": 1011,
        "y": 370,
        "radius": 32,
        "x_axis": 0.23827172326300783,
        "y_axis": 0.2921418071407938,
        "z_axis": 0.9262179821261234,
        "omega": 0.44044123492619763
    },
    "62": {
        "frame": 62,
        "x": 1017,
        "y": 363,
        "radius": 32,
        "x_axis": 0.24699163552002495,
        "y_axis": 0.2839037823672849,
        "z_axis": 0.9264954259685756,
        "omega": 0.541078257633999
    },
    "63": {
        "frame": 63,
        "x": 1023,
        "y": 357,
        "radius": 31,
        "x_axis": 0.255711547777042,
        "y_axis": 0.2748341797341156,
        "z_axis": 0.9268644873892544,
        "omega": 0.3722544000400762
    },
    "64": {
        "frame": 64,
        "x": 1028,
        "y": 351,
        "radius": 31,
        "x_axis": 0.26443146003405915,
        "y_axis": 0.26498615009971527,
        "z_axis": 0.9272854701760332,
        "omega": 0.609684105079253
    },
    "65": {
        "frame": 65,
        "x": 1033,
        "y": 345,
        "radius": 30,
        "x_axis": 0.2731513722910763,
        "y_axis": 0.2544229804881604,
        "z_axis": 0.9277161606951897,
        "omega": 0.6026758444262157
    },
    "66": {
        "frame": 66,
        "x": 1038,
        "y": 340,
        "radius": 30,
        "x_axis": 0.29700378551187784,
        "y_axis": 0.2432181020667367,
        "z_axis": 0.9233816687690247,
        "omega": 0.5956675837731784
    },
    "67": {
        "frame": 67,
        "x": 1043,
        "y": 334,
        "radius": 30,
        "x_axis": 0.32539789082146764,
        "y_axis": 0.23145458731964694,
        "z_axis": 0.9168124053794386,
        "omega": 0.5886593231201411
    },