{
    "9": {
        "frame": 9,
        "x": 475,
        "y": 800,
        "radius": 65,
        "x_axis": 0.0003594955461603218,
        "y_axis": -0.3560607611831567,
        "z_axis": -0.9344627360727785,
        "angle": 0.34530767135262747
    },
    "10": {
        "frame": 10,
        "x": 506,
        "y": 776,
        "radius": 64,
        "x_axis": 0.0011807725434316385,
        "y_axis": -0.34408495557780167,
        "z_axis": -0.9389377770231758,
        "angle": 0.34530767135262747
    },
    "12": {
        "frame": 12,
        "x": 564,
        "y": 729,
        "radius": 60,
        "x_axis": 0.002002049540702955,
        "y_axis": -0.3323172451616689,
        "z_axis": -0.9431655423974075,
        "angle": 0.34530767135262747
    },
    "13": {
        "frame": 13,
        "x": 591,
        "y": 707,
        "radius": 59,
        "x_axis": 0.0028233265379742716,
        "y_axis": -0.32086690953281577,
        "z_axis": -0.9471200848858183,
        "angle": 0.34530767135262747
    },
    "14": {
        "frame": 14,
        "x": 616,
        "y": 686,
        "radius": 57,
        "x_axis": 0.0036446035352455885,
        "y_axis": -0.30984396988093643,
        "z_axis": -0.9507804326938435,
        "angle": 0.40912877272221065
    },
    "15": {
        "frame": 15,
        "x": 640,
        "y": 666,
        "radius": 56,
        "x_axis": 0.004465880532516906,
        "y_axis": -0.29935705984691,
        "z_axis": -0.954130707309477,
        "angle": 0.36914227662731797
    },
    "16": {
        "frame": 16,
        "x": 663,
        "y": 646,
        "radius": 55,
        "x_axis": 0.005287157529788222,
        "y_axis": -0.2895108520532346,
        "z_axis": -0.9571601289798198,
        "angle": 0.31773030178436334
    },
    "17": {
        "frame": 17,
        "x": 684,
        "y": 627,
        "radius": 53,
        "x_axis": 0.0061084345270595395,
        "y_axis": -0.2804025322058286,
        "z_axis": -0.9598630667757708,
        "angle": 0.30996326241012595
    },
    "18": {
        "frame": 18,
        "x": 705,
        "y": 608,
        "radius": 52,
        "x_axis": 0.0069297115243308555,
        "y_axis": -0.27211973105635,
        "z_axis": -0.9622384481343537,
        "angle": 0.33919531515201984
    },
    "19": {
        "frame": 19,
        "x": 724,
        "y": 591,
        "radius": 51,
        "x_axis": 0.0077509885216021715,
        "y_axis": -0.26473793506453314,
        "z_axis": -0.9642892449440184,
        "angle": 0.3684273678939137
    },
    "20": {
        "frame": 20,
        "x": 743,
        "y": 574,
        "radius": 49,
        "x_axis": 0.008572265518873488,
        "y_axis": -0.2583194691591397,
        "z_axis": -0.9660215153490186,
        "angle": 0.39765942063580767
    },
    "21": {
        "frame": 21,
        "x": 760,
        "y": 557,
        "radius": 48,
        "x_axis": 0.009393542516144805,
        "y_axis": -0.25291181998688156,
        "z_axis": -0.9674437310096751,
        "angle": 0.42689147337770156
    },
    "22": {
        "frame": 22,
        "x": 776,
        "y": 541,
        "radius": 47,
        "x_axis": 0.010214819513416122,
        "y_axis": -0.24854673108910177,
        "z_axis": -0.9685660431417313,
        "angle": 0.3881261613901807
    },
    "23": {
        "frame": 23,
        "x": 792,
        "y": 526,
        "radius": 46,
        "x_axis": 0.01103609651068744,
        "y_axis": -0.24523047598994388,
        "z_axis": -0.9694019900018528,
        "angle": 0.3493608494026598
    },
    "24": {
        "frame": 24,
        "x": 807,
        "y": 511,
        "radius": 45,
        "x_axis": 0.011857373507958758,
        "y_axis": -0.24297148529045592,
        "z_axis": -0.9699609579922496,
        "angle": 0.34484771610885595
    },
    "25": {
        "frame": 25,
        "x": 821,
        "y": 497,
        "radius": 44,
        "x_axis": 0.012678650505230073,
        "y_axis": -0.2417529817007939,
        "z_axis": -0.9702549910513947,
        "angle": 0.340334582815052
    },
    "26": {
        "frame": 26,
        "x": 834,
        "y": 483,
        "radius": 43,
        "x_axis": 0.01349992750250139,
        "y_axis": -0.24153566570451124,
        "z_axis": -0.9702980336732141,
        "angle": 0.33582144952124815
    },
    "27": {
        "frame": 27,
        "x": 846,
        "y": 470,
        "radius": 42,
        "x_axis": 0.014321204499772708,
        "y_axis": -0.24227007086174476,
        "z_axis": -0.9701031470242331,
        "angle": 0.3313083162274443
    },
    "28": {
        "frame": 28,
        "x": 858,
        "y": 457,
        "radius": 41,
        "x_axis": 0.015142481497044023,
        "y_axis": -0.2438988291728473,
        "z_axis": -0.969682456468212,
        "angle": 0.32679518293364035
    },
    "29": {
        "frame": 29,
        "x": 869,
        "y": 445,
        "radius": 40,
        "x_axis": 0.01596375849431534,
        "y_axis": -0.246347517643983,
        "z_axis": -0.9690500807313225,
        "angle": 0.3222820496398365
    },
    "30": {
        "frame": 30,
        "x": 880,
        "y": 433,
        "radius": 39,
        "x_axis": 0.016785035491586657,
        "y_axis": -0.2495250582023817,
        "z_axis": -0.9682228606641367,
        "angle": 0.32943233489703183
    },
    "31": {
        "frame": 31,
        "x": 890,
        "y": 422,
        "radius": 38,
        "x_axis": 0.017606312488857974,
        "y_axis": -0.2533339867738232,
        "z_axis": -0.9672186458633979,
        "angle": 0.33658262015422713
    },
    "32": {
        "frame": 32,
        "x": 900,
        "y": 411,
        "radius": 37,
        "x_axis": 0.01842758948612929,
        "y_axis": -0.25767303337894093,
        "z_axis": -0.9660564330384772,
        "angle": 0.36045079670442465
    },
    "33": {
        "frame": 33,
        "x": 909,
        "y": 400,
        "radius": 37,
        "x_axis": 0.019248866483400604,
        "y_axis": -0.26243076704104173,
        "z_axis": -0.9647588163107682,
        "angle": 0.3843189732546221
    },
    "34": {
        "frame": 34,
        "x": 917,
        "y": 390,
        "radius": 36,
        "x_axis": 0.020070143480671924,
        "y_axis": -0.2674870058066148,
        "z_axis": -0.9633524230857975,
        "angle": 0.4081871498048196
    },
    "35": {
        "frame": 35,
        "x": 925,
        "y": 380,
        "radius": 35,
        "x_axis": 0.02089142047794324,
        "y_axis": -0.27272255129913614,
        "z_axis": -0.9618658734788879,
        "angle": 0.372973347001759
    },
    "36": {
        "frame": 36,
        "x": 933,
        "y": 371,
        "radius": 34,
        "x_axis": 0.021712697475214558,
        "y_axis": -0.27800952721242567,
        "z_axis": -0.960332891005756,
        "angle": 0.33775954419869836
    },
    "37": {
        "frame": 37,
        "x": 940,
        "y": 362,
        "radius": 34,
        "x_axis": 0.022533974472485875,
        "y_axis": -0.2832328406519034,
        "z_axis": -0.9587864089413903,
        "angle": 0.40870800720003936
    },
    "38": {
        "frame": 38,
        "x": 947,
        "y": 354,
        "radius": 33,
        "x_axis": 0.023355251469757192,
        "y_axis": -0.288268698242389,
        "z_axis": -0.957264691630493,
        "angle": 0.36363479355276335
    },
    "39": {
        "frame": 39,
        "x": 954,
        "y": 345,
        "radius": 32,
        "x_axis": 0.024176528467028505,
        "y_axis": -0.2929981980793019,
        "z_axis": -0.9558072773282097,
        "angle": 0.31856157990548734
    },
    "40": {
        "frame": 40,
        "x": 960,
        "y": 337,
        "radius": 32,
        "x_axis": 0.024997805464299822,
        "y_axis": -0.2973104453009767,
        "z_axis": -0.9544535655739905,
        "angle": 0.31258371714250754
    },
    "41": {
        "frame": 41,
        "x": 966,
        "y": 330,
        "radius": 31,
        "x_axis": 0.02581908246157114,