{
    "91": {
        "frame": 91,
        "x": 581,
        "y": 881,
        "radius": 95,
        "x_axis": 0.3327248081365065,
        "y_axis": -0.6610751624868318,
        "z_axis": -0.6725130716897136,
        "angle": 0.6374296774015434
    },
    "92": {
        "frame": 92,
        "x": 589,
        "y": 874,
        "radius": 83,
        "x_axis": 0.34476636142665745,
        "y_axis": -0.6411946673110882,
        "z_axis": -0.6855695111660424,
        "angle": 0.6374296774015434
    },
    "93": {
        "frame": 93,
        "x": 605,
        "y": 860,
        "radius": 75,
        "x_axis": 0.3568079147168084,
        "y_axis": -0.6216605424706562,
        "z_axis": -0.6972992771619173,
        "angle": 0.6374296774015434
    },
    "94": {
        "frame": 94,
        "x": 627,
        "y": 841,
        "radius": 70,
        "x_axis": 0.36884946800695934,
        "y_axis": -0.6025470600168401,
        "z_axis": -0.7077337849898404,
        "angle": 0.6374296774015434
    },
    "95": {
        "frame": 95,
        "x": 651,
        "y": 819,
        "radius": 66,
        "x_axis": 0.3808910212971103,
        "y_axis": -0.5839192266095213,
        "z_axis": -0.716910291941037,
        "angle": 0.6374296774015434
    },
    "96": {
        "frame": 96,
        "x": 676,
        "y": 795,
        "radius": 63,
        "x_axis": 0.3929325745872612,
        "y_axis": -0.5658319089149858,
        "z_axis": -0.724871190406854,
        "angle": 0.6359701303830454
    },
    "97": {
        "frame": 97,
        "x": 702,
        "y": 770,
        "radius": 60,
        "x_axis": 0.4049741278774121,
        "y_axis": -0.5483282587905454,
        "z_axis": -0.7316639094294991,
        "angle": 0.6345105833645474
    },
    "98": {
        "frame": 98,
        "x": 726,
        "y": 744,
        "radius": 58,
        "x_axis": 0.4170156811675631,
        "y_axis": -0.5314400224633751,
        "z_axis": -0.7373394226436565,
        "angle": 0.6330510363460493
    },
    "99": {
        "frame": 99,
        "x": 749,
        "y": 718,
        "radius": 56,
        "x_axis": 0.42905723445771404,
        "y_axis": -0.5151825804569731,
        "z_axis": -0.7419547144894981,
        "angle": 0.6315914893275513
    },
    "100": {
        "frame": 100,
        "x": 770,
        "y": 692,
        "radius": 54,
        "x_axis": 0.441098787747865,
        "y_axis": -0.4995585744692932,
        "z_axis": -0.7455689707341445,
        "angle": 0.6301319423090532
    },
    "101": {
        "frame": 101,
        "x": 789,
        "y": 666,
        "radius": 52,
        "x_axis": 0.452151218681939,
        "y_axis": -0.48455694853326287,
        "z_axis": -0.748841664888226,
        "angle": 0.630708471892303
    },
    "102": {
        "frame": 102,
        "x": 808,
        "y": 642,
        "radius": 51,
        "x_axis": 0.4629315566691207,
        "y_axis": -0.4701523321695569,
        "z_axis": -0.7514327371065432,
        "angle": 0.6312850014755527
    },
    "103": {
        "frame": 103,
        "x": 824,
        "y": 618,
        "radius": 49,
        "x_axis": 0.47346460778800314,
        "y_axis": -0.4563061415186035,
        "z_axis": -0.753402926981676,
        "angle": 0.6318615310588024
    },
    "104": {
        "frame": 104,
        "x": 840,
        "y": 596,
        "radius": 48,
        "x_axis": 0.4837826490511618,
        "y_axis": -0.44296771281587355,
        "z_axis": -0.7548072296154258,
        "angle": 0.5958203003042888
    },
    "105": {
        "frame": 105,
        "x": 854,
        "y": 575,
        "radius": 47,
        "x_axis": 0.4939367370436378,
        "y_axis": -0.43007461256212637,
        "z_axis": -0.7556866595542236,
        "angle": 0.5597790695497753
    },
    "106": {
        "frame": 106,
        "x": 867,
        "y": 556,
        "radius": 46,
        "x_axis": 0.5039946904961501,
        "y_axis": -0.4175566279310656,
        "z_axis": -0.7560660119477185,
        "angle": 0.5542000808748618
    },
    "108": {
        "frame": 108,
        "x": 890,
        "y": 520,
        "radius": 44,
        "x_axis": 0.5140410240742563,
        "y_axis": -0.405337201512902,
        "z_axis": -0.7559521007566411,
        "angle": 0.5486210921999484
    },
    "109": {
        "frame": 109,
        "x": 901,
        "y": 503,
        "radius": 43,
        "x_axis": 0.524175077492568,
        "y_axis": -0.3933360882573734,
        "z_axis": -0.7553325160550471,
        "angle": 0.5291701181393302
    },
    "110": {
        "frame": 110,
        "x": 911,
        "y": 488,
        "radius": 42,
        "x_axis": 0.5345082715929393,
        "y_axis": -0.3814722617082832,
        "z_axis": -0.7541749274179669,
        "angle": 0.5097191440787122
    },
    "111": {
        "frame": 111,
        "x": 921,
        "y": 473,
        "radius": 41,
        "x_axis": 0.5451598478547465,
        "y_axis": -0.3696678454604737,
        "z_axis": -0.7524270225873079,
        "angle": 0.5451043452236828
    },
    "112": {
        "frame": 112,
        "x": 930,
        "y": 459,
        "radius": 40,
        "x_axis": 0.5562540621085812,
        "y_axis": -0.3578497766775379,
        "z_axis": -0.7500166369618336,
        "angle": 0.4143778708589604
    },
    "113": {
        "frame": 113,
        "x": 939,
        "y": 446,
        "radius": 39,
        "x_axis": 0.5679154374634401,
        "y_axis": -0.3459534252068776,
        "z_axis": -0.7468522500992675,
        "angle": 0.42807554479610593
    },
    "114": {
        "frame": 114,
        "x": 948,
        "y": 434,
        "radius": 39,
        "x_axis": 0.5795933986130767,
        "y_axis": -0.33392531922725793,
        "z_axis": -0.7433474110152782,
        "angle": 0.6535609787019719
    },
    "115": {
        "frame": 115,
        "x": 956,
        "y": 422,
        "radius": 38,
        "x_axis": 0.5912713597627135,
        "y_axis": -0.3217254592486112,
        "z_axis": -0.7395207285773822,
        "angle": 0.5143443514373407
    },
    "116": {
        "frame": 116,
        "x": 964,
        "y": 410,
        "radius": 37,
        "x_axis": 0.6029493209123503,
        "y_axis": -0.30932908158833144,
        "z_axis": -0.7353690472783411,
        "angle": 0.5482628431706154
    },
    "117": {
        "frame": 117,
        "x": 971,
        "y": 399,
        "radius": 36,
        "x_axis": 0.614627282061987,
        "y_axis": -0.2967277537518355,
        "z_axis": -0.730880253050036,
        "angle": 0.5821813349038899
    },
    "118": {
        "frame": 118,
        "x": 978,
        "y": 388,
        "radius": 36,
        "x_axis": 0.6263052432116237,
        "y_axis": -0.28392971554666613,
        "z_axis": -0.7260341995768643,
        "angle": 0.5058693016893291
    },
    "119": {
        "frame": 119,
        "x": 984,
        "y": 377,
        "radius": 35,
        "x_axis": 0.6379832043612607,
        "y_axis": -0.27095941972606635,
        "z_axis": -0.7208040120689198,
        "angle": 0.5025531128689228
    },
    "120": {
        "frame": 120,
        "x": 990,
        "y": 367,
        "radius": 35,
        "x_axis": 0.6496611655108973,
        "y_axis": -0.2578562721457769,
        "z_axis": -0.7151576839705392,
        "angle": 0.49167381666284155
    },
    "121": {
        "frame": 121,
        "x": 996,
        "y": 358,
        "radius": 34,
        "x_axis": 0.661339126660534,
        "y_axis": -0.24467262082152172,
        "z_axis": -0.7090598480863305,
        "angle": 0.5240410952233597
    },
    "122": {
        "frame": 122,
        "x": 1001,
        "y": 348,
        "radius": 33,
        "x_axis": 0.6730170878101709,
        "y_axis": -0.23147109242872085,
        "z_axis": -0.7024735816280718,
        "angle": 0.5564083737838779
    },
    "123": {
        "frame": 123,
        "x": 1006,
        "y": 339,
        "radius": 33,
        "x_axis": 0.6846950489598076,
        "y_axis": -0.21832142000533802,