{
    "68": {
        "frame": 68,
        "x": 840,
        "y": 797,
        "radius": 46,
        "x_axis": 0.08059172299023482,
        "y_axis": 0.5818218600518453,
        "z_axis": -0.8093134728591117,
        "angle": 0.11915131243882732
    },
    "69": {
        "frame": 69,
        "x": 848,
        "y": 791,
        "radius": 45,
        "x_axis": 0.09566398982646047,
        "y_axis": 0.5536019028823819,
        "z_axis": -0.8272685985672904,
        "angle": 0.11915131243882732
    },
    "70": {
        "frame": 70,
        "x": 862,
        "y": 779,
        "radius": 44,
        "x_axis": 0.11073625666268613,
        "y_axis": 0.5255024784679504,
        "z_axis": -0.8435547561269375,
        "angle": 0.11915131243882732
    },
    "71": {
        "frame": 71,
        "x": 879,
        "y": 764,
        "radius": 43,
        "x_axis": 0.12580852349891178,
        "y_axis": 0.4977506119872262,
        "z_axis": -0.8581471573578541,
        "angle": 0.11915131243882732
    },
    "72": {
        "frame": 72,
        "x": 898,
        "y": 748,
        "radius": 42,
        "x_axis": 0.14088079033513745,
        "y_axis": 0.4705899825951456,
        "z_axis": -0.8710325316517447,
        "angle": 0.04425974795583119
    },
    "73": {
        "frame": 73,
        "x": 916,
        "y": 731,
        "radius": 41,
        "x_axis": 0.1559530571713631,
        "y_axis": 0.4442432887333785,
        "z_axis": -0.8822281702452363,
        "angle": 0.022819097248945906
    },
    "74": {
        "frame": 74,
        "x": 934,
        "y": 713,
        "radius": 40,
        "x_axis": 0.17102532400758877,
        "y_axis": 0.41891615587053077,
        "z_axis": -0.8917732855937973,
        "angle": 0.02032331627292892
    },
    "75": {
        "frame": 75,
        "x": 951,
        "y": 696,
        "radius": 39,
        "x_axis": 0.18609759084381444,
        "y_axis": 0.39478853408924347,
        "z_axis": -0.8997275698975743,
        "angle": 0.030930144414366374
    },
    "76": {
        "frame": 76,
        "x": 966,
        "y": 680,
        "radius": 38,
        "x_axis": 0.2011698576800401,
        "y_axis": 0.37200703351613384,
        "z_axis": -0.9061685579270109,
        "angle": 0.042355374539755054
    },
    "77": {
        "frame": 77,
        "x": 981,
        "y": 664,
        "radius": 38,
        "x_axis": 0.21624212451626573,
        "y_axis": 0.35068099377455625,
        "z_axis": -0.9111872388208592,
        "angle": 0.03214600978286432
    },
    "78": {
        "frame": 78,
        "x": 994,
        "y": 650,
        "radius": 37,
        "x_axis": 0.2313143913524914,
        "y_axis": 0.3308770345635362,
        "z_axis": -0.9148847142409074,
        "angle": 0.034338508373706673
    },
    "79": {
        "frame": 79,
        "x": 1007,
        "y": 637,
        "radius": 36,
        "x_axis": 0.24638665818871708,
        "y_axis": 0.3126187584058958,
        "z_axis": -0.9173674980940585,
        "angle": 0.03653100696454902
    },
    "80": {
        "frame": 80,
        "x": 1019,
        "y": 624,
        "radius": 35,
        "x_axis": 0.2614589250249427,
        "y_axis": 0.29588589745715754,
        "z_axis": -0.9187441244496608,
        "angle": 0.03872350555539138
    },
    "81": {
        "frame": 81,
        "x": 1030,
        "y": 612,
        "radius": 34,
        "x_axis": 0.27653119186116837,
        "y_axis": 0.2806224911582915,
        "z_axis": -0.9191199689833511,
        "angle": 0.017226174773450956
    },
    "82": {
        "frame": 82,
        "x": 1041,
        "y": 601,
        "radius": 33,
        "x_axis": 0.29160345869739407,
        "y_axis": 0.26673696446624445,
        "z_axis": -0.9185961107380385,
        "angle": 0.040049700405545466
    },
    "83": {
        "frame": 83,
        "x": 1052,
        "y": 591,
        "radius": 33,
        "x_axis": 0.3066757255336197,
        "y_axis": 0.2541102608889741,
        "z_axis": -0.9172665777620841,
        "angle": 0.027806892114845494
    },
    "84": {
        "frame": 84,
        "x": 1062,
        "y": 581,
        "radius": 32,
        "x_axis": 0.32174799236984536,
        "y_axis": 0.2426035273802494,
        "z_axis": -0.9152167819203462,
        "angle": 0.06640571794334944
    },
    "85": {
        "frame": 85,
        "x": 1071,
        "y": 571,
        "radius": 31,
        "x_axis": 0.336820259206071,
        "y_axis": 0.23206642067627764,
        "z_axis": -0.9125224870559937,
        "angle": 0.05597119798567966
    },
    "86": {
        "frame": 86,
        "x": 1080,
        "y": 562,
        "radius": 31,
        "x_axis": 0.35189252604229665,
        "y_axis": 0.22234548932977904,
        "z_axis": -0.9092492141818286,
        "angle": 0.021728923141109576
    },
    "87": {
        "frame": 87,
        "x": 1088,
        "y": 553,
        "radius": 30,
        "x_axis": 0.36696479287852235,
        "y_axis": 0.2132860757399697,
        "z_axis": -0.9054534171800707,
        "angle": 0.016261113396075944
    },
    "88": {
        "frame": 88,
        "x": 1096,
        "y": 544,
        "radius": 29,
        "x_axis": 0.382037059714748,
        "y_axis": 0.20475784964703192,
        "z_axis": -0.9011780667617436,
        "angle": 0.023261263370090626
    },
    "89": {
        "frame": 89,
        "x": 1104,
        "y": 536,
        "radius": 28,
        "x_axis": 0.39710932655097364,
        "y_axis": 0.1966415590158963,
        "z_axis": -0.8964576286886236,
        "angle": 0.021744920584226547
    },
    "90": {
        "frame": 90,
        "x": 1111,
        "y": 528,
        "radius": 28,
        "x_axis": 0.41218159338719934,
        "y_axis": 0.18883604898198553,
        "z_axis": -0.8913177215099353,
        "angle": 0.03516823332304926
    },
    "91": {
        "frame": 91,
        "x": 1118,
        "y": 520,
        "radius": 27,
        "x_axis": 0.427253860223425,
        "y_axis": 0.18126595203456022,
        "z_axis": -0.8857746855477336,
        "angle": 0.043472234011081926
    },
    "92": {
        "frame": 92,
        "x": 1124,
        "y": 513,
        "radius": 27,
        "x_axis": 0.44232612705965063,
        "y_axis": 0.17387956477286756,
        "z_axis": -0.8798371975966963,
        "angle": 0.030119141651432705
    },
    "93": {
        "frame": 93,
        "x": 1130,
        "y": 507,
        "radius": 26,
        "x_axis": 0.4573983938958763,
        "y_axis": 0.16664748005846583,
        "z_axis": -0.8735074851720711,
        "angle": 0.06263159717274677
    },
    "94": {
        "frame": 94,
        "x": 1137,
        "y": 500,
        "radius": 25,
        "x_axis": 0.4724706607321019,
        "y_axis": 0.15955978599665743,
        "z_axis": -0.8667826425581399,
        "angle": 0.03116337633330329
    },
    "95": {
        "frame": 95,
        "x": 1142,
        "y": 494,
        "radius": 25,
        "x_axis": 0.4875429275683276,
        "y_axis": 0.15262218237828817,
        "z_axis": -0.8596559563128688,
        "angle": 0.04694203279526877
    },
    "96": {
        "frame": 96,
        "x": 1148,
        "y": 489,
        "radius": 24,
        "x_axis": 0.5026151944045533,
        "y_axis": 0.14585142903486037,
        "z_axis": -0.8521181414581914,
        "angle": 0.026369821404821026
    },
    "97": {
        "frame": 97,
        "x": 1153,
        "y": 483,
        "radius": 24,
        "x_axis": 0.5176874612407789,
        "y_axis": 0.13927056565803478,
        "z_axis": -0.8441583986523904,
        "angle": 0.016553864708121705
    },
    "98": {
        "frame": 98,
        "x": 1158,
        "y": 478,
        "radius": 23,
        "x_axis": 0.5327597280770046,
        "y_axis": 0.13290432800025714,
        "z_axis": -0.8357652252505582,
        "angle": 0.0415071475759937
    },
    "99": {
        "frame": 99,
        "x": 1163,
        "y": 472,
        "radius": 23,
        "x_axis": 0.5478319949132302,
        "y_axis": 0.12677513377078306,