{
    "6": {
        "frame": 6,
        "x": 995,
        "y": 767,
        "radius": 59,
        "x_axis": 0.8495714166113243,
        "y_axis": 0.1694813185508361,
        "z_axis": -0.4995042449662442,
        "angle": 0.04624540982198656
    },
    "7": {
        "frame": 7,
        "x": 1010,
        "y": 748,
        "radius": 53,
        "x_axis": 0.8522027792913716,
        "y_axis": 0.1614575219191181,
        "z_axis": -0.4976764928985489,
        "angle": 0.04624540982198656
    },
    "8": {
        "frame": 8,
        "x": 1025,
        "y": 730,
        "radius": 50,
        "x_axis": 0.8541533808789095,
        "y_axis": 0.1535428631779384,
        "z_axis": -0.49683658389882035,
        "angle": 0.04624540982198656
    },
    "9": {
        "frame": 9,
        "x": 1040,
        "y": 712,
        "radius": 47,
        "x_axis": 0.8554527819841006,
        "y_axis": 0.14575903996922238,
        "z_axis": -0.4969455101546985,
        "angle": 0.04624540982198656
    },
    "10": {
        "frame": 10,
        "x": 1054,
        "y": 695,
        "radius": 45,
        "x_axis": 0.8561498955604809,
        "y_axis": 0.13813791031185152,
        "z_axis": -0.497920951624304,
        "angle": 0.08434408503579377
    },
    "11": {
        "frame": 11,
        "x": 1068,
        "y": 678,
        "radius": 44,
        "x_axis": 0.856317273594056,
        "y_axis": 0.13069947644322547,
        "z_axis": -0.49963824293373443,
        "angle": 0.08337921523102831
    },
    "12": {
        "frame": 12,
        "x": 1081,
        "y": 661,
        "radius": 42,
        "x_axis": 0.8560505982622048,
        "y_axis": 0.12345836161152922,
        "z_axis": -0.5019316747956022,
        "angle": 0.06106359081613657
    },
    "13": {
        "frame": 13,
        "x": 1093,
        "y": 645,
        "radius": 41,
        "x_axis": 0.8554615563787964,
        "y_axis": 0.11641584159655882,
        "z_axis": -0.5046116104325507,
        "angle": 0.038747966401244824
    },
    "14": {
        "frame": 14,
        "x": 1105,
        "y": 630,
        "radius": 40,
        "x_axis": 0.8546917674358496,
        "y_axis": 0.10958339307268974,
        "z_axis": -0.507438136761576,
        "angle": 0.05077257716688774
    },
    "15": {
        "frame": 15,
        "x": 1117,
        "y": 615,
        "radius": 39,
        "x_axis": 0.853896216148402,
        "y_axis": 0.10296197332756418,
        "z_axis": -0.5101569210507052,
        "angle": 0.06279718793253065
    },
    "16": {
        "frame": 16,
        "x": 1129,
        "y": 600,
        "radius": 39,
        "x_axis": 0.8532469110464476,
        "y_axis": 0.09654153024518919,
        "z_axis": -0.5124933577399934,
        "angle": 0.07482179869817357
    },
    "17": {
        "frame": 17,
        "x": 1139,
        "y": 586,
        "radius": 38,
        "x_axis": 0.8529198330654046,
        "y_axis": 0.09032285671439937,
        "z_axis": -0.5141687854378485,
        "angle": 0.06004372717850807
    },
    "18": {
        "frame": 18,
        "x": 1150,
        "y": 573,
        "radius": 37,
        "x_axis": 0.8530922933422926,
        "y_axis": 0.0843002479228458,
        "z_axis": -0.514904852608843,
        "angle": 0.03948030080573336
    },
    "19": {
        "frame": 19,
        "x": 1160,
        "y": 559,
        "radius": 36,
        "x_axis": 0.8539262064213321,
        "y_axis": 0.07846870449650807,
        "z_axis": -0.5144440653769,
        "angle": 0.04147537793297226
    },
    "20": {
        "frame": 20,
        "x": 1170,
        "y": 546,
        "radius": 36,
        "x_axis": 0.8555911114256982,
        "y_axis": 0.07281785374585815,
        "z_axis": -0.5125050343413079,
        "angle": 0.043470455060211174
    },
    "21": {
        "frame": 21,
        "x": 1179,
        "y": 534,
        "radius": 35,
        "x_axis": 0.8582046289197782,
        "y_axis": 0.06734724951285499,
        "z_axis": -0.5088704775124206,
        "angle": 0.04732462451567583
    },
    "22": {
        "frame": 22,
        "x": 1188,
        "y": 522,
        "radius": 35,
        "x_axis": 0.8618790733292523,
        "y_axis": 0.06204665896065061,
        "z_axis": -0.503303760237225,
        "angle": 0.05117879397114049
    },
    "23": {
        "frame": 23,
        "x": 1197,
        "y": 510,
        "radius": 34,
        "x_axis": 0.8666778080955897,
        "y_axis": 0.05691635656266023,
        "z_axis": -0.49561084058992927,
        "angle": 0.04868872412304671
    },
    "24": {
        "frame": 24,
        "x": 1206,
        "y": 499,
        "radius": 34,
        "x_axis": 0.8726256561289989,
        "y_axis": 0.051955229002169576,
        "z_axis": -0.4856182847100861,
        "angle": 0.04619865427495293
    },
    "25": {
        "frame": 25,
        "x": 1214,
        "y": 488,
        "radius": 33,
        "x_axis": 0.8797026455324436,
        "y_axis": 0.04716371201697801,
        "z_axis": -0.4731795005196225,
        "angle": 0.06158311605950947
    },
    "26": {
        "frame": 26,
        "x": 1222,
        "y": 477,
        "radius": 33,
        "x_axis": 0.8877448287366977,
        "y_axis": 0.04254380051769749,
        "z_axis": -0.4583657318002314,
        "angle": 0.062243573089152876
    },
    "27": {
        "frame": 27,
        "x": 1229,
        "y": 467,
        "radius": 33,
        "x_axis": 0.8957870119409517,
        "y_axis": 0.03809889691892041,
        "z_axis": -0.44284772020578683,
        "angle": 0.04862732609565617
    },
    "28": {
        "frame": 28,
        "x": 1236,
        "y": 456,
        "radius": 32,
        "x_axis": 0.9038291951452057,
        "y_axis": 0.033833769782126565,
        "z_axis": -0.42655370356556493,
        "angle": 0.041493357488786846
    },
    "29": {
        "frame": 29,
        "x": 1243,
        "y": 447,
        "radius": 32,
        "x_axis": 0.9118713783494597,
        "y_axis": 0.02975447427510745,
        "z_axis": -0.40939621469631143,
        "angle": 0.11295338478965432
    },
    "30": {
        "frame": 30,
        "x": 1250,
        "y": 437,
        "radius": 31,
        "x_axis": 0.919913561553714,
        "y_axis": 0.02586826761910853,
        "z_axis": -0.391267008575918,
        "angle": 0.1034529256385098
    },
    "31": {
        "frame": 31,
        "x": 1257,
        "y": 428,
        "radius": 31,
        "x_axis": 0.9279557447579679,
        "y_axis": 0.022183506601763436,
        "z_axis": -0.3720296060873846,
        "angle": 0.09395246648736529
    },
    "32": {
        "frame": 32,
        "x": 1263,
        "y": 419,
        "radius": 31,
        "x_axis": 0.9359979279622219,
        "y_axis": 0.018709507920075447,
        "z_axis": -0.3515079418218255,
        "angle": 0.08445200733622077
    },
    "33": {
        "frame": 33,
        "x": 1269,
        "y": 410,
        "radius": 31,
        "x_axis": 0.944040111166476,
        "y_axis": 0.015456350039737781,
        "z_axis": -0.3294683137302231,
        "angle": 0.07495154818507627
    },
    "34": {
        "frame": 34,
        "x": 1275,
        "y": 402,
        "radius": 30,
        "x_axis": 0.95208229437073,
        "y_axis": 0.012434597700577045,
        "z_axis": -0.30558907952639847,
        "angle": 0.06545108903393174
    },
    "35": {
        "frame": 35,
        "x": 1281,
        "y": 394,
        "radius": 30,
        "x_axis": 0.960124477574984,
        "y_axis": 0.009654936749883618,
        "z_axis": -0.2794061018620028,
        "angle": 0.055950629882787234
    },
    "36": {
        "frame": 36,
        "x": 1286,
        "y": 386,
        "radius": 30,
        "x_axis": 0.9681666607792382,
        "y_axis": 0.0071277166384572,
        "z_axis": -0.25020494122039516,
        "angle": 0.06525791931084257
    },
    "37": {
        "frame": 37,
        "x": 1291,
        "y": 378,
        "radius": 29,
        "x_axis": 0.9762088439834923,
        "y_axis": 0.00486240925424206,