{
    "26": {
        "frame": 26,
        "x": 503,
        "y": 758,
        "radius": 51,
        "x_axis": 0.006127687319164093,
        "y_axis": -0.15549828038896,
        "z_axis": 0.9878171572938966,
        "angle": 0.5144700259882846
    },
    "27": {
        "frame": 27,
        "x": 529,
        "y": 752,
        "radius": 45,
        "x_axis": 0.020931998737896817,
        "y_axis": -0.15408932791846,
        "z_axis": 0.9878351737260999,
        "angle": 0.5144700259882846
    },
    "28": {
        "frame": 28,
        "x": 555,
        "y": 745,
        "radius": 41,
        "x_axis": 0.037562718237193524,
        "y_axis": -0.15291638419167627,
        "z_axis": 0.9875249979845456,
        "angle": 0.339249377642764
    },
    "29": {
        "frame": 29,
        "x": 578,
        "y": 738,
        "radius": 39,
        "x_axis": 0.055585456831101145,
        "y_axis": -0.1520185427191639,
        "z_axis": 0.986813366173371,
        "angle": 0.3892540702077809
    },
    "30": {
        "frame": 30,
        "x": 600,
        "y": 729,
        "radius": 37,
        "x_axis": 0.07454854939387309,
        "y_axis": -0.15142861595298948,
        "z_axis": 0.985653026198282,
        "angle": 0.43925876277279774
    },
    "31": {
        "frame": 31,
        "x": 621,
        "y": 720,
        "radius": 36,
        "x_axis": 0.09400767300376929,
        "y_axis": -0.15117006248335646,
        "z_axis": 0.9840275248310865,
        "angle": 0.4892634553378146
    },
    "32": {
        "frame": 32,
        "x": 640,
        "y": 710,
        "radius": 34,
        "x_axis": 0.11355018007029952,
        "y_axis": -0.15125415968272465,
        "z_axis": 0.9819513917626856,
        "angle": 0.5392681479028315
    },
    "33": {
        "frame": 33,
        "x": 658,
        "y": 700,
        "radius": 33,
        "x_axis": 0.13281756774197506,
        "y_axis": -0.15167761085975803,
        "z_axis": 0.9794658728424291,
        "angle": 0.5380121207326675
    },
    "34": {
        "frame": 34,
        "x": 675,
        "y": 690,
        "radius": 32,
        "x_axis": 0.15152464992536552,
        "y_axis": -0.15242074988320778,
        "z_axis": 0.976631043675162,
        "angle": 0.5367560935625035
    },
    "35": {
        "frame": 35,
        "x": 691,
        "y": 680,
        "radius": 31,
        "x_axis": 0.16947425395719853,
        "y_axis": -0.1534464678688812,
        "z_axis": 0.9735156181306057,
        "angle": 0.5355000663923395
    },
    "36": {
        "frame": 36,
        "x": 706,
        "y": 669,
        "radius": 30,
        "x_axis": 0.18738288757408958,
        "y_axis": -0.1546999395946488,
        "z_axis": 0.970028650161328,
        "angle": 0.5342440392221754
    },
    "37": {
        "frame": 37,
        "x": 720,
        "y": 659,
        "radius": 30,
        "x_axis": 0.2052915211909806,
        "y_axis": -0.15610917618404152,
        "z_axis": 0.9661704386070985,
        "angle": 0.5329880120520114
    },
    "38": {
        "frame": 38,
        "x": 733,
        "y": 649,
        "radius": 29,
        "x_axis": 0.22320015480787161,
        "y_axis": -0.15758637977477055,
        "z_axis": 0.9619502189839264,
        "angle": 0.5317319848818474
    },
    "39": {
        "frame": 39,
        "x": 745,
        "y": 639,
        "radius": 28,
        "x_axis": 0.24110878842476263,
        "y_axis": -0.15903002947808068,
        "z_axis": 0.957379758438909,
        "angle": 0.5304759577116834
    },
    "40": {
        "frame": 40,
        "x": 757,
        "y": 630,
        "radius": 28,
        "x_axis": 0.2590174220416537,
        "y_axis": -0.16032758924222307,
        "z_axis": 0.9524731173144326,
        "angle": 0.5292199305415194
    },
    "41": {
        "frame": 41,
        "x": 768,
        "y": 621,
        "radius": 27,
        "x_axis": 0.2769260556585447,
        "y_axis": -0.1613586994678701,
        "z_axis": 0.9472461822585712,
        "angle": 0.4742191904050137
    },
    "42": {
        "frame": 42,
        "x": 778,
        "y": 612,
        "radius": 27,
        "x_axis": 0.2948346892754357,
        "y_axis": -0.16199869638583816,
        "z_axis": 0.9417159488769139,
        "angle": 0.48653887671179985
    },
    "43": {
        "frame": 43,
        "x": 788,
        "y": 604,
        "radius": 26,
        "x_axis": 0.31274332289232676,
        "y_axis": -0.16212229614848683,
        "z_axis": 0.9358995539467941,
        "angle": 0.49885856301858605
    },
    "44": {
        "frame": 44,
        "x": 797,
        "y": 596,
        "radius": 26,
        "x_axis": 0.33065195650921775,
        "y_axis": -0.16160728320952913,
        "z_axis": 0.9298130831894448,
        "angle": 0.5111782493253723
    },
    "45": {
        "frame": 45,
        "x": 806,
        "y": 588,
        "radius": 25,
        "x_axis": 0.34856059012610885,
        "y_axis": -0.16033805313247815,
        "z_axis": 0.9234702072772166,
        "angle": 0.5234979356321584
    },
    "46": {
        "frame": 46,
        "x": 814,
        "y": 582,
        "radius": 25,
        "x_axis": 0.36646922374299984,
        "y_axis": -0.1582088764333975,
        "z_axis": 0.9168807225953031,
        "angle": 0.3948394244113916
    },
    "47": {
        "frame": 47,
        "x": 822,
        "y": 575,
        "radius": 25,
        "x_axis": 0.3843778573598909,
        "y_axis": -0.1551267704075167,
        "z_axis": 0.9100490909145248,
        "angle": 0.45186764713384414
    },
    "48": {
        "frame": 48,
        "x": 830,
        "y": 570,
        "radius": 24,
        "x_axis": 0.4022864909767819,
        "y_axis": -0.15101388836402277,
        "z_axis": 0.9029730808273113,
        "angle": 0.3810766282562552
    },
    "49": {
        "frame": 49,
        "x": 837,
        "y": 564,
        "radius": 24,
        "x_axis": 0.42770386855752573,
        "y_axis": -0.145809358976636,
        "z_axis": 0.8920812920668997,
        "angle": 0.3102856093786662
    },
    "50": {
        "frame": 50,
        "x": 844,
        "y": 559,
        "radius": 24,
        "x_axis": 0.45933220577088457,
        "y_axis": -0.13947053169129128,
        "z_axis": 0.8772467700319007,
        "angle": 0.5173490570089573
    },
    "51": {
        "frame": 51,
        "x": 850,
        "y": 555,
        "radius": 23,
        "x_axis": 0.494084089518717,
        "y_axis": -0.1319736068594625,
        "z_axis": 0.8593392110086473,
        "angle": 0.6248532609416432
    },
    "52": {
        "frame": 52,
        "x": 857,
        "y": 551,
        "radius": 23,
        "x_axis": 0.5320070969637533,
        "y_axis": -0.12331365129444069,
        "z_axis": 0.8377124758439692,
        "angle": 0.3067550926573906
    },
    "53": {
        "frame": 53,
        "x": 863,
        "y": 547,
        "radius": 23,
        "x_axis": 0.5730935273707073,
        "y_axis": -0.11350402118075924,
        "z_axis": 0.811591428036052,
        "angle": 0.6282667298916295
    },
    "54": {
        "frame": 54,
        "x": 869,
        "y": 543,
        "radius": 22,
        "x_axis": 0.6172846360851612,
        "y_axis": -0.1025752345381416,
        "z_axis": 0.7800243581534204,
        "angle": 0.555513044526436
    },
    "55": {
        "frame": 55,
        "x": 875,
        "y": 540,
        "radius": 22,
        "x_axis": 0.6644752934624051,
        "y_axis": -0.0905733543974956,
        "z_axis": 0.7418012212521872,
        "angle": 0.4827593591612427
    },
    "56": {
        "frame": 56,
        "x": 880,
        "y": 537,
        "radius": 22,
        "x_axis": 0.7145186554561955,
        "y_axis": -0.07755796089556295,
        "z_axis": 0.6953041447501898,
        "angle": 0.4100056737960493
    },
    "57": {
        "frame": 57,
        "x": 885,
        "y": 533,
        "radius": 21,
        "x_axis": 0.7672305919124814,
        "y_axis": -0.06359980483161025,
        "z_axis": 0.6382102190180008,