{
    "8": {
        "frame": 8,
        "x": 617,
        "y": 762,
        "radius": 77,
        "x_axis": 0.006453075294237556,
        "y_axis": -0.10642221657059252,
        "z_axis": -0.9943000903346277,
        "omega": 0.5143987912077838
    },
    "9": {
        "frame": 9,
        "x": 648,
        "y": 736,
        "radius": 68,
        "x_axis": 0.013917814786192183,
        "y_axis": -0.10277306094667124,
        "z_axis": -0.9946074564245078,
        "omega": 0.5143987912077838
    },
    "11": {
        "frame": 11,
        "x": 706,
        "y": 686,
        "radius": 59,
        "x_axis": 0.023841280211078942,
        "y_axis": -0.09862435222626324,
        "z_axis": -0.9948390977971497,
        "omega": 0.702761115519862
    },
    "12": {
        "frame": 12,
        "x": 731,
        "y": 664,
        "radius": 56,
        "x_axis": 0.03614594872914917,
        "y_axis": -0.09396202127366605,
        "z_axis": -0.9949193982170801,
        "omega": 0.676060215640205
    },
    "13": {
        "frame": 13,
        "x": 755,
        "y": 642,
        "radius": 53,
        "x_axis": 0.05069343061879207,
        "y_axis": -0.08878763679157267,
        "z_axis": -0.994759735637237,
        "omega": 0.6493593157605482
    },
    "14": {
        "frame": 14,
        "x": 778,
        "y": 621,
        "radius": 51,
        "x_axis": 0.06728447889003748,
        "y_axis": -0.08312204100584283,
        "z_axis": -0.9942653193185002,
        "omega": 0.6226584158808912
    },
    "15": {
        "frame": 15,
        "x": 799,
        "y": 601,
        "radius": 49,
        "x_axis": 0.08567343786882575,
        "y_axis": -0.07700336044144489,
        "z_axis": -0.9933431152046414,
        "omega": 0.6431371675205613
    },
    "16": {
        "frame": 16,
        "x": 819,
        "y": 583,
        "radius": 48,
        "x_axis": 0.10557240243830805,
        "y_axis": -0.07048807307914197,
        "z_axis": -0.9919102274888557,
        "omega": 0.6636159191602312
    },
    "18": {
        "frame": 18,
        "x": 854,
        "y": 548,
        "radius": 45,
        "x_axis": 0.1266651023067896,
        "y_axis": -0.06364957718927279,
        "z_axis": -0.9899013502269998,
        "omega": 0.6840946707999013
    },
    "19": {
        "frame": 19,
        "x": 870,
        "y": 532,
        "radius": 44,
        "x_axis": 0.1486212170645264,
        "y_axis": -0.056576138517235454,
        "z_axis": -0.9872744676070264,
        "omega": 0.550508052714764
    },
    "20": {
        "frame": 20,
        "x": 885,
        "y": 517,
        "radius": 43,
        "x_axis": 0.17111189774924732,
        "y_axis": -0.04936804851971972,
        "z_axis": -0.984013980710643,
        "omega": 0.41692143462962666
    },
    "21": {
        "frame": 21,
        "x": 898,
        "y": 502,
        "radius": 42,
        "x_axis": 0.19382565827823242,
        "y_axis": -0.042134133450342816,
        "z_axis": -0.9801307713725748,
        "omega": 0.41720317264870277
    },
    "22": {
        "frame": 22,
        "x": 911,
        "y": 489,
        "radius": 41,
        "x_axis": 0.21648374294785214,
        "y_axis": -0.03498779623785655,
        "z_axis": -0.9756590814181492,
        "omega": 0.4174849106677788
    },
    "24": {
        "frame": 24,
        "x": 934,
        "y": 463,
        "radius": 39,
        "x_axis": 0.23885407230155728,
        "y_axis": -0.028042801907065935,
        "z_axis": -0.9706504692247171,
        "omega": 0.41776664868685487
    },
    "25": {
        "frame": 25,
        "x": 945,
        "y": 451,
        "radius": 38,
        "x_axis": 0.260762920070818,
        "y_axis": -0.02140903076411708,
        "z_axis": -0.9651654536492079,
        "omega": 0.418048386705931
    },
    "26": {
        "frame": 26,
        "x": 955,
        "y": 440,
        "radius": 38,
        "x_axis": 0.28210357613105574,
        "y_axis": -0.01518842116228868,
        "z_axis": -0.9592637198375985,
        "omega": 0.4662229995668274
    },
    "27": {
        "frame": 27,
        "x": 964,
        "y": 430,
        "radius": 37,
        "x_axis": 0.30284139879522487,
        "y_axis": -0.009471306276254126,
        "z_axis": -0.9529939042476467,
        "omega": 0.5143976124277239
    },
    "28": {
        "frame": 28,
        "x": 973,
        "y": 420,
        "radius": 36,
        "x_axis": 0.3230148458857095,
        "y_axis": -0.004333319091325801,
        "z_axis": -0.9463839768735965,
        "omega": 0.5625722252886203
    },
    "29": {
        "frame": 29,
        "x": 981,
        "y": 410,
        "radius": 36,
        "x_axis": 0.34273228741648226,
        "y_axis": 0.00016700014430718908,
        "z_axis": -0.9394331010099748,
        "omega": 0.584158149860693
    },
    "30": {
        "frame": 30,
        "x": 988,
        "y": 401,
        "radius": 35,
        "x_axis": 0.36216463159371953,
        "y_axis": 0.003989805795082583,
        "z_axis": -0.9321056061800631,
        "omega": 0.6057440744327658
    },
    "31": {
        "frame": 31,
        "x": 996,
        "y": 393,
        "radius": 35,
        "x_axis": 0.38153402783308765,
        "y_axis": 0.007114718142451392,
        "z_axis": -0.9243274129826585,
        "omega": 0.6273299990048384
    },
    "32": {
        "frame": 32,
        "x": 1002,
        "y": 384,
        "radius": 34,
        "x_axis": 0.40109913332820524,
        "y_axis": 0.009540771218661703,
        "z_axis": -0.9159849665403443,
        "omega": 0.6489159235769112
    },
    "33": {
        "frame": 33,
        "x": 1009,
        "y": 377,
        "radius": 34,
        "x_axis": 0.42113763180967406,
        "y_axis": 0.011285586905128582,
        "z_axis": -0.9069265298809746,
        "omega": 0.670501848148984
    },
    "34": {
        "frame": 34,
        "x": 1015,
        "y": 369,
        "radius": 33,
        "x_axis": 0.44192686408133286,
        "y_axis": 0.01238386097697441,
        "z_axis": -0.8969655995580555,
        "omega": 0.6091674910023785
    },
    "35": {
        "frame": 35,
        "x": 1021,
        "y": 362,
        "radius": 33,
        "x_axis": 0.46372356077136706,
        "y_axis": 0.012885274529679022,
        "z_axis": -0.8858862392462246,
        "omega": 0.5478331338557731
    },
    "36": {
        "frame": 36,
        "x": 1027,
        "y": 356,
        "radius": 32,
        "x_axis": 0.4867437512705726,
        "y_axis": 0.012851963088730994,
        "z_axis": -0.8734502548192523,
        "omega": 0.4864987767091678
    },
    "37": {
        "frame": 37,
        "x": 1032,
        "y": 349,
        "radius": 32,
        "x_axis": 0.5111439537094137,
        "y_axis": 0.012355685693040219,
        "z_axis": -0.8594063041526769,
        "omega": 0.6776394644292214
    },
    "38": {
        "frame": 38,
        "x": 1038,
        "y": 343,
        "radius": 31,
        "x_axis": 0.5370047257279245,
        "y_axis": 0.011474837937405526,
        "z_axis": -0.8435011871006388,
        "omega": 0.6441294724901617
    },
    "39": {
        "frame": 39,
        "x": 1043,
        "y": 338,
        "radius": 31,
        "x_axis": 0.5643175735628221,
        "y_axis": 0.01029144733734991,
        "z_axis": -0.825493647631447,
        "omega": 0.610619480551102
    },
    "40": {
        "frame": 40,
        "x": 1048,
        "y": 332,
        "radius": 30,
        "x_axis": 0.5929760788100794,
        "y_axis": 0.00888827765990271,
        "z_axis": -0.8051710181565547,
        "omega": 0.5771094886120423
    },
    "41": {
        "frame": 41,
        "x": 1053,
        "y": 327,
        "radius": 30,
        "x_axis": 0.6227719118829014,
        "y_axis": 0.007346152372503181,
        "z_axis": -0.7823689537648051,
        "omega": 0.5435994966729826
    },
    "42": {
        "frame": 42,
        "x": 1057,
        "y": 322,
        "radius": 30,
        "x_axis": 0.6533961652268984,
        "y_axis": 0.005741587435707023,