{
    "44": {
        "frame": 44,
        "x": 806,
        "y": 862,
        "radius": 68,
        "x_axis": 0.08267007053015847,
        "y_axis": -0.34046609146558104,
        "z_axis": 0.936615449371133,
        "omega": 0.2873917863515426
    },
    "45": {
        "frame": 45,
        "x": 822,
        "y": 833,
        "radius": 66,
        "x_axis": 0.1003110307122708,
        "y_axis": -0.3534975550349134,
        "z_axis": 0.9300414913872285,
        "omega": 0.2873917863515426
    },
    "46": {
        "frame": 46,
        "x": 838,
        "y": 805,
        "radius": 65,
        "x_axis": 0.11795199089438313,
        "y_axis": -0.36619553039654007,
        "z_axis": 0.9230320478518869,
        "omega": 0.28792733306519114
    },
    "47": {
        "frame": 47,
        "x": 853,
        "y": 777,
        "radius": 63,
        "x_axis": 0.1355929510764955,
        "y_axis": -0.3783619787447242,
        "z_axis": 0.9156728480514992,
        "omega": 0.2884628797788396
    },
    "48": {
        "frame": 48,
        "x": 866,
        "y": 751,
        "radius": 61,
        "x_axis": 0.15323391125860783,
        "y_axis": -0.38980259160248626,
        "z_axis": 0.908060189646245,
        "omega": 0.30175396267448756
    },
    "49": {
        "frame": 49,
        "x": 879,
        "y": 725,
        "radius": 60,
        "x_axis": 0.17087487144072017,
        "y_axis": -0.4003454557863854,
        "z_axis": 0.9002917828911406,
        "omega": 0.3150450455701355
    },
    "50": {
        "frame": 50,
        "x": 891,
        "y": 701,
        "radius": 58,
        "x_axis": 0.18851583162283247,
        "y_axis": -0.4098331252737279,
        "z_axis": 0.8924676972618789,
        "omega": 0.32833612846578347
    },
    "51": {
        "frame": 51,
        "x": 903,
        "y": 677,
        "radius": 57,
        "x_axis": 0.20615679180494478,
        "y_axis": -0.41813409396488194,
        "z_axis": 0.8846825739534264,
        "omega": 0.3416272113614314
    },
    "52": {
        "frame": 52,
        "x": 914,
        "y": 654,
        "radius": 55,
        "x_axis": 0.22379775198705715,
        "y_axis": -0.42514453936359753,
        "z_axis": 0.8770214859710417,
        "omega": 0.34835360135378507
    },
    "53": {
        "frame": 53,
        "x": 924,
        "y": 632,
        "radius": 54,
        "x_axis": 0.24143871216916948,
        "y_axis": -0.43078651729840184,
        "z_axis": 0.8695575454103119,
        "omega": 0.32501248564907703
    },
    "54": {
        "frame": 54,
        "x": 933,
        "y": 611,
        "radius": 52,
        "x_axis": 0.2590796723512818,
        "y_axis": -0.43501525399429786,
        "z_axis": 0.8623453207193907,
        "omega": 0.2995393636486647
    },
    "55": {
        "frame": 55,
        "x": 942,
        "y": 591,
        "radius": 51,
        "x_axis": 0.2767206325333942,
        "y_axis": -0.4378196330027496,
        "z_axis": 0.8554178280160262,
        "omega": 0.27406624164825233
    },
    "56": {
        "frame": 56,
        "x": 950,
        "y": 571,
        "radius": 49,
        "x_axis": 0.2943615927155065,
        "y_axis": -0.4392139773509944,
        "z_axis": 0.8487887457038474,
        "omega": 0.33552934658127714
    },
    "57": {
        "frame": 57,
        "x": 957,
        "y": 552,
        "radius": 48,
        "x_axis": 0.31200255289761886,
        "y_axis": -0.4392379426296851,
        "z_axis": 0.8424514447372086,
        "omega": 0.31510742349280774
    },
    "60": {
        "frame": 60,
        "x": 977,
        "y": 501,
        "radius": 44,
        "x_axis": 0.3296435130797311,
        "y_axis": -0.4379526405858924,
        "z_axis": 0.8363806782131551,
        "omega": 0.29468550040433833
    },
    "61": {
        "frame": 61,
        "x": 983,
        "y": 485,
        "radius": 43,
        "x_axis": 0.3472844732618435,
        "y_axis": -0.43543606408035607,
        "z_axis": 0.8305353265993277,
        "omega": 0.2742635773158689
    },
    "62": {
        "frame": 62,
        "x": 988,
        "y": 470,
        "radius": 42,
        "x_axis": 0.36492543344395584,
        "y_axis": -0.4317780936056828,
        "z_axis": 0.8248618708050356,
        "omega": 0.2538416542273995
    },
    "63": {
        "frame": 63,
        "x": 993,
        "y": 455,
        "radius": 41,
        "x_axis": 0.38256639362606815,
        "y_axis": -0.4270753781241567,
        "z_axis": 0.8192982215701758,
        "omega": 0.360862849478226
    },
    "64": {
        "frame": 64,
        "x": 997,
        "y": 441,
        "radius": 40,
        "x_axis": 0.4002073538081805,
        "y_axis": -0.42142637583947506,
        "z_axis": 0.8137775394446932,
        "omega": 0.4678840447290525
    },
    "65": {
        "frame": 65,
        "x": 1001,
        "y": 428,
        "radius": 39,
        "x_axis": 0.4178483139902929,
        "y_axis": -0.4149268150478972,
        "z_axis": 0.8082317270744064,
        "omega": 0.42467739827063955
    },
    "66": {
        "frame": 66,
        "x": 1005,
        "y": 416,
        "radius": 38,
        "x_axis": 0.4354892741724052,
        "y_axis": -0.40766579425003285,
        "z_axis": 0.8025943510138117,
        "omega": 0.38147075181222667
    },
    "67": {
        "frame": 67,
        "x": 1009,
        "y": 404,
        "radius": 37,
        "x_axis": 0.4531302343545175,
        "y_axis": -0.3997226882158212,
        "z_axis": 0.7968028383730429,
        "omega": 0.33826410535381374
    },
    "68": {
        "frame": 68,
        "x": 1012,
        "y": 392,
        "radius": 36,
        "x_axis": 0.4707711945366298,
        "y_axis": -0.3911649673778132,
        "z_axis": 0.790799880305295,
        "omega": 0.2950574588954008
    },
    "69": {
        "frame": 69,
        "x": 1015,
        "y": 382,
        "radius": 35,
        "x_axis": 0.48841215471874216,
        "y_axis": -0.3820469767187854,
        "z_axis": 0.7845340494223506,
        "omega": 0.30939246323303565
    },
    "70": {
        "frame": 70,
        "x": 1017,
        "y": 371,
        "radius": 34,
        "x_axis": 0.5060531149008545,
        "y_axis": -0.3724096619037645,
        "z_axis": 0.7779596960125033,
        "omega": 0.29143185107591796
    },
    "71": {
        "frame": 71,
        "x": 1020,
        "y": 361,
        "radius": 34,
        "x_axis": 0.5236940750829668,
        "y_axis": -0.3622811787695719,
        "z_axis": 0.771036226926028,
        "omega": 0.2734712389188002
    },
    "72": {
        "frame": 72,
        "x": 1022,
        "y": 352,
        "radius": 33,
        "x_axis": 0.5413350352650792,
        "y_axis": -0.35167828036676907,
        "z_axis": 0.7637268927521327,
        "omega": 0.2665372447304952
    },
    "73": {
        "frame": 73,
        "x": 1024,
        "y": 343,
        "radius": 32,
        "x_axis": 0.5589759954471916,
        "y_axis": -0.34060834523541206,
        "z_axis": 0.7559972167077175,
        "omega": 0.3567183820944594
    },
    "74": {
        "frame": 74,
        "x": 1025,
        "y": 335,
        "radius": 32,
        "x_axis": 0.5766169556293038,
        "y_axis": -0.3290718918732618,
        "z_axis": 0.747813196232686,
        "omega": 0.44689951945842354
    },
    "75": {
        "frame": 75,
        "x": 1027,
        "y": 327,
        "radius": 31,
        "x_axis": 0.5942579158114162,
        "y_axis": -0.3170654166245836,
        "z_axis": 0.7391393989472832,
        "omega": 0.5370806568223877
    },
    "76": {
        "frame": 76,
        "x": 1028,
        "y": 319,
        "radius": 30,
        "x_axis": 0.6118988759935285,
        "y_axis": -0.3045843937529947,
        "z_axis": 0.7299370607387853,
        "omega": 0.4053922136011503
    },
    "77": {
        "frame": 77,
        "x": 1030,
        "y": 312,
        "radius": 30,
        "x_axis": 0.6295398361756409,
        "y_axis": -0.29162628496601317,
        "z_axis": 0.7201622765633234,