{
    "19": {
        "frame": 19,
        "x": 535,
        "y": 817,
        "radius": 96,
        "x_axis": 0.03110008588113583,
        "y_axis": 0.14867538661435858,
        "z_axis": -0.9883968909670128,
        "angle": 0.5667480380747837
    },
    "20": {
        "frame": 20,
        "x": 566,
        "y": 793,
        "radius": 84,
        "x_axis": 0.007418909081840642,
        "y_axis": 0.1477364372043824,
        "z_axis": -0.9889989408033716,
        "angle": 0.5675683586787624
    },
    "21": {
        "frame": 21,
        "x": 596,
        "y": 769,
        "radius": 76,
        "x_axis": -0.01418447566372372,
        "y_axis": 0.14710454830663702,
        "z_axis": -0.9890192376883503,
        "angle": 0.5683886792827413
    },
    "22": {
        "frame": 22,
        "x": 624,
        "y": 746,
        "radius": 71,
        "x_axis": -0.0335742690599177,
        "y_axis": 0.1468056029671012,
        "z_axis": -0.9885954093533704,
        "angle": 0.56920899988672
    },
    "23": {
        "frame": 23,
        "x": 651,
        "y": 724,
        "radius": 67,
        "x_axis": -0.05064154817813472,
        "y_axis": 0.14686358556283244,
        "z_axis": -0.9878595653400084,
        "angle": 0.5700293204906988
    },
    "24": {
        "frame": 24,
        "x": 677,
        "y": 703,
        "radius": 63,
        "x_axis": -0.065304625017528,
        "y_axis": 0.1472985275206818,
        "z_axis": -0.9869338629014403,
        "angle": 0.5553395772348462
    },
    "25": {
        "frame": 25,
        "x": 702,
        "y": 682,
        "radius": 60,
        "x_axis": -0.07750737174303314,
        "y_axis": 0.14812408979798738,
        "z_axis": -0.9859269046673821,
        "angle": 0.5406498339789937
    },
    "26": {
        "frame": 26,
        "x": 725,
        "y": 662,
        "radius": 58,
        "x_axis": -0.0872155486740019,
        "y_axis": 0.14934488785587716,
        "z_axis": -0.984931242544782,
        "angle": 0.5259600907231411
    },
    "27": {
        "frame": 27,
        "x": 747,
        "y": 643,
        "radius": 56,
        "x_axis": -0.09441133511600665,
        "y_axis": 0.15095370935434793,
        "z_axis": -0.9840220919439645,
        "angle": 0.5112703474672885
    },
    "28": {
        "frame": 28,
        "x": 769,
        "y": 625,
        "radius": 54,
        "x_axis": -0.09908641622106465,
        "y_axis": 0.15292881218304177,
        "z_axis": -0.9832571690685757,
        "angle": 0.49658060421143596
    },
    "29": {
        "frame": 29,
        "x": 789,
        "y": 607,
        "radius": 52,
        "x_axis": -0.1012341064037014,
        "y_axis": 0.15523151564385768,
        "z_axis": -0.9826773795359058,
        "angle": 0.47494656947129754
    },
    "30": {
        "frame": 30,
        "x": 808,
        "y": 590,
        "radius": 50,
        "x_axis": -0.1008410792149667,
        "y_axis": 0.15780430628136313,
        "z_axis": -0.9823079342353999,
        "angle": 0.45331253473115907
    },
    "31": {
        "frame": 31,
        "x": 826,
        "y": 574,
        "radius": 49,
        "x_axis": -0.09787931687077579,
        "y_axis": 0.1605696690335145,
        "z_axis": -0.9821593662514133,
        "angle": 0.43167849999102065
    },
    "32": {
        "frame": 32,
        "x": 844,
        "y": 558,
        "radius": 48,
        "x_axis": -0.09229888678523984,
        "y_axis": 0.16342982294571692,
        "z_axis": -0.9822278801124192,
        "angle": 0.448821321707205
    },
    "33": {
        "frame": 33,
        "x": 860,
        "y": 543,
        "radius": 46,
        "x_axis": -0.08402209971346278,
        "y_axis": 0.16626748975388528,
        "z_axis": -0.9824944827380369,
        "angle": 0.46596414342338943
    },
    "34": {
        "frame": 34,
        "x": 876,
        "y": 528,
        "radius": 45,
        "x_axis": -0.0729395114953782,
        "y_axis": 0.168947756558026,
        "z_axis": -0.9829224197345513,
        "angle": 0.5034820445790319
    },
    "35": {
        "frame": 35,
        "x": 890,
        "y": 514,
        "radius": 44,
        "x_axis": -0.058908108562931195,
        "y_axis": 0.17132101597205102,
        "z_axis": -0.9834525632850026,
        "angle": 0.46135625433516
    },
    "36": {
        "frame": 36,
        "x": 904,
        "y": 501,
        "radius": 43,
        "x_axis": -0.04175187893676205,
        "y_axis": 0.17322688546789097,
        "z_axis": -0.9839965583051316,
        "angle": 0.41923046409128806
    },
    "37": {
        "frame": 37,
        "x": 917,
        "y": 488,
        "radius": 42,
        "x_axis": -0.021264828106259487,
        "y_axis": 0.17449892984085388,
        "z_axis": -0.9844277172906135,
        "angle": 0.45753817373809574
    },
    "39": {
        "frame": 39,
        "x": 941,
        "y": 464,
        "radius": 40,
        "x_axis": 0.002783635970217085,
        "y_axis": 0.17496994443243769,
        "z_axis": -0.9845698400398496,
        "angle": 0.4958458833849035
    },
    "40": {
        "frame": 40,
        "x": 952,
        "y": 453,
        "radius": 39,
        "x_axis": 0.030641144382582038,
        "y_axis": 0.17447750860052003,
        "z_axis": -0.9841842913110741,
        "angle": 0.5341535930317112
    },
    "41": {
        "frame": 41,
        "x": 962,
        "y": 443,
        "radius": 38,
        "x_axis": 0.06256293107477982,
        "y_axis": 0.17286949379377822,
        "z_axis": -0.9829557557544568,
        "angle": 0.5305346289699429
    },
    "42": {
        "frame": 42,
        "x": 971,
        "y": 432,
        "radius": 38,
        "x_axis": 0.09880089423513667,
        "y_axis": 0.1700092109759275,
        "z_axis": -0.9804770530112777,
        "angle": 0.5269156649081745
    },
    "43": {
        "frame": 43,
        "x": 980,
        "y": 423,
        "radius": 37,
        "x_axis": 0.139591591445835,
        "y_axis": 0.16577990791192404,
        "z_axis": -0.9762331738526063,
        "angle": 0.50557887619028
    },
    "44": {
        "frame": 44,
        "x": 988,
        "y": 414,
        "radius": 36,
        "x_axis": 0.1851436505005712,
        "y_axis": 0.16008837521639613,
        "z_axis": -0.9695842102674201,
        "angle": 0.4842420874723854
    },
    "45": {
        "frame": 45,
        "x": 996,
        "y": 405,
        "radius": 35,
        "x_axis": 0.23562511190337793,
        "y_axis": 0.152867486070245,
        "z_axis": -0.9597459759452415,
        "angle": 0.4734700621820175
    },
    "46": {
        "frame": 46,
        "x": 1003,
        "y": 396,
        "radius": 35,
        "x_axis": 0.29115124362284944,
        "y_axis": 0.14407757151682743,
        "z_axis": -0.945765619338471,
        "angle": 0.4626980368916496
    },
    "47": {
        "frame": 47,
        "x": 1010,
        "y": 388,
        "radius": 34,
        "x_axis": 0.3517733833377608,
        "y_axis": 0.13370661383352508,
        "z_axis": -0.926486928236053,
        "angle": 0.4519260116012817
    },
    "48": {
        "frame": 48,
        "x": 1016,
        "y": 381,
        "radius": 34,
        "x_axis": 0.41746936500946263,
        "y_axis": 0.12176931728625513,
        "z_axis": -0.900495176359227,
        "angle": 0.5629283212754985
    },
    "49": {
        "frame": 49,
        "x": 1021,
        "y": 374,
        "radius": 33,
        "x_axis": 0.4881360695916302,
        "y_axis": 0.10830518214622478,
        "z_axis": -0.8660214576348026,
        "angle": 0.5074660559960122
    },
    "50": {
        "frame": 50,
        "x": 1027,
        "y": 367,
        "radius": 32,
        "x_axis": 0.5635845972051388,
        "y_axis": 0.09337575924940218,
        "z_axis": -0.820763893807299,
        "angle": 0.4520037907165261
    },
    "51": {
        "frame": 51,
        "x": 1031,
        "y": 360,
        "radius": 32,
        "x_axis": 0.6435384837045579,
        "y_axis": 0.07706129563084171,
        "z_axis": -0.7615246395927937,