{
    "34": {
        "frame": 34,
        "x": 625,
        "y": 749,
        "radius": 78,
        "x_axis": 0.018978198934483322,
        "y_axis": 0.02857375042284377,
        "z_axis": -0.9994115112164639,
        "angle": 0.44800608382066825
    },
    "35": {
        "frame": 35,
        "x": 654,
        "y": 724,
        "radius": 68,
        "x_axis": 0.004361601550394867,
        "y_axis": 0.030626302424986436,
        "z_axis": -0.9995213884813515,
        "angle": 0.44800608382066825
    },
    "37": {
        "frame": 37,
        "x": 706,
        "y": 679,
        "radius": 59,
        "x_axis": -0.006254802521474599,
        "y_axis": 0.03263439889591773,
        "z_axis": -0.9994477842559457,
        "angle": 0.44800608382066825
    },
    "38": {
        "frame": 38,
        "x": 730,
        "y": 657,
        "radius": 56,
        "x_axis": -0.012599228436619992,
        "y_axis": 0.03454969432063384,
        "z_axis": -0.9993235602472067,
        "angle": 0.44800608382066825
    },
    "39": {
        "frame": 39,
        "x": 752,
        "y": 637,
        "radius": 53,
        "x_axis": -0.014473783835708019,
        "y_axis": 0.03632085341971467,
        "z_axis": -0.9992353602572023,
        "angle": 0.44800608382066825
    },
    "40": {
        "frame": 40,
        "x": 773,
        "y": 618,
        "radius": 51,
        "x_axis": -0.011767891444509676,
        "y_axis": 0.037903956680851864,
        "z_axis": -0.9992120930007234,
        "angle": 0.4908438613125384
    },
    "41": {
        "frame": 41,
        "x": 793,
        "y": 599,
        "radius": 49,
        "x_axis": -0.004469372337981662,
        "y_axis": 0.039234890979728876,
        "z_axis": -0.9992200198358284,
        "angle": 0.45896099473040586
    },
    "42": {
        "frame": 42,
        "x": 811,
        "y": 582,
        "radius": 48,
        "x_axis": 0.007329344924048007,
        "y_axis": 0.04025892417547876,
        "z_axis": -0.9991623990759547,
        "angle": 0.42707812814827334
    },
    "43": {
        "frame": 43,
        "x": 828,
        "y": 565,
        "radius": 46,
        "x_axis": 0.023429988040911894,
        "y_axis": 0.04092765647274541,
        "z_axis": -0.9988873623167187,
        "angle": 0.45242919311929186
    },
    "44": {
        "frame": 44,
        "x": 845,
        "y": 549,
        "radius": 45,
        "x_axis": 0.043525759758884196,
        "y_axis": 0.04119320851310588,
        "z_axis": -0.9982026987590285,
        "angle": 0.47778025809031033
    },
    "45": {
        "frame": 45,
        "x": 860,
        "y": 534,
        "radius": 44,
        "x_axis": 0.06720071580905473,
        "y_axis": 0.04101237412188555,
        "z_axis": -0.9968962077185554,
        "angle": 0.4843208129742868
    },
    "46": {
        "frame": 46,
        "x": 874,
        "y": 519,
        "radius": 43,
        "x_axis": 0.09394517860276265,
        "y_axis": 0.04034962877737928,
        "z_axis": -0.9947593733535879,
        "angle": 0.4224984991872904
    },
    "47": {
        "frame": 47,
        "x": 888,
        "y": 506,
        "radius": 42,
        "x_axis": 0.12317036139777661,
        "y_axis": 0.03917832254581072,
        "z_axis": -0.9916118802816137,
        "angle": 0.36067618540029395
    },
    "49": {
        "frame": 49,
        "x": 912,
        "y": 480,
        "radius": 40,
        "x_axis": 0.15421532974458613,
        "y_axis": 0.03748143013873928,
        "z_axis": -0.9873260730207236,
        "angle": 0.45383844400287443
    },
    "50": {
        "frame": 50,
        "x": 923,
        "y": 468,
        "radius": 39,
        "x_axis": 0.18636702333640937,
        "y_axis": 0.03525278044939452,
        "z_axis": -0.9818475309758196,
        "angle": 0.5470007026054549
    },
    "51": {
        "frame": 51,
        "x": 934,
        "y": 457,
        "radius": 38,
        "x_axis": 0.2188789871029316,
        "y_axis": 0.03249772495403382,
        "z_axis": -0.9752106884553751,
        "angle": 0.5141381432604645
    },
    "52": {
        "frame": 52,
        "x": 944,
        "y": 446,
        "radius": 38,
        "x_axis": 0.2509908236089133,
        "y_axis": 0.029233433920074225,
        "z_axis": -0.9675479382466586,
        "angle": 0.48127558391547404
    },
    "53": {
        "frame": 53,
        "x": 953,
        "y": 436,
        "radius": 37,
        "x_axis": 0.28194744102919916,
        "y_axis": 0.025488795616600116,
        "z_axis": -0.9590912166186809,
        "angle": 0.5410289176394081
    },
    "54": {
        "frame": 54,
        "x": 962,
        "y": 426,
        "radius": 36,
        "x_axis": 0.3110171701920055,
        "y_axis": 0.021303912577917507,
        "z_axis": -0.9501654925088732,
        "angle": 0.38929776420769335
    },
    "55": {
        "frame": 55,
        "x": 970,
        "y": 417,
        "radius": 36,
        "x_axis": 0.337507867908794,
        "y_axis": 0.016729208946170897,
        "z_axis": -0.9411740395206911,
        "angle": 0.40329695005347854
    },
    "56": {
        "frame": 56,
        "x": 978,
        "y": 408,
        "radius": 35,
        "x_axis": 0.36078021043508973,
        "y_axis": 0.011824182736196816,
        "z_axis": -0.932575910294188,
        "angle": 0.41729613589926373
    },
    "57": {
        "frame": 57,
        "x": 985,
        "y": 400,
        "radius": 34,
        "x_axis": 0.3802575076778661,
        "y_axis": 0.006655855198416122,
        "z_axis": -0.924856706439541,
        "angle": 0.431295321745049
    },
    "58": {
        "frame": 58,
        "x": 992,
        "y": 392,
        "radius": 34,
        "x_axis": 0.3996244605629328,
        "y_axis": 0.0012969850436158027,
        "z_axis": -0.9166780287263252,
        "angle": 0.44529450759083417
    },
    "59": {
        "frame": 59,
        "x": 999,
        "y": 384,
        "radius": 33,
        "x_axis": 0.4189914134479995,
        "y_axis": -0.004175872945557371,
        "z_axis": -0.9079805931527337,
        "angle": 0.46274043457223035
    },
    "60": {
        "frame": 60,
        "x": 1005,
        "y": 377,
        "radius": 33,
        "x_axis": 0.4383583663330662,
        "y_axis": -0.009684378267336959,
        "z_axis": -0.8987481045784633,
        "angle": 0.4795600342975289
    },
    "61": {
        "frame": 61,
        "x": 1011,
        "y": 370,
        "radius": 32,
        "x_axis": 0.4577253192181328,
        "y_axis": -0.015150395349695877,
        "z_axis": -0.8889645649110016,
        "angle": 0.4843173737240592
    },
    "62": {
        "frame": 62,
        "x": 1017,
        "y": 363,
        "radius": 32,
        "x_axis": 0.47709227210319954,
        "y_axis": -0.020497879006174457,
        "z_axis": -0.8786141364988699,
        "angle": 0.4159844816331341
    },
    "63": {
        "frame": 63,
        "x": 1023,
        "y": 357,
        "radius": 31,
        "x_axis": 0.4964592249882662,
        "y_axis": -0.02565457730584931,
        "z_axis": -0.8676808633289709,
        "angle": 0.4397247472900916
    },
    "64": {
        "frame": 64,
        "x": 1028,
        "y": 351,
        "radius": 31,
        "x_axis": 0.515826177873333,
        "y_axis": -0.030553486859972948,
        "z_axis": -0.8561482574071422,
        "angle": 0.4939366491449975
    },
    "65": {
        "frame": 65,
        "x": 1033,
        "y": 345,
        "radius": 30,
        "x_axis": 0.5351931307583996,
        "y_axis": -0.0351340113291411,
        "z_axis": -0.8439987642389926,
        "angle": 0.4284591590432069
    },
    "66": {
        "frame": 66,
        "x": 1038,
        "y": 340,
        "radius": 30,
        "x_axis": 0.5545600836434662,
        "y_axis": -0.03934279207473714,
        "z_axis": -0.831213124500038,
        "angle": 0.4139092842389901
    },
    "67": {
        "frame": 67,
        "x": 1043,
        "y": 334,
        "radius": 30,
        "x_axis": 0.5739270365285329,
        "y_axis": -0.04313419912264471,