{
    "8": {
        "frame": 8,
        "x": 617,
        "y": 762,
        "radius": 77,
        "x_axis": 0.009161324787227778,
        "y_axis": 0.10807744976375512,
        "z_axis": -0.9941002640482025,
        "angle": 0.425521375356982
    },
    "9": {
        "frame": 9,
        "x": 648,
        "y": 736,
        "radius": 68,
        "x_axis": 0.02087449921574799,
        "y_axis": 0.11031905972501228,
        "z_axis": -0.9936769899438554,
        "angle": 0.425521375356982
    },
    "11": {
        "frame": 11,
        "x": 706,
        "y": 686,
        "radius": 59,
        "x_axis": 0.035813204241761334,
        "y_axis": 0.11167637351997184,
        "z_axis": -0.993099089718325,
        "angle": 0.425521375356982
    },
    "12": {
        "frame": 12,
        "x": 731,
        "y": 664,
        "radius": 56,
        "x_axis": 0.053699190277244443,
        "y_axis": 0.11207388874674652,
        "z_axis": -0.9922478724717682,
        "angle": 0.425521375356982
    },
    "13": {
        "frame": 13,
        "x": 755,
        "y": 642,
        "radius": 53,
        "x_axis": 0.07416541974983526,
        "y_axis": 0.11146282188644659,
        "z_axis": -0.9909972400821513,
        "angle": 0.425521375356982
    },
    "14": {
        "frame": 14,
        "x": 778,
        "y": 621,
        "radius": 51,
        "x_axis": 0.09677068382082048,
        "y_axis": 0.10982286242894707,
        "z_axis": -0.9892291815553984,
        "angle": 0.4341591785451535
    },
    "15": {
        "frame": 15,
        "x": 799,
        "y": 601,
        "radius": 49,
        "x_axis": 0.12101442428456127,
        "y_axis": 0.10716591385003564,
        "z_axis": -0.9868490137927701,
        "angle": 0.44279698173332505
    },
    "16": {
        "frame": 16,
        "x": 819,
        "y": 583,
        "radius": 48,
        "x_axis": 0.1463633948931221,
        "y_axis": 0.10353130516478695,
        "z_axis": -0.9837982646285954,
        "angle": 0.39806668797808387
    },
    "17": {
        "frame": 17,
        "x": 837,
        "y": 565,
        "radius": 46,
        "x_axis": 0.17227680434890072,
        "y_axis": 0.09898398533663343,
        "z_axis": -0.9800626884695732,
        "angle": 0.35333639422284263
    },
    "18": {
        "frame": 18,
        "x": 854,
        "y": 548,
        "radius": 45,
        "x_axis": 0.198227791250032,
        "y_axis": 0.09361493639503622,
        "z_axis": -0.9756751439182445,
        "angle": 0.4491991380782182
    },
    "19": {
        "frame": 19,
        "x": 870,
        "y": 532,
        "radius": 44,
        "x_axis": 0.22372849301420333,
        "y_axis": 0.08753568858093798,
        "z_axis": -0.9707126581219875,
        "angle": 0.5450618819335937
    },
    "20": {
        "frame": 20,
        "x": 885,
        "y": 517,
        "radius": 43,
        "x_axis": 0.24835137982907113,
        "y_axis": 0.0808735729614211,
        "z_axis": -0.9652880696110618,
        "angle": 0.4476076401992676
    },
    "21": {
        "frame": 21,
        "x": 898,
        "y": 502,
        "radius": 42,
        "x_axis": 0.27174667396967084,
        "y_axis": 0.07376652984319942,
        "z_axis": -0.9595375158175494,
        "angle": 0.44563998591080817
    },
    "22": {
        "frame": 22,
        "x": 911,
        "y": 489,
        "radius": 41,
        "x_axis": 0.2936547342806276,
        "y_axis": 0.06635778668397208,
        "z_axis": -0.9536055480024109,
        "angle": 0.44367233162234876
    },
    "23": {
        "frame": 23,
        "x": 923,
        "y": 475,
        "radius": 40,
        "x_axis": 0.31442959503707973,
        "y_axis": 0.058790701450351236,
        "z_axis": -0.9474585390336581,
        "angle": 0.4417046773338894
    },
    "24": {
        "frame": 24,
        "x": 934,
        "y": 463,
        "radius": 39,
        "x_axis": 0.3352044557935318,
        "y_axis": 0.051204028309272336,
        "z_axis": -0.9407529539156735,
        "angle": 0.43973702304543
    },
    "25": {
        "frame": 25,
        "x": 945,
        "y": 451,
        "radius": 38,
        "x_axis": 0.355979316549984,
        "y_axis": 0.04372780790232952,
        "z_axis": -0.9334701950274916,
        "angle": 0.4377693687569706
    },
    "26": {
        "frame": 26,
        "x": 955,
        "y": 440,
        "radius": 38,
        "x_axis": 0.3767541773064361,
        "y_axis": 0.03648002101453102,
        "z_axis": -0.9255946726018521,
        "angle": 0.42714545040317053
    },
    "27": {
        "frame": 27,
        "x": 964,
        "y": 430,
        "radius": 37,
        "x_axis": 0.3975290380628882,
        "y_axis": 0.02956407910139947,
        "z_axis": -0.9171132040940644,
        "angle": 0.41652153204937054
    },
    "28": {
        "frame": 28,
        "x": 973,
        "y": 420,
        "radius": 36,
        "x_axis": 0.4183038988193404,
        "y_axis": 0.023067164033515133,
        "z_axis": -0.9080141817042231,
        "angle": 0.4058976136955705
    },
    "29": {
        "frame": 29,
        "x": 981,
        "y": 410,
        "radius": 36,
        "x_axis": 0.4390787595757925,
        "y_axis": 0.01705937730617002,
        "z_axis": -0.898286602669387,
        "angle": 0.3883724319190728
    },
    "30": {
        "frame": 30,
        "x": 988,
        "y": 401,
        "radius": 35,
        "x_axis": 0.4598536203322446,
        "y_axis": 0.011593618803738829,
        "z_axis": -0.887919048038931,
        "angle": 0.37084725014257514
    },
    "31": {
        "frame": 31,
        "x": 996,
        "y": 393,
        "radius": 35,
        "x_axis": 0.4806284810886967,
        "y_axis": 0.006706088091214721,
        "z_axis": -0.876898678040334,
        "angle": 0.3751959281585415
    },
    "32": {
        "frame": 32,
        "x": 1002,
        "y": 384,
        "radius": 34,
        "x_axis": 0.5014033418451489,
        "y_axis": 0.0024172865496066907,
        "z_axis": -0.8652102897632771,
        "angle": 0.37954460617450797
    },
    "33": {
        "frame": 33,
        "x": 1009,
        "y": 377,
        "radius": 34,
        "x_axis": 0.522178202601601,
        "y_axis": -0.0012666053429899074,
        "z_axis": -0.8528354591822894,
        "angle": 0.38389328419047436
    },
    "34": {
        "frame": 34,
        "x": 1015,
        "y": 369,
        "radius": 33,
        "x_axis": 0.5429530633580532,
        "y_axis": -0.004352097170056914,
        "z_axis": -0.8397517670361453,
        "angle": 0.429744086764396
    },
    "35": {
        "frame": 35,
        "x": 1021,
        "y": 362,
        "radius": 33,
        "x_axis": 0.5637279241145052,
        "y_axis": -0.006856616165478629,
        "z_axis": -0.8259320882423142,
        "angle": 0.4755948893383176
    },
    "36": {
        "frame": 36,
        "x": 1027,
        "y": 356,
        "radius": 32,
        "x_axis": 0.5845027848709574,
        "y_axis": -0.008806692452793441,
        "z_axis": -0.8113439077519083,
        "angle": 0.4859281130157423
    },
    "37": {
        "frame": 37,
        "x": 1032,
        "y": 349,
        "radius": 32,
        "x_axis": 0.6052776456274096,
        "y_axis": -0.010236186872324438,
        "z_axis": -0.7959486115209039,
        "angle": 0.46904699213376716
    },
    "38": {
        "frame": 38,
        "x": 1038,
        "y": 343,
        "radius": 31,
        "x_axis": 0.6260525063838616,
        "y_axis": -0.01118463145130341,
        "z_axis": -0.7797006882578619,
        "angle": 0.45216587125179203
    },
    "39": {
        "frame": 39,
        "x": 1043,
        "y": 338,
        "radius": 31,
        "x_axis": 0.6468273671403137,
        "y_axis": -0.011695737343812069,
        "z_axis": -0.7625467637111276,
        "angle": 0.46695412380047996
    },
    "40": {
        "frame": 40,
        "x": 1048,
        "y": 332,
        "radius": 30,
        "x_axis": 0.6676022278967659,
        "y_axis": -0.01181610932719312,
        "z_axis": -0.7444243714895707,