{
    "65": {
        "frame": 65,
        "x": 726,
        "y": 895,
        "radius": 72,
        "x_axis": 0.5063805688258611,
        "y_axis": -0.10150463635727536,
        "z_axis": -0.8563150870524089,
        "angle": 0.10783571456294662
    },
    "66": {
        "frame": 66,
        "x": 754,
        "y": 871,
        "radius": 62,
        "x_axis": 0.5142157978921172,
        "y_axis": -0.08169420852863815,
        "z_axis": -0.8537611899653513,
        "angle": 0.10783571456294662
    },
    "67": {
        "frame": 67,
        "x": 782,
        "y": 847,
        "radius": 57,
        "x_axis": 0.5220510269583735,
        "y_axis": -0.06181646405270034,
        "z_axis": -0.8506711762036662,
        "angle": 0.10783571456294662
    },
    "68": {
        "frame": 68,
        "x": 807,
        "y": 825,
        "radius": 53,
        "x_axis": 0.5298862560246296,
        "y_axis": -0.04204949388672544,
        "z_axis": -0.8470256169326114,
        "angle": 0.09387755111293503
    },
    "69": {
        "frame": 69,
        "x": 832,
        "y": 804,
        "radius": 50,
        "x_axis": 0.5377214850908858,
        "y_axis": -0.022576311097768854,
        "z_axis": -0.8428202149028399,
        "angle": 0.07991938766292345
    },
    "70": {
        "frame": 70,
        "x": 854,
        "y": 783,
        "radius": 47,
        "x_axis": 0.545556714157142,
        "y_axis": -0.003578665427494004,
        "z_axis": -0.8380662651555785,
        "angle": 0.06596122421291185
    },
    "71": {
        "frame": 71,
        "x": 876,
        "y": 764,
        "radius": 45,
        "x_axis": 0.5533919432233981,
        "y_axis": 0.014767390189677624,
        "z_axis": -0.8327900583955221,
        "angle": 0.05200306076290026
    },
    "72": {
        "frame": 72,
        "x": 896,
        "y": 745,
        "radius": 43,
        "x_axis": 0.5612271722896544,
        "y_axis": 0.032295043659471105,
        "z_axis": -0.8270314934987611,
        "angle": 0.03620727489447063
    },
    "73": {
        "frame": 73,
        "x": 916,
        "y": 727,
        "radius": 42,
        "x_axis": 0.5690624013559105,
        "y_axis": 0.04885484673964988,
        "z_axis": -0.8208417553420939,
        "angle": 0.038081124077077214
    },
    "74": {
        "frame": 74,
        "x": 934,
        "y": 710,
        "radius": 40,
        "x_axis": 0.5768976304221667,
        "y_axis": 0.06431775194598587,
        "z_axis": -0.8142802655093048,
        "angle": 0.04518333874306976
    },
    "75": {
        "frame": 75,
        "x": 951,
        "y": 694,
        "radius": 39,
        "x_axis": 0.5847328594884229,
        "y_axis": 0.07857888120738736,
        "z_axis": -0.8074111978804156,
        "angle": 0.0522855534090623
    },
    "76": {
        "frame": 76,
        "x": 967,
        "y": 679,
        "radius": 38,
        "x_axis": 0.592568088554679,
        "y_axis": 0.09155996182519396,
        "z_axis": -0.8002998399457687,
        "angle": 0.03125746728095551
    },
    "77": {
        "frame": 77,
        "x": 982,
        "y": 664,
        "radius": 37,
        "x_axis": 0.6004033176209352,
        "y_axis": 0.10321547400395699,
        "z_axis": -0.7930084628274233,
        "angle": 0.03261285835105388
    },
    "78": {
        "frame": 78,
        "x": 996,
        "y": 650,
        "radius": 36,
        "x_axis": 0.6082385466871914,
        "y_axis": 0.11352754428826273,
        "z_axis": -0.7855936398747955,
        "angle": 0.033968249421152244
    },
    "79": {
        "frame": 79,
        "x": 1009,
        "y": 637,
        "radius": 35,
        "x_axis": 0.6160737757534475,
        "y_axis": 0.12250814193408327,
        "z_axis": -0.7781033723026456,
        "angle": 0.03532364049125061
    },
    "80": {
        "frame": 80,
        "x": 1022,
        "y": 624,
        "radius": 34,
        "x_axis": 0.6239090048197037,
        "y_axis": 0.13019266433943058,
        "z_axis": -0.7705760337936077,
        "angle": 0.11439858988079686
    },
    "81": {
        "frame": 81,
        "x": 1034,
        "y": 612,
        "radius": 33,
        "x_axis": 0.6317442338859599,
        "y_axis": 0.13664813622774222,
        "z_axis": -0.7630376857123939,
        "angle": 0.034053315190139724
    },
    "82": {
        "frame": 82,
        "x": 1045,
        "y": 601,
        "radius": 32,
        "x_axis": 0.639579462952216,
        "y_axis": 0.14196161634605203,
        "z_axis": -0.755503150260918,
        "angle": 0.026907522762175052
    },
    "83": {
        "frame": 83,
        "x": 1055,
        "y": 590,
        "radius": 31,
        "x_axis": 0.6474146920184722,
        "y_axis": 0.14623774790293229,
        "z_axis": -0.7479764285369594,
        "angle": 0.03223207657580789
    },
    "84": {
        "frame": 84,
        "x": 1065,
        "y": 580,
        "radius": 31,
        "x_axis": 0.6552499210847283,
        "y_axis": 0.1495937433795115,
        "z_axis": -0.7404520597987165,
        "angle": 0.03755663038944074
    },
    "85": {
        "frame": 85,
        "x": 1074,
        "y": 570,
        "radius": 30,
        "x_axis": 0.6630851501509846,
        "y_axis": 0.15215432226903763,
        "z_axis": -0.7329168751393954,
        "angle": 0.04831070955289281
    },
    "86": {
        "frame": 86,
        "x": 1083,
        "y": 560,
        "radius": 29,
        "x_axis": 0.6709203792172408,
        "y_axis": 0.15404567620402518,
        "z_axis": -0.725352172667759,
        "angle": 0.026670238751474715
    },
    "87": {
        "frame": 87,
        "x": 1091,
        "y": 551,
        "radius": 29,
        "x_axis": 0.6787556082834969,
        "y_axis": 0.15539041789038924,
        "z_axis": -0.7177357746772487,
        "angle": 0.05265532475351032
    },
    "88": {
        "frame": 88,
        "x": 1099,
        "y": 543,
        "radius": 28,
        "x_axis": 0.686590837349753,
        "y_axis": 0.1563026456482533,
        "z_axis": -0.7100440162628804,
        "angle": 0.06373940292155668
    },
    "89": {
        "frame": 89,
        "x": 1106,
        "y": 535,
        "radius": 28,
        "x_axis": 0.6944260664160092,
        "y_axis": 0.15688366440134985,
        "z_axis": -0.7022534828151392,
        "angle": 0.0367375303617242
    },
    "90": {
        "frame": 90,
        "x": 1113,
        "y": 527,
        "radius": 27,
        "x_axis": 0.7022612954822655,
        "y_axis": 0.15721853181759077,
        "z_axis": -0.6943424271356976,
        "angle": 0.05260428521117535
    },
    "91": {
        "frame": 91,
        "x": 1120,
        "y": 519,
        "radius": 27,
        "x_axis": 0.7100965245485217,
        "y_axis": 0.15737357019331324,
        "z_axis": -0.6862918367784372,
        "angle": 0.022144021115538627
    },
    "92": {
        "frame": 92,
        "x": 1126,
        "y": 512,
        "radius": 26,
        "x_axis": 0.7179317536147778,
        "y_axis": 0.15739493023810863,
        "z_axis": -0.6780861546197141,
        "angle": 0.03559126713764324
    },
    "93": {
        "frame": 93,
        "x": 1132,
        "y": 505,
        "radius": 26,
        "x_axis": 0.725766982681034,
        "y_axis": 0.15730823528620608,
        "z_axis": -0.6697136746111784,
        "angle": 0.02112902533040937
    },
    "94": {
        "frame": 94,
        "x": 1138,
        "y": 499,
        "radius": 25,
        "x_axis": 0.73360221174729,
        "y_axis": 0.15711927706917592,
        "z_axis": -0.6611666413943944,
        "angle": 0.042029147892493894
    },
    "95": {
        "frame": 95,
        "x": 1143,
        "y": 493,
        "radius": 25,
        "x_axis": 0.7414374408135462,
        "y_axis": 0.15681568029364656,
        "z_axis": -0.6524410806915057,
        "angle": 0.035707160214455344
    },
    "96": {
        "frame": 96,
        "x": 1148,
        "y": 487,
        "radius": 24,
        "x_axis": 0.7492726698798025,
        "y_axis": 0.15636940578570221,