{
    "88": {
        "frame": 88,
        "x": 969,
        "y": 658,
        "radius": 40,
        "x_axis": 0.18967527481372534,
        "y_axis": 0.5844525575222422,
        "z_axis": -0.7889477157138158,
        "angle": 0.3372301686697055
    },
    "89": {
        "frame": 89,
        "x": 984,
        "y": 644,
        "radius": 35,
        "x_axis": 0.21485608395061398,
        "y_axis": 0.5459435877557524,
        "z_axis": -0.8098039652766488,
        "angle": 0.3372301686697055
    },
    "90": {
        "frame": 90,
        "x": 998,
        "y": 629,
        "radius": 33,
        "x_axis": 0.2416657702402229,
        "y_axis": 0.5083928217867526,
        "z_axis": -0.826519445778442,
        "angle": 0.3372301686697055
    },
    "91": {
        "frame": 91,
        "x": 1011,
        "y": 614,
        "radius": 31,
        "x_axis": 0.27001181024880067,
        "y_axis": 0.4720037909551147,
        "z_axis": -0.8392294344517273,
        "angle": 0.33587433631349906
    },
    "92": {
        "frame": 92,
        "x": 1024,
        "y": 599,
        "radius": 30,
        "x_axis": 0.2997712129921611,
        "y_axis": 0.4369614150503042,
        "z_axis": -0.8480577466295819,
        "angle": 0.33451850395729266
    },
    "93": {
        "frame": 93,
        "x": 1036,
        "y": 583,
        "radius": 29,
        "x_axis": 0.330793996087441,
        "y_axis": 0.40342605147932775,
        "z_axis": -0.8531252857232055,
        "angle": 0.3331626716010862
    },
    "94": {
        "frame": 94,
        "x": 1047,
        "y": 568,
        "radius": 28,
        "x_axis": 0.36290763360895273,
        "y_axis": 0.3715284285836822,
        "z_axis": -0.8545552505382492,
        "angle": 0.33180683924487975
    },
    "95": {
        "frame": 95,
        "x": 1057,
        "y": 554,
        "radius": 27,
        "x_axis": 0.3959222046135613,
        "y_axis": 0.3413656988405688,
        "z_axis": -0.8524758457276238,
        "angle": 0.3304510068886733
    },
    "96": {
        "frame": 96,
        "x": 1067,
        "y": 539,
        "radius": 26,
        "x_axis": 0.42963594214424916,
        "y_axis": 0.3129987878713372,
        "z_axis": -0.8470210835681111,
        "angle": 0.3290951745324669
    },
    "97": {
        "frame": 97,
        "x": 1076,
        "y": 526,
        "radius": 25,
        "x_axis": 0.46384088076880914,
        "y_axis": 0.28645114626340973,
        "z_axis": -0.8383301128624654,
        "angle": 0.32773934217626044
    },
    "98": {
        "frame": 98,
        "x": 1085,
        "y": 513,
        "radius": 25,
        "x_axis": 0.49832832507873637,
        "y_axis": 0.26170893781527377,
        "z_axis": -0.8265454084875328,
        "angle": 0.326383509820054
    },
    "99": {
        "frame": 99,
        "x": 1093,
        "y": 500,
        "radius": 24,
        "x_axis": 0.5328939077573825,
        "y_axis": 0.23872262459533372,
        "z_axis": -0.8118100711258648,
        "angle": 0.32502767746384753
    },
    "100": {
        "frame": 100,
        "x": 1100,
        "y": 488,
        "radius": 24,
        "x_axis": 0.567342067113306,
        "y_axis": 0.21740984052125545,
        "z_axis": -0.7942644019016106,
        "angle": 0.32367184510764113
    },
    "101": {
        "frame": 101,
        "x": 1107,
        "y": 477,
        "radius": 23,
        "x_axis": 0.6014898421819889,
        "y_axis": 0.1976593848073513,
        "z_axis": -0.7740418188634679,
        "angle": 0.3223160127514347
    },
    "102": {
        "frame": 102,
        "x": 1113,
        "y": 467,
        "radius": 23,
        "x_axis": 0.6351699501066889,
        "y_axis": 0.1793361176328961,
        "z_axis": -0.7512640623601174,
        "angle": 0.3181563261363063
    },
    "103": {
        "frame": 103,
        "x": 1119,
        "y": 457,
        "radius": 23,
        "x_axis": 0.6682331678168635,
        "y_axis": 0.1622865049367756,
        "z_axis": -0.7260354838056096,
        "angle": 0.3139966395211779
    },
    "104": {
        "frame": 104,
        "x": 1125,
        "y": 448,
        "radius": 22,
        "x_axis": 0.7005500821607479,
        "y_axis": 0.14634453863225294,
        "z_axis": -0.6984360088061629,
        "angle": 0.30983695290604946
    },
    "105": {
        "frame": 105,
        "x": 1130,
        "y": 440,
        "radius": 22,
        "x_axis": 0.7320122962958391,
        "y_axis": 0.13133775316931404,
        "z_axis": -0.6685120736861294,
        "angle": 0.30567726629092107
    },
    "106": {
        "frame": 106,
        "x": 1135,
        "y": 432,
        "radius": 21,
        "x_axis": 0.7625331848472914,
        "y_axis": 0.11709306883164919,
        "z_axis": -0.6362643752704007,
        "angle": 0.3015175796757927
    },
    "107": {
        "frame": 107,
        "x": 1140,
        "y": 425,
        "radius": 21,
        "x_axis": 0.7920482784236644,
        "y_axis": 0.10344221526615006,
        "z_axis": -0.6016304785721388,
        "angle": 0.2973578930606643
    },
    "108": {
        "frame": 108,
        "x": 1144,
        "y": 419,
        "radius": 21,
        "x_axis": 0.8205153341019331,
        "y_axis": 0.09022652366413629,
        "z_axis": -0.5644588212890983,
        "angle": 0.29319820644553585
    },
    "109": {
        "frame": 109,
        "x": 1148,
        "y": 413,
        "radius": 21,
        "x_axis": 0.8479141184679226,
        "y_axis": 0.077300920342554,
        "z_axis": -0.5244675542080366,
        "angle": 0.28903851983040746
    },
    "110": {
        "frame": 110,
        "x": 1152,
        "y": 407,
        "radius": 20,
        "x_axis": 0.8742459001831879,
        "y_axis": 0.06453700536676196,
        "z_axis": -0.4811746886019442,
        "angle": 0.28487883321527907
    },
    "111": {
        "frame": 111,
        "x": 1156,
        "y": 402,
        "radius": 20,
        "x_axis": 0.8995326257505363,
        "y_axis": 0.05182515417390915,
        "z_axis": -0.4337686118257016,
        "angle": 0.28487883321527907
    },
    "112": {
        "frame": 112,
        "x": 1160,
        "y": 396,
        "radius": 20,
        "x_axis": 0.9246494693129022,
        "y_axis": 0.03907563462790476,
        "z_axis": -0.3788092576453154,
        "angle": 0.28487883321527907
    },
    "113": {
        "frame": 113,
        "x": 1163,
        "y": 391,
        "radius": 20,
        "x_axis": 0.949766312875268,
        "y_axis": 0.026218783354906263,
        "z_axis": -0.3118597863250517,
        "angle": 0.28487883321527907
    },
    "114": {
        "frame": 114,
        "x": 1167,
        "y": 385,
        "radius": 19,
        "x_axis": 0.9748831564376339,
        "y_axis": 0.01320433062696033,
        "z_axis": -0.22232516040000913,
        "angle": 0.28487883321527907
    },
    "115": {
        "frame": 115,
        "x": 1171,
        "y": 379,
        "radius": 19,
        "x_axis": 1.0,
        "y_axis": 0.0,
        "z_axis": -0.0,
        "angle": 0.28487883321527907
    }
}