{
    "54": {
        "frame": 54,
        "x": 1177,
        "y": 824,
        "radius": 125,
        "x_axis": 0.34384852898906815,
        "y_axis": 0.196110732859175,
        "z_axis": -0.9183184467108843,
        "angle": 0.07272727814798126
    },
    "55": {
        "frame": 55,
        "x": 1202,
        "y": 801,
        "radius": 111,
        "x_axis": 0.37628531461084413,
        "y_axis": 0.2075952190547024,
        "z_axis": -0.9029471673546843,
        "angle": 0.07272727814798126
    },
    "56": {
        "frame": 56,
        "x": 1226,
        "y": 780,
        "radius": 103,
        "x_axis": 0.40377611523725293,
        "y_axis": 0.2175611425888767,
        "z_axis": -0.888612400318235,
        "angle": 0.07272727814798126
    },
    "57": {
        "frame": 57,
        "x": 1248,
        "y": 760,
        "radius": 98,
        "x_axis": 0.4265109672007897,
        "y_axis": 0.22582144646987817,
        "z_axis": -0.8758384949131311,
        "angle": 0.20040145184801025
    },
    "58": {
        "frame": 58,
        "x": 1269,
        "y": 741,
        "radius": 93,
        "x_axis": 0.44476771978015045,
        "y_axis": 0.2322262793289598,
        "z_axis": -0.865015971315324,
        "angle": 0.19741294479047733
    },
    "59": {
        "frame": 59,
        "x": 1288,
        "y": 722,
        "radius": 90,
        "x_axis": 0.45890545044688597,
        "y_axis": 0.2366676375147047,
        "z_axis": -0.8563843861861034,
        "angle": 0.19442443773294443
    },
    "60": {
        "frame": 60,
        "x": 1306,
        "y": 705,
        "radius": 87,
        "x_axis": 0.46935599931044475,
        "y_axis": 0.239082274945319,
        "z_axis": -0.8500262417821374,
        "angle": 0.19143593067541154
    },
    "61": {
        "frame": 61,
        "x": 1323,
        "y": 688,
        "radius": 84,
        "x_axis": 0.47661428177678244,
        "y_axis": 0.2394527915959262,
        "z_axis": -0.8458730324364998,
        "angle": 0.1884474236178786
    },
    "62": {
        "frame": 62,
        "x": 1339,
        "y": 672,
        "radius": 82,
        "x_axis": 0.48122802535987963,
        "y_axis": 0.23780692058882094,
        "z_axis": -0.8437223809573225,
        "angle": 0.13510763904046041
    },
    "63": {
        "frame": 63,
        "x": 1354,
        "y": 657,
        "radius": 80,
        "x_axis": 0.4837874965039288,
        "y_axis": 0.23421513516946985,
        "z_axis": -0.8432632617895837,
        "angle": 0.08176785446304223
    },
    "64": {
        "frame": 64,
        "x": 1367,
        "y": 643,
        "radius": 78,
        "x_axis": 0.48491565028725486,
        "y_axis": 0.2287867829687717,
        "z_axis": -0.8441051001180415,
        "angle": 0.1534495257545695
    },
    "65": {
        "frame": 65,
        "x": 1380,
        "y": 630,
        "radius": 76,
        "x_axis": 0.48525897038624777,
        "y_axis": 0.22166502051871556,
        "z_axis": -0.845806331460173,
        "angle": 0.16873648146537626
    },
    "66": {
        "frame": 66,
        "x": 1392,
        "y": 617,
        "radius": 75,
        "x_axis": 0.48547909245111653,
        "y_axis": 0.21302086311440074,
        "z_axis": -0.8478986747665289,
        "angle": 0.06879813423671849
    },
    "67": {
        "frame": 67,
        "x": 1403,
        "y": 605,
        "radius": 73,
        "x_axis": 0.4862451448631902,
        "y_axis": 0.20304668342635013,
        "z_axis": -0.8499045260772147,
        "angle": 0.07017025081807993
    },
    "68": {
        "frame": 68,
        "x": 1413,
        "y": 593,
        "radius": 72,
        "x_axis": 0.488226617192266,
        "y_axis": 0.191949488625816,
        "z_axis": -0.8513460894849311,
        "angle": 0.07154236739944136
    },
    "69": {
        "frame": 69,
        "x": 1423,
        "y": 583,
        "radius": 71,
        "x_axis": 0.4920864930180291,
        "y_axis": 0.17994428374849414,
        "z_axis": -0.851745817797457,
        "angle": 0.0729144839808028
    },
    "70": {
        "frame": 70,
        "x": 1432,
        "y": 573,
        "radius": 69,
        "x_axis": 0.4984743668075858,
        "y_axis": 0.1672477931347376,
        "z_axis": -0.8506182935531874,
        "angle": 0.07428660056216423
    },
    "71": {
        "frame": 71,
        "x": 1440,
        "y": 563,
        "radius": 68,
        "x_axis": 0.5080193026057483,
        "y_axis": 0.15407276684230578,
        "z_axis": -0.8474538162622938,
        "angle": 0.07565871714352566
    },
    "72": {
        "frame": 72,
        "x": 1448,
        "y": 554,
        "radius": 67,
        "x_axis": 0.521322276115871,
        "y_axis": 0.14062304931939418,
        "z_axis": -0.841693674934939,
        "angle": 0.0770308337248871
    },
    "73": {
        "frame": 73,
        "x": 1455,
        "y": 545,
        "radius": 66,
        "x_axis": 0.5389481561999447,
        "y_axis": 0.12708953686008942,
        "z_axis": -0.8326963039123976,
        "angle": 0.0858103832761036
    },
    "74": {
        "frame": 74,
        "x": 1462,
        "y": 537,
        "radius": 65,
        "x_axis": 0.5599050581908563,
        "y_axis": 0.11364710084139361,
        "z_axis": -0.8207256924713883,
        "angle": 0.09458993282732009
    },
    "75": {
        "frame": 75,
        "x": 1468,
        "y": 530,
        "radius": 64,
        "x_axis": 0.580861960181768,
        "y_axis": 0.10045250677787616,
        "z_axis": -0.8077800920398045,
        "angle": 0.10336948237853658
    },
    "76": {
        "frame": 76,
        "x": 1474,
        "y": 522,
        "radius": 63,
        "x_axis": 0.6018188621726795,
        "y_axis": 0.08764331530834955,
        "z_axis": -0.7938089861011542,
        "angle": 0.11214903192975308
    },
    "77": {
        "frame": 77,
        "x": 1480,
        "y": 515,
        "radius": 63,
        "x_axis": 0.622775764163591,
        "y_axis": 0.07533771038690262,
        "z_axis": -0.77876477640178,
        "angle": 0.11686567957879561
    },
    "78": {
        "frame": 78,
        "x": 1485,
        "y": 509,
        "radius": 62,
        "x_axis": 0.6437326661545028,
        "y_axis": 0.06363516222246202,
        "z_axis": -0.76260003976825,
        "angle": 0.12261322005787784
    },
    "79": {
        "frame": 79,
        "x": 1490,
        "y": 503,
        "radius": 61,
        "x_axis": 0.6646895681454144,
        "y_axis": 0.05261779831021913,
        "z_axis": -0.7452644801006202,
        "angle": 0.12836076053696008
    },
    "80": {
        "frame": 80,
        "x": 1495,
        "y": 497,
        "radius": 60,
        "x_axis": 0.6856464701363258,
        "y_axis": 0.042352326255770456,
        "z_axis": -0.7267015883086546,
        "angle": 0.1341083010160423
    },
    "81": {
        "frame": 81,
        "x": 1499,
        "y": 491,
        "radius": 60,
        "x_axis": 0.7066033721272376,
        "y_axis": 0.03289232869467452,
        "z_axis": -0.706844940005556,
        "angle": 0.13985584149512453
    },
    "82": {
        "frame": 82,
        "x": 1504,
        "y": 486,
        "radius": 59,
        "x_axis": 0.7275602741181492,
        "y_axis": 0.024280735619405195,
        "z_axis": -0.6856139536232502,
        "angle": 0.14560338197420677
    },
    "83": {
        "frame": 83,
        "x": 1508,
        "y": 481,
        "radius": 58,
        "x_axis": 0.7485171761090608,
        "y_axis": 0.01655227511958164,
        "z_axis": -0.662908786529552,
        "angle": 0.151350922453289
    },
    "84": {
        "frame": 84,
        "x": 1512,
        "y": 476,
        "radius": 58,
        "x_axis": 0.7694740780999723,
        "y_axis": 0.009735711832113343,
        "z_axis": -0.638603835759949,
        "angle": 0.15709846293237123
    },
    "85": {
        "frame": 85,
        "x": 1515,
        "y": 471,
        "radius": 57,
        "x_axis": 0.790430980090884,
        "y_axis": 0.0038557043320065452,