{
    "9": {
        "frame": 9,
        "x": 475,
        "y": 800,
        "radius": 65,
        "x_axis": 0.0006173983329416086,
        "y_axis": 0.02155182118684722,
        "z_axis": -0.9997675418930286,
        "omega": 0.2593143520764868
    },
    "10": {
        "frame": 10,
        "x": 506,
        "y": 776,
        "radius": 64,
        "x_axis": -0.0007286259389471605,
        "y_axis": 0.01666253245093853,
        "z_axis": -0.9998609048845557,
        "omega": 0.2593143520764868
    },
    "12": {
        "frame": 12,
        "x": 564,
        "y": 729,
        "radius": 60,
        "x_axis": -0.0020746502108359294,
        "y_axis": 0.011899955632121893,
        "z_axis": -0.9999270407797042,
        "omega": 0.26259408131211415
    },
    "13": {
        "frame": 13,
        "x": 591,
        "y": 707,
        "radius": 59,
        "x_axis": -0.003420674482724699,
        "y_axis": 0.007302347104666293,
        "z_axis": -0.99996748682787,
        "omega": 0.26587381054774145
    },
    "14": {
        "frame": 14,
        "x": 616,
        "y": 686,
        "radius": 57,
        "x_axis": -0.004766698754613468,
        "y_axis": 0.0028977795371885415,
        "z_axis": -0.999984440607321,
        "omega": 0.2691535397833688
    },
    "15": {
        "frame": 15,
        "x": 640,
        "y": 666,
        "radius": 56,
        "x_axis": -0.006112723026502237,
        "y_axis": -0.0013002591014469355,
        "z_axis": -0.9999804717810595,
        "omega": 0.2552763207828015
    },
    "16": {
        "frame": 16,
        "x": 663,
        "y": 646,
        "radius": 55,
        "x_axis": -0.007458747298391005,
        "y_axis": -0.005293929300795625,
        "z_axis": -0.9999581698257667,
        "omega": 0.25994606622967165
    },
    "17": {
        "frame": 17,
        "x": 684,
        "y": 627,
        "radius": 53,
        "x_axis": -0.008804771570279774,
        "y_axis": -0.0091016215399083,
        "z_axis": -0.9999198150266547,
        "omega": 0.2646158116765418
    },
    "18": {
        "frame": 18,
        "x": 705,
        "y": 608,
        "radius": 52,
        "x_axis": -0.010150795842168544,
        "y_axis": -0.012758142550394954,
        "z_axis": -0.9998670867382496,
        "omega": 0.266995340949958
    },
    "19": {
        "frame": 19,
        "x": 724,
        "y": 591,
        "radius": 51,
        "x_axis": -0.011496820114057312,
        "y_axis": -0.016313820277407447,
        "z_axis": -0.9998008213615457,
        "omega": 0.2980243797480218
    },
    "20": {
        "frame": 20,
        "x": 743,
        "y": 574,
        "radius": 49,
        "x_axis": -0.012842844385946083,
        "y_axis": -0.019832713321462466,
        "z_axis": -0.9997208234454192,
        "omega": 0.32905341854608555
    },
    "21": {
        "frame": 21,
        "x": 760,
        "y": 557,
        "radius": 48,
        "x_axis": -0.013729787425875255,
        "y_axis": -0.023389278234246233,
        "z_axis": -0.9996321496435182,
        "omega": 0.36008245734414934
    },
    "22": {
        "frame": 22,
        "x": 776,
        "y": 541,
        "radius": 47,
        "x_axis": -0.014410582462122774,
        "y_axis": -0.027067087627444194,
        "z_axis": -0.9995297433695861,
        "omega": 0.4444327444407827
    },
    "23": {
        "frame": 23,
        "x": 792,
        "y": 526,
        "radius": 46,
        "x_axis": -0.014974848408372082,
        "y_axis": -0.0309500850644197,
        "z_axis": -0.9994087482855307,
        "omega": 0.24260607276395588
    },
    "24": {
        "frame": 24,
        "x": 807,
        "y": 511,
        "radius": 45,
        "x_axis": -0.015460600614928917,
        "y_axis": -0.03512444658785236,
        "z_axis": -0.9992633502138076,
        "omega": 0.25234109822422485
    },
    "25": {
        "frame": 25,
        "x": 821,
        "y": 497,
        "radius": 44,
        "x_axis": -0.015915379076698023,
        "y_axis": -0.0396817449943668,
        "z_axis": -0.999085611858687,
        "omega": 0.26207612368449384
    },
    "26": {
        "frame": 26,
        "x": 834,
        "y": 483,
        "radius": 43,
        "x_axis": -0.016405460771207143,
        "y_axis": -0.04469338581012304,
        "z_axis": -0.9988660381260902,
        "omega": 0.2510975849110486
    },
    "27": {
        "frame": 27,
        "x": 846,
        "y": 470,
        "radius": 42,
        "x_axis": -0.01700999894194516,
        "y_axis": -0.05022484507461118,
        "z_axis": -0.9985930727144197,
        "omega": 0.26833160272475165
    },
    "28": {
        "frame": 28,
        "x": 858,
        "y": 457,
        "radius": 41,
        "x_axis": -0.017820929387625417,
        "y_axis": -0.05632822870642017,
        "z_axis": -0.9982532469902408,
        "omega": 0.1875085224651838
    },
    "29": {
        "frame": 29,
        "x": 869,
        "y": 445,
        "radius": 40,
        "x_axis": -0.0188368695988673,
        "y_axis": -0.06304018979226238,
        "z_axis": -0.997833205909019,
        "omega": 0.26984449257596627
    },
    "30": {
        "frame": 30,
        "x": 880,
        "y": 433,
        "radius": 39,
        "x_axis": -0.01985280981010918,
        "y_axis": -0.07038148864386487,
        "z_axis": -0.9973225716882763,
        "omega": 0.22301085109315366
    },
    "31": {
        "frame": 31,
        "x": 890,
        "y": 422,
        "radius": 38,
        "x_axis": -0.020868750021351058,
        "y_axis": -0.078354452303219,
        "z_axis": -0.9967071159958721,
        "omega": 0.24602837267519903
    },
    "32": {
        "frame": 32,
        "x": 900,
        "y": 411,
        "radius": 37,
        "x_axis": -0.021884690232592943,
        "y_axis": -0.0869439105032401,
        "z_axis": -0.9959727992067996,
        "omega": 0.23717214475546938
    },
    "33": {
        "frame": 33,
        "x": 909,
        "y": 400,
        "radius": 37,
        "x_axis": -0.022900630443834825,
        "y_axis": -0.09611739507438709,
        "z_axis": -0.9951065307239166,
        "omega": 0.2618980812707306
    },
    "34": {
        "frame": 34,
        "x": 917,
        "y": 390,
        "radius": 36,
        "x_axis": -0.023916570655076703,
        "y_axis": -0.10582556023236359,
        "z_axis": -0.9940970518262324,
        "omega": 0.28662401778599184
    },
    "35": {
        "frame": 35,
        "x": 925,
        "y": 380,
        "radius": 35,
        "x_axis": -0.024932510866318584,
        "y_axis": -0.11600282369179211,
        "z_axis": -0.9929359066915809,
        "omega": 0.272683751675225
    },
    "36": {
        "frame": 36,
        "x": 933,
        "y": 371,
        "radius": 34,
        "x_axis": -0.025948451077560462,
        "y_axis": -0.12657172929143481,
        "z_axis": -0.9916180087265717,
        "omega": 0.25874348556445814
    },
    "37": {
        "frame": 37,
        "x": 940,
        "y": 362,
        "radius": 34,
        "x_axis": -0.026964391288802347,
        "y_axis": -0.137439244197372,
        "z_axis": -0.9901431087256425,
        "omega": 0.24480321945369132
    },
    "38": {
        "frame": 38,
        "x": 947,
        "y": 354,
        "radius": 33,
        "x_axis": -0.02798033150004423,
        "y_axis": -0.14850367902649408,
        "z_axis": -0.9885159373347219,
        "omega": 0.2511575501421809
    },
    "39": {
        "frame": 39,
        "x": 954,
        "y": 345,
        "radius": 32,
        "x_axis": -0.028996271711286107,
        "y_axis": -0.1596507682091478,
        "z_axis": -0.9867476113156161,
        "omega": 0.2575118808306704
    },
    "40": {
        "frame": 40,
        "x": 960,
        "y": 337,
        "radius": 32,
        "x_axis": -0.030012211922527992,
        "y_axis": -0.17076059082037373,
        "z_axis": -0.984855363877455,
        "omega": 0.259339170522104
    },
    "41": {
        "frame": 41,
        "x": 966,
        "y": 330,
        "radius": 31,