{
    "42": {
        "frame": 42,
        "x": 871,
        "y": 945,
        "radius": 64,
        "x_axis": 0.44513114327091424,
        "y_axis": -0.12909496081429583,
        "z_axis": -0.8861110293765021,
        "angle": 0.43892593970904337
    },
    "43": {
        "frame": 43,
        "x": 893,
        "y": 915,
        "radius": 61,
        "x_axis": 0.4761162091541151,
        "y_axis": -0.13655109821989492,
        "z_axis": -0.8687158067835853,
        "angle": 0.41404009635559647
    },
    "44": {
        "frame": 44,
        "x": 913,
        "y": 887,
        "radius": 58,
        "x_axis": 0.5053045138152871,
        "y_axis": -0.1429938274160491,
        "z_axis": -0.8510112300309588,
        "angle": 0.3891542530021496
    },
    "46": {
        "frame": 46,
        "x": 951,
        "y": 834,
        "radius": 53,
        "x_axis": 0.532986683779053,
        "y_axis": -0.14821854882606303,
        "z_axis": -0.833040489230928,
        "angle": 0.3642684096487028
    },
    "48": {
        "frame": 48,
        "x": 983,
        "y": 787,
        "radius": 49,
        "x_axis": 0.5595269154315881,
        "y_axis": -0.15203007275159103,
        "z_axis": -0.8147493405255131,
        "angle": 0.33938256629525587
    },
    "49": {
        "frame": 49,
        "x": 998,
        "y": 766,
        "radius": 47,
        "x_axis": 0.5853549203444549,
        "y_axis": -0.15424734047454655,
        "z_axis": -0.7959694561885312,
        "angle": 0.31449672294180897
    },
    "51": {
        "frame": 51,
        "x": 1026,
        "y": 726,
        "radius": 43,
        "x_axis": 0.6109539608439244,
        "y_axis": -0.15470773703066545,
        "z_axis": -0.776402456096045,
        "angle": 0.2896108795883621
    },
    "52": {
        "frame": 52,
        "x": 1038,
        "y": 708,
        "radius": 41,
        "x_axis": 0.6368453585191683,
        "y_axis": -0.1532708665878489,
        "z_axis": -0.7556030907745163,
        "angle": 0.2973212885497964
    },
    "53": {
        "frame": 53,
        "x": 1049,
        "y": 690,
        "radius": 40,
        "x_axis": 0.6635701197856881,
        "y_axis": -0.1498216890225494,
        "z_axis": -0.7329584965235331,
        "angle": 0.30503169751123066
    },
    "54": {
        "frame": 54,
        "x": 1060,
        "y": 674,
        "radius": 38,
        "x_axis": 0.6916685545224223,
        "y_axis": -0.14427294344375485,
        "z_axis": -0.7076580590051512,
        "angle": 0.32928128512517396
    },
    "55": {
        "frame": 55,
        "x": 1070,
        "y": 658,
        "radius": 37,
        "x_axis": 0.7216589452035265,
        "y_axis": -0.13656680942999808,
        "z_axis": -0.6786441433990602,
        "angle": 0.34648848767026763
    },
    "57": {
        "frame": 57,
        "x": 1088,
        "y": 630,
        "radius": 35,
        "x_axis": 0.7540164370697585,
        "y_axis": -0.1266757789309461,
        "z_axis": -0.6445249876155811,
        "angle": 0.36369569021536124
    },
    "59": {
        "frame": 59,
        "x": 1104,
        "y": 604,
        "radius": 33,
        "x_axis": 0.789153352078648,
        "y_axis": -0.11460273135916604,
        "z_axis": -0.6034096459852563,
        "angle": 0.32303557688401197
    },
    "60": {
        "frame": 60,
        "x": 1112,
        "y": 593,
        "radius": 32,
        "x_axis": 0.82429446006554,
        "y_axis": -0.1003802222659763,
        "z_axis": -0.5571915775414172,
        "angle": 0.2823754635526627
    },
    "61": {
        "frame": 61,
        "x": 1118,
        "y": 582,
        "radius": 31,
        "x_axis": 0.8594355680524319,
        "y_axis": -0.08406901340460059,
        "z_axis": -0.5042845480000063,
        "angle": 0.24171535022131344
    },
    "66": {
        "frame": 66,
        "x": 1147,
        "y": 534,
        "radius": 28,
        "x_axis": 0.8945766760393239,
        "y_axis": -0.06575589011547707,
        "z_axis": -0.44205060072525165,
        "angle": 0.2873183089987311
    },
    "95": {
        "frame": 95,
        "x": 1222,
        "y": 393,
        "radius": 19,
        "x_axis": 0.929717784026216,
        "y_axis": -0.04555083155761697,
        "z_axis": -0.36544488477716053,
        "angle": 0.2873183089987311
    },
    "96": {
        "frame": 96,
        "x": 1222,
        "y": 390,
        "radius": 19,
        "x_axis": 0.9648588920131078,
        "y_axis": -0.023583620365972106,
        "z_axis": -0.2617081033397164,
        "angle": 0.2873183089987311
    },
    "97": {
        "frame": 97,
        "x": 1222,
        "y": 388,
        "radius": 19,
        "x_axis": 1.0,
        "y_axis": -0.0,
        "z_axis": -0.0,
        "angle": 0.2873183089987311
    }
}