{
    "6": {
        "frame": 6,
        "x": 993,
        "y": 766,
        "radius": 49,
        "x_axis": 0.6673887197233906,
        "y_axis": -0.0008468186458105402,
        "z_axis": -0.7447090570713872,
        "angle": 0.1700738006447388
    },
    "7": {
        "frame": 7,
        "x": 1009,
        "y": 747,
        "radius": 49,
        "x_axis": 0.6763782137849207,
        "y_axis": 0.01730144860422844,
        "z_axis": -0.7363512557151752,
        "angle": 0.1700738006447388
    },
    "8": {
        "frame": 8,
        "x": 1024,
        "y": 729,
        "radius": 48,
        "x_axis": 0.6853677078464506,
        "y_axis": 0.034937402872348006,
        "z_axis": -0.7273585655794792,
        "angle": 0.1700738006447388
    },
    "9": {
        "frame": 9,
        "x": 1039,
        "y": 711,
        "radius": 47,
        "x_axis": 0.6943572019079806,
        "y_axis": 0.05185195575471875,
        "z_axis": -0.7177600231574134,
        "angle": 0.1703021151896678
    },
    "10": {
        "frame": 10,
        "x": 1054,
        "y": 694,
        "radius": 46,
        "x_axis": 0.7033466959695106,
        "y_axis": 0.06785137542404039,
        "z_axis": -0.7076013115602873,
        "angle": 0.1705304297345968
    },
    "11": {
        "frame": 11,
        "x": 1068,
        "y": 677,
        "radius": 45,
        "x_axis": 0.7123361900310405,
        "y_axis": 0.08276503906705823,
        "z_axis": -0.6969412462182804,
        "angle": 0.17075874427952584
    },
    "12": {
        "frame": 12,
        "x": 1081,
        "y": 661,
        "radius": 44,
        "x_axis": 0.7213256840925706,
        "y_axis": 0.09645219173608124,
        "z_axis": -0.6858470909595602,
        "angle": 0.1738998681194477
    },
    "13": {
        "frame": 13,
        "x": 1094,
        "y": 645,
        "radius": 44,
        "x_axis": 0.7303151781541006,
        "y_axis": 0.1088072426508629,
        "z_axis": -0.6743891491597863,
        "angle": 0.17704099195936956
    },
    "15": {
        "frame": 15,
        "x": 1118,
        "y": 615,
        "radius": 42,
        "x_axis": 0.7393046722156305,
        "y_axis": 0.11976320905958018,
        "z_axis": -0.6626351751875919,
        "angle": 0.18018211579929144
    },
    "16": {
        "frame": 16,
        "x": 1129,
        "y": 600,
        "radius": 41,
        "x_axis": 0.7482941662771605,
        "y_axis": 0.12929303130391417,
        "z_axis": -0.6506451819323757,
        "angle": 0.1833232396392133
    },
    "17": {
        "frame": 17,
        "x": 1140,
        "y": 586,
        "radius": 41,
        "x_axis": 0.7572836603386905,
        "y_axis": 0.13740862277828253,
        "z_axis": -0.6384671707850063,
        "angle": 0.21280683139733367
    },
    "21": {
        "frame": 21,
        "x": 1180,
        "y": 534,
        "radius": 38,
        "x_axis": 0.7662731544002205,
        "y_axis": 0.1441576743146983,
        "z_axis": -0.626134185124653,
        "angle": 0.21353643250539459
    },
    "22": {
        "frame": 22,
        "x": 1189,
        "y": 522,
        "radius": 37,
        "x_axis": 0.7752626484617505,
        "y_axis": 0.14961839164899593,
        "z_axis": -0.6136629064726333,
        "angle": 0.2142660336134555
    },
    "23": {
        "frame": 23,
        "x": 1198,
        "y": 510,
        "radius": 37,
        "x_axis": 0.7842521425232805,
        "y_axis": 0.1538924938831971,
        "z_axis": -0.6010538056397733,
        "angle": 0.21499563472151645
    },
    "24": {
        "frame": 24,
        "x": 1206,
        "y": 499,
        "radius": 36,
        "x_axis": 0.7932416365848104,
        "y_axis": 0.15709692771990819,
        "z_axis": -0.5882926663568206,
        "angle": 0.21572523582957737
    },
    "25": {
        "frame": 25,
        "x": 1214,
        "y": 488,
        "radius": 36,
        "x_axis": 0.8022311306463404,
        "y_axis": 0.159354845987405,
        "z_axis": -0.5753531490156499,
        "angle": 0.21645483693763828
    },
    "27": {
        "frame": 27,
        "x": 1229,
        "y": 467,
        "radius": 34,
        "x_axis": 0.8112206247078705,
        "y_axis": 0.16078645170521158,
        "z_axis": -0.5621999777629132,
        "angle": 0.1620150149917707
    },
    "29": {
        "frame": 29,
        "x": 1244,
        "y": 447,
        "radius": 33,
        "x_axis": 0.8202101187694004,
        "y_axis": 0.16150031632111347,
        "z_axis": -0.54879231854725,
        "angle": 0.16782766915146236
    },
    "33": {
        "frame": 33,
        "x": 1269,
        "y": 410,
        "radius": 31,
        "x_axis": 0.8291996128309304,
        "y_axis": 0.16158574236818626,
        "z_axis": -0.535086955498223,
        "angle": 0.18695887336412081
    },
    "36": {
        "frame": 36,
        "x": 1286,
        "y": 386,
        "radius": 30,
        "x_axis": 0.8381891068924603,
        "y_axis": 0.16110666013999475,
        "z_axis": -0.5210409438281755,
        "angle": 0.22016561414842514
    },
    "37": {
        "frame": 37,
        "x": 1291,
        "y": 378,
        "radius": 30,
        "x_axis": 0.8471786009539903,
        "y_axis": 0.16009743207993463,
        "z_axis": -0.5066134920499555,
        "angle": 0.25337235493272947
    },
    "39": {
        "frame": 39,
        "x": 1301,
        "y": 364,
        "radius": 29,
        "x_axis": 0.8561680950155204,
        "y_axis": 0.1585607972565613,
        "z_axis": -0.491766882425869,
        "angle": 0.20501672469696688
    },
    "40": {
        "frame": 40,
        "x": 1306,
        "y": 357,
        "radius": 28,
        "x_axis": 0.8651575890770504,
        "y_axis": 0.15646803324976477,
        "z_axis": -0.47646626389843805,
        "angle": 0.21052215142809586
    },
    "42": {
        "frame": 42,
        "x": 1315,
        "y": 343,
        "radius": 28,
        "x_axis": 0.8741470831385804,
        "y_axis": 0.1537612564915288,
        "z_axis": -0.46067814474148666,
        "angle": 0.21602757815922483
    },
    "43": {
        "frame": 43,
        "x": 1320,
        "y": 337,
        "radius": 27,
        "x_axis": 0.8831365772001104,
        "y_axis": 0.1503576367615357,
        "z_axis": -0.44436737850427266,
        "angle": 0.22153300489035377
    },
    "47": {
        "frame": 47,
        "x": 1336,
        "y": 312,
        "radius": 26,
        "x_axis": 0.8921260712616402,
        "y_axis": 0.14615517795722915,
        "z_axis": -0.427492382308225,
        "angle": 0.22703843162148274
    },
    "51": {
        "frame": 51,
        "x": 1350,
        "y": 291,
        "radius": 25,
        "x_axis": 0.9011155653231703,
        "y_axis": 0.1410396240560323,
        "z_axis": -0.4099982467992227,
        "angle": 0.2325438583526117
    },
    "52": {
        "frame": 52,
        "x": 1353,
        "y": 285,
        "radius": 24,
        "x_axis": 0.9101050593847003,
        "y_axis": 0.13489199214367043,
        "z_axis": -0.3918072629978712,
        "angle": 0.23804928508374068
    },
    "56": {
        "frame": 56,
        "x": 1364,
        "y": 266,
        "radius": 23,
        "x_axis": 0.9190945534462303,
        "y_axis": 0.12759621609129693,
        "z_axis": -0.37280612584111,
        "angle": 0.28050194080073143
    },
    "57": {
        "frame": 57,
        "x": 1367,
        "y": 261,
        "radius": 23,
        "x_axis": 0.9280840475077601,
        "y_axis": 0.11904640427986353,
        "z_axis": -0.35282850563644813,
        "angle": 0.2741804907252722
    },
    "58": {
        "frame": 58,
        "x": 1369,
        "y": 257,
        "radius": 23,
        "x_axis": 0.9370735415692901,
        "y_axis": 0.1091532690354889,
        "z_axis": -0.33163042916724944,
        "angle": 0.2678590406498129
    },
    "59": {
        "frame": 59,
        "x": 1372,
        "y": 252,
        "radius": 23,
        "x_axis": 0.9460630356308202,
        "y_axis": 0.09784936796007994,
        "z_axis": -0.3088530942095454,