{
    "65": {
        "frame": 65,
        "x": 727,
        "y": 900,
        "radius": 58,
        "x_axis": 0.4781317674918266,
        "y_axis": -0.2554546443332177,
        "z_axis": -0.8403171648870033,
        "angle": 0.3044590897703327
    },
    "66": {
        "frame": 66,
        "x": 756,
        "y": 875,
        "radius": 56,
        "x_axis": 0.5588580575500091,
        "y_axis": -0.23305561888015106,
        "z_axis": -0.7958409074807732,
        "angle": 0.3044590897703327
    },
    "67": {
        "frame": 67,
        "x": 783,
        "y": 851,
        "radius": 54,
        "x_axis": 0.6334819714696809,
        "y_axis": -0.2116126351718396,
        "z_axis": -0.7442584796013522,
        "angle": 0.27563866791823716
    },
    "68": {
        "frame": 68,
        "x": 809,
        "y": 828,
        "radius": 52,
        "x_axis": 0.7015551321549567,
        "y_axis": -0.19114709702229551,
        "z_axis": -0.6865006801504209,
        "angle": 0.24681824606614158
    },
    "69": {
        "frame": 69,
        "x": 833,
        "y": 806,
        "radius": 50,
        "x_axis": 0.7627184467363904,
        "y_axis": -0.1716523266907744,
        "z_axis": -0.6235351231082911,
        "angle": 0.217997824214046
    },
    "70": {
        "frame": 70,
        "x": 856,
        "y": 785,
        "radius": 48,
        "x_axis": 0.8167206940065738,
        "y_axis": -0.15309457028728649,
        "z_axis": -0.5563536290256149,
        "angle": 0.23020426071295363
    },
    "71": {
        "frame": 71,
        "x": 877,
        "y": 765,
        "radius": 46,
        "x_axis": 0.8634337080821216,
        "y_axis": -0.13541549862791094,
        "z_axis": -0.48594739888069355,
        "angle": 0.23350063011134703
    },
    "72": {
        "frame": 72,
        "x": 898,
        "y": 746,
        "radius": 45,
        "x_axis": 0.9028631202316219,
        "y_axis": -0.11853600275127175,
        "z_axis": -0.41326432483021136,
        "angle": 0.23679699950974045
    },
    "73": {
        "frame": 73,
        "x": 917,
        "y": 728,
        "radius": 43,
        "x_axis": 0.9351538503877576,
        "y_axis": -0.10236098536573064,
        "z_axis": -0.3391305129001344,
        "angle": 0.2336158453958542
    },
    "74": {
        "frame": 74,
        "x": 935,
        "y": 711,
        "radius": 42,
        "x_axis": 0.96058984050973,
        "y_axis": -0.08678478032933222,
        "z_axis": -0.2640749140162335,
        "angle": 0.23043469128196797
    },
    "75": {
        "frame": 75,
        "x": 952,
        "y": 695,
        "radius": 40,
        "x_axis": 0.9795878712465773,
        "y_axis": -0.0716967981200931,
        "z_axis": -0.18779555811021098,
        "angle": 0.22725353716808172
    },
    "79": {
        "frame": 79,
        "x": 1010,
        "y": 637,
        "radius": 36,
        "x_axis": 0.9926856735528239,
        "y_axis": -0.05698699838933525,
        "z_axis": -0.10643136538422417,
        "angle": 0.22407238305419547
    },
    "80": {
        "frame": 80,
        "x": 1022,
        "y": 624,
        "radius": 35,
        "x_axis": 1.0005249077314309,
        "y_axis": -0.042550829206868694,
        "z_axis": -0.0,
        "angle": 0.22407238305419547
    },
    "87": {
        "frame": 87,
        "x": 1091,
        "y": 551,
        "radius": 29,
        "x_axis": 1.003829904010973,
        "y_axis": -0.02829334082837476,
        "z_axis": -0.0,
        "angle": 0.22407238305419547
    },
    "114": {
        "frame": 114,
        "x": 1216,
        "y": 410,
        "radius": 18,
        "x_axis": 1.003383314896262,
        "y_axis": -0.014132271138616504,
        "z_axis": -0.0,
        "angle": 0.22407238305419547
    },
    "124": {
        "frame": 124,
        "x": 1230,
        "y": 381,
        "radius": 19,
        "x_axis": 1.0,
        "y_axis": -0.0,
        "z_axis": -0.0,
        "angle": 0.22407238305419547
    }
}