{
    "88": {
        "frame": 88,
        "x": 968,
        "y": 655,
        "radius": 37,
        "x_axis": 0.2033838296806444,
        "y_axis": 0.6053797707195832,
        "z_axis": -0.7695130609859325,
        "angle": 0.3311163017853604
    },
    "89": {
        "frame": 89,
        "x": 983,
        "y": 640,
        "radius": 35,
        "x_axis": 0.22938245427349818,
        "y_axis": 0.5650265568038446,
        "z_axis": -0.7925456957033192,
        "angle": 0.31640280833641976
    },
    "90": {
        "frame": 90,
        "x": 997,
        "y": 625,
        "radius": 33,
        "x_axis": 0.25677851195775614,
        "y_axis": 0.5255550173082616,
        "z_axis": -0.8110836699002597,
        "angle": 0.30168931488747913
    },
    "91": {
        "frame": 91,
        "x": 1010,
        "y": 609,
        "radius": 32,
        "x_axis": 0.2854136867760949,
        "y_axis": 0.4871298640837649,
        "z_axis": -0.8253747772488628,
        "angle": 0.21568061583439316
    },
    "92": {
        "frame": 92,
        "x": 1023,
        "y": 594,
        "radius": 30,
        "x_axis": 0.3151052701512385,
        "y_axis": 0.44989793473606376,
        "z_axis": -0.8356437740108758,
        "angle": 0.24118994112198802
    },
    "93": {
        "frame": 93,
        "x": 1035,
        "y": 580,
        "radius": 29,
        "x_axis": 0.3456529625083063,
        "y_axis": 0.41398485938995955,
        "z_axis": -0.8421048424662495,
        "angle": 0.2666992664095829
    },
    "94": {
        "frame": 94,
        "x": 1046,
        "y": 565,
        "radius": 28,
        "x_axis": 0.37684658401903104,
        "y_axis": 0.3794927915469025,
        "z_axis": -0.8449685634845396,
        "angle": 0.2922085916971778
    },
    "95": {
        "frame": 95,
        "x": 1056,
        "y": 551,
        "radius": 28,
        "x_axis": 0.40847428249491496,
        "y_axis": 0.3464993164211392,
        "z_axis": -0.844444778691862,
        "angle": 0.26421416007889925
    },
    "96": {
        "frame": 96,
        "x": 1066,
        "y": 537,
        "radius": 27,
        "x_axis": 0.4403307936927195,
        "y_axis": 0.31505757917536337,
        "z_axis": -0.8407422398869343,
        "angle": 0.23621972846062075
    },
    "97": {
        "frame": 97,
        "x": 1076,
        "y": 524,
        "radius": 26,
        "x_axis": 0.47222530695002285,
        "y_axis": 0.28519760040152076,
        "z_axis": -0.8340656977727661,
        "angle": 0.3143584056026827
    },
    "98": {
        "frame": 98,
        "x": 1084,
        "y": 512,
        "radius": 26,
        "x_axis": 0.5039885165682306,
        "y_axis": 0.2569286717743668,
        "z_axis": -0.8246109584450197,
        "angle": 0.2729975962600444
    },
    "99": {
        "frame": 99,
        "x": 1092,
        "y": 500,
        "radius": 25,
        "x_axis": 0.5354784937420936,
        "y_axis": 0.23024265590285575,
        "z_axis": -0.8125583684526901,
        "angle": 0.2316367869174061
    },
    "100": {
        "frame": 100,
        "x": 1100,
        "y": 488,
        "radius": 25,
        "x_axis": 0.5665850901838104,
        "y_axis": 0.20511795570614585,
        "z_axis": -0.7980651350787947,
        "angle": 0.24244586773413535
    },
    "101": {
        "frame": 101,
        "x": 1107,
        "y": 477,
        "radius": 24,
        "x_axis": 0.5972326766343538,
        "y_axis": 0.1815238743981533,
        "z_axis": -0.7812568162797998,
        "angle": 0.2532549485508646
    },
    "102": {
        "frame": 102,
        "x": 1114,
        "y": 467,
        "radius": 24,
        "x_axis": 0.6273811202255871,
        "y_axis": 0.15942506091289177,
        "z_axis": -0.7622181970652552,
        "angle": 0.24684079405438017
    },
    "103": {
        "frame": 103,
        "x": 1120,
        "y": 458,
        "radius": 23,
        "x_axis": 0.6570250071263779,
        "y_axis": 0.1387857298797988,
        "z_axis": -0.740983576870847,
        "angle": 0.24042663955789573
    },
    "104": {
        "frame": 104,
        "x": 1126,
        "y": 449,
        "radius": 23,
        "x_axis": 0.6861912145347742,
        "y_axis": 0.11957336133200808,
        "z_axis": -0.7175261865291445,
        "angle": 0.20231796723383977
    },
    "105": {
        "frame": 105,
        "x": 1131,
        "y": 440,
        "radius": 22,
        "x_axis": 0.7149350232244875,
        "y_axis": 0.1017616229687906,
        "z_axis": -0.691745968298883,
        "angle": 0.27234711452855603
    },
    "106": {
        "frame": 106,
        "x": 1136,
        "y": 433,
        "radius": 22,
        "x_axis": 0.7433350340285416,
        "y_axis": 0.08533231511083829,
        "z_axis": -0.6634541605744978,
        "angle": 0.2497137800859494
    },
    "107": {
        "frame": 107,
        "x": 1141,
        "y": 425,
        "radius": 21,
        "x_axis": 0.7714872056226708,
        "y_axis": 0.07027621191309452,
        "z_axis": -0.6323517578054707,
        "angle": 0.2270804456433428
    },
    "108": {
        "frame": 108,
        "x": 1145,
        "y": 419,
        "radius": 21,
        "x_axis": 0.7994983647979906,
        "y_axis": 0.05659275680305978,
        "z_axis": -0.5979963415964756,
        "angle": 0.20444711120073616
    },
    "109": {
        "frame": 109,
        "x": 1149,
        "y": 412,
        "radius": 20,
        "x_axis": 0.8274795533217509,
        "y_axis": 0.044288659103783344,
        "z_axis": -0.55974646359689,
        "angle": 0.2419191831533277
    },
    "110": {
        "frame": 110,
        "x": 1153,
        "y": 406,
        "radius": 20,
        "x_axis": 0.8555395677989773,
        "y_axis": 0.03337552521262847,
        "z_axis": -0.5166605483749658,
        "angle": 0.24725058908578668
    },
    "111": {
        "frame": 111,
        "x": 1157,
        "y": 401,
        "radius": 19,
        "x_axis": 0.8837790219664814,
        "y_axis": 0.023866734219251947,
        "z_axis": -0.46729543046094213,
        "angle": 0.2005345543951393
    },
    "112": {
        "frame": 112,
        "x": 1160,
        "y": 395,
        "radius": 19,
        "x_axis": 0.9122852167510969,
        "y_axis": 0.015773827699385727,
        "z_axis": -0.4092515970122954,
        "angle": 0.2005345543951393
    },
    "113": {
        "frame": 113,
        "x": 1163,
        "y": 390,
        "radius": 18,
        "x_axis": 0.9411280451672195,
        "y_axis": 0.009102721135022607,
        "z_axis": -0.3379277187027813,
        "angle": 0.2005345543951393
    },
    "114": {
        "frame": 114,
        "x": 1167,
        "y": 384,
        "radius": 18,
        "x_axis": 0.9703570903584676,
        "y_axis": 0.0038500564187642153,
        "z_axis": -0.24164497564944543,
        "angle": 0.2005345543951393
    },
    "115": {
        "frame": 115,
        "x": 1170,
        "y": 379,
        "radius": 18,
        "x_axis": 1.0,
        "y_axis": 0.0,
        "z_axis": -0.0,
        "angle": 0.2005345543951393
    }
}